종목코드,종목명,제목,링크,발행일,출처,감성,키워드
000660,SK하이닉스,[공시] 주요사항보고서(자기주식취득결정),https://dart.fss.or.kr/dsaf001/main.do?rcpNo=20260819000254,20260819,DART,2,자사주 취득 — 유통 물량이 줄어든다
000660,SK하이닉스,[공시] 현금ㆍ현물배당결정,https://dart.fss.or.kr/dsaf001/main.do?rcpNo=20260807800589,20260807,DART,1,배당 결정
000660,SK하이닉스,실적은 ‘신기록’ 주가는 ‘제자리’…이유는?,https://news.google.com/rss/articles/CBMiW0FVX3lxTFBXOW1NSi04UWVFYVg0NUtHdGI2NzF1d2YteDlhMS1lQjlfWHJ6MWM4TmpFLVFvMmpDZkRqc3Jfd1k4Y3ppNk1rZHZVSlhYZkF0RUJ2VFhnUkEtZTA?oc=5,2026-10-08 23:11,KBS 뉴스,0,
000660,SK하이닉스,"마이크론 현 주가보다 3배 높은 목표주가 나와, 삼성전자와 SK하이닉스에도 청신호",https://news.google.com/rss/articles/CBMic0FVX3lxTE8xd3RkaVdydHlYNy1EcHhCMzVXSHdhbmFzd2ExQXVsV1d1X01hMlhOdHJKTHVQUjB3NEs4YXlpSF9fNWhjR0tyTGkydDdKeDFLT3FpdmI1Wk5zX2RXS1ZybTNESlNFeDFIRm5MaWhfc2JtTkE?oc=5,2026-10-08 10:33,비즈니스포스트,0,
000660,SK하이닉스,"‘영업익 100조 시대’ 연 삼전... 주가는 하락, 대체 무슨 일?",https://news.google.com/rss/articles/CBMigAFBVV95cUxOTmw3Z3ZmZ19rMDhYZ3RlTjY4Y1Nka0U4UWdyVTFsZWRQbW9uLXQyeDNGLVJXcW5uZjlHUjJubFZTTnJzdVVUd05FTHZQcVpTQTM2VXZ0TGVXcDk4eWs3ZFdVZWtVS3EwT0R2VmNINlJ0RWlkT0Q5VHQ5bVFjZG10Zw?oc=5,2026-10-08 09:21,조선일보,-1,-하락
000660,SK하이닉스,"""AI 슈퍼사이클 올라탄 대만, 韓 제치고 세계 1위 등극""… 삼전·하이닉스 주가 급락에 희비 엇갈려",https://news.google.com/rss/articles/CBMiiAFBVV95cUxQUmFYTjVwRHdvTGhxWVNWdXRZYUpxOEZVNDlMQzhiUkJ1SFVtc3BWZzZmZ3JFWUVBNHJYcnJhOGQ2cml2VVpmZ2tfWDhpd1N6YmtsWkVrZ3BsMlFtNHVmMDU1TFktbkZORVhzVUx0VGlrN0Q4MjZKeGFTRmc4SHUyTkNlYXhUNVZw?oc=5,2026-10-08 06:45,글로벌이코노믹,-2,-급락
000660,SK하이닉스,오늘 SK하이닉스 ADR 주식 하락하는 이유는?,https://news.google.com/rss/articles/CBMid0FVX3lxTE1la2UxSlhmQjhTcmxENkNFb3pQWmRyOFU4cUtnTGRmX2lzRnFKaUVKU1pRMlpobXRnU2ZBTm1xV0dBNk1ZdVV1MS1WLUo5TS10WWYyTFJaaWNIa205UTk4ZHZkRkJGeTRIeTYyQXltZ1A2OHBOMEJF?oc=5,2026-10-08 01:12,Investing.com 한국어,-1,-하락
000660,SK하이닉스,"""SK스퀘어, 주주환원 강화…목표주가 150만원으로 상향""[클릭e종목]",https://news.google.com/rss/articles/CBMiT0FVX3lxTFBnSGJHTlkwWnh0Q1U0WkdpUW5lZlBrWkJDZkxoZ2NBTUZyTkg5MjJnV25yRmltOFFMRG5RX2cwOTZnR0FNaVpGUmZWTmhqYW8?oc=5,2026-10-07 07:16,Daum,0,
000660,SK하이닉스,글로벌 반도체 업황 기대감에도 삼성전자·SK하이닉스 주가 정체된 이유,https://news.google.com/rss/articles/CBMiYEFVX3lxTE1WelNFZkE1UzgtcG40SW9EaGR6djJpZlRtQ2NxN3FGNDJ0NEZJaU41SjBmT3lueXgzVE43UHAwdzNCWDRIdEVTeERIYUhsMk93aUZma2VacDNoLS02NlUzZA?oc=5,2026-10-06 17:20,뉴시스,0,
000660,SK하이닉스,"삼성전자·SK하이닉스, 3분기 실적 발표 앞두고 주가 하락 By Investing.com",https://news.google.com/rss/articles/CBMicEFVX3lxTFBoRXo4SUQ5ZnYtLUN5NDJzdXBPdGc2VGdmT042bVpmejR3RWF0TUdxMzFzSGpob01CUUFwZ3YwTktIZElEeVNUZnF6dHp3X2lvU25paURETHpxbXo3eDhvX3l2bUFGNlMtaThqd1VadGk?oc=5,2026-10-06 14:52,Investing.com 한국어,-1,-하락
000660,SK하이닉스,"주가는 빠지는데 목표가 310만원…SK하이닉스, 무엇을 믿었나",https://news.google.com/rss/articles/CBMiWkFVX3lxTFBuVmw0NEFZRERKblJVb0JLSjNVRXAwby1ZaHQzOHB3Yk43TU5pcnB3WUlFZ0o2bjFqZVMwY2Vfbm13aEtEem51RTlKWXdOV3d4QUh6aGktNi1fUQ?oc=5,2026-10-06 11:10,fnnews.com,0,
000660,SK하이닉스,엔비디아 사상 최고가에도 SK하이닉스는 하락…왜?,https://news.google.com/rss/articles/CBMiWkFVX3lxTE4zeUhjektCeW45eFJ1SHFMMElWMXVqYzZCazFDSG0xelZjV0pMVmhibVl4d0xXaFBTNEs4WjlGaGgweW9kaVlFQ29ZWHo3OWk1bWc3ZkhmUmxld9IBWEFVX3lxTE9aOFl5UE1GXzctTndiREJWM3ZLRktyWFhRenNuVGZuUHZNekJod1V1b0R0dXpiM1BpSXNsZjVtOWp4dllWTmgxYjVEWHdxQlJseGVMMUo2S0g?oc=5,2026-10-06 10:53,아주경제,-1,-하락
000660,SK하이닉스,SK하이닉스 주가 상승 중,https://news.google.com/rss/articles/CBMidEFVX3lxTFB3OW1RaWg3WkxXNTlSanBROFh2WGVlWFZEemt6VmMzbVA3MmpKNXU4TjlDd3NOcERrZ25tNVFsdUNJTzFZVC1yTDJWYTFMUkhlandrLVNIWWt1TlJOcS1Pa09ZbTltNUMwSC1MX3Y2VWxNTjlG?oc=5,2026-10-06 09:04,아시아뉴스통신,1,+상승
000660,SK하이닉스,"SK하이닉스, 솔리다임 상장 왜 논란일까",https://news.google.com/rss/articles/CBMigAFBVV95cUxOR0NKdVZhWFRPQ1JpZ0ZDa0VUY3FHY1BlN2ZDdWNNU2tiUTF4VUxqbjVDb1J5MGZ0dU1OQ202bUZ2RnRGX3pqQm5PbWhTa0JrSEIweWc5blJ6aVhPaTgxNEQ0dzg5dGx5RWY5MERoR01EOWlOaDctT0hXcHZydmF5MQ?oc=5,2026-10-06 06:00,네이버 프리미엄콘텐츠,0,
000660,SK하이닉스,“주식 갖고 있으라더니” 솔리다임 중복상장···주주가치 보호 시험대,https://news.google.com/rss/articles/CBMiXkFVX3lxTE5sLU81Yy00ZHM3MFR0eWJrQzRUMG1ROEdVRFkzaFhHcjJ0OV9GM0lOcW9UazY4NEhyOTI2UVlrVC1wQlBCVXQxR2dXa1poV3BRaVUzLUtfTnJtd2lEUlE?oc=5,2026-10-05 06:00,weekly.khan.co.kr,0,
000660,SK하이닉스,"SK하이닉스, 美선 40% 웃돈 붙었다…한국과 '같은 주식' 맞나",https://news.google.com/rss/articles/CBMiYkFVX3lxTFBWUEplZHlvcV9UcmNPU0VvUV9CaG1TckpxTEtpd2hZWENZcUVqNEZSbm10aEQ4bTBGU190ZXM2NUxhcVk4LWtSdzJtR05XNVE4bHhKY2ZXUl9LNWJZYlN4NmxR?oc=5,2026-10-04 10:20,이코노미스트,0,
000660,SK하이닉스,"""삼전·하닉 80% 담았는데 어쩌죠?""…목표주가만 믿었다간",https://news.google.com/rss/articles/CBMiWkFVX3lxTE1BZEl1eHhrNkt3TmwtNEpQWk05RlB0UzNveUhCMVAwUjBMeFdrRjEtdHNaREw1UV8waEJiN203U2Iya2lJWERRNG5zaGR3R1R5UHlqNURlcjVFQQ?oc=5,2026-10-03 08:34,한국경제,0,
000660,SK하이닉스,환율 여파에 삼전·닉스 3분기 이익 전망치↓…목표 주가는?,https://news.google.com/rss/articles/CBMiZ0FVX3lxTFBoNExhcW8tQ3pGeTVGRjUyN3BQc2h1M2FOZXhvTzdiM1VGNXZIMHl0R1BON0dSU0tzZmwxUFp4TVVON2JrSU1KVzRDYy1rN2hLckJwcUJzSkZyYzd2OUJwWG1mVE1NS2M?oc=5,2026-10-02 18:56,hani.co.kr,0,
000660,SK하이닉스,최태원 9440억 지분 매각…SK하닉 애프터마켓 주가 영향은 '미미',https://news.google.com/rss/articles/CBMiYEFVX3lxTE1mR2xDR1dJQmZFVnQzV2JCUW9seU5LTkRfeGg1ZTc0UG9uMFczYm9ZaWtmNUg4SXVGV0xzamRnOUdmak9aVF9PMW9lcS1veEVXRjhkX1JwZDQ5bGRLRld2M9IBeEFVX3lxTE1vNXd5SnJHRWJSdnl3RVhyY1pZd2dnVUVEMzNJcGFzV2dRQWxmNmN3YUwtOXprV0lGNnBhZmsxSGtNU3FWR1dEeUVEOC1VVmpIQjNYMnVLZUFzTEVoN0VaeFNlRE9rWEE1SW9DV0pHdnI3QzFkWDh2Rw?oc=5,2026-10-02 17:51,뉴시스,0,
000660,SK하이닉스,"삼성전자 100조·SK하이닉스 72조 번다 … ""주주환원이 주가 끌어올릴 것""",https://news.google.com/rss/articles/CBMie0FVX3lxTE5MS2ROMl9CWnY2bk9ZeXA1ZTJDQzhwYVl2bGRZUmo5VUFJcFFlY2RDblp1NUJOemVRbEZfNVFHVXBGS2dFNWdRQl96NG9HV2h0Rm5GeGdNdi1yaXhjUGhWbWdNekhnd2Uzb2pPMzBYQXlwYmc2bU84RklzVdIBgAFBVV95cUxNdXhCSzNycTNjTmh6US1uN01abVBqbUFPOFdFWEIycjZLOE84enFkUWV2WE51Q3JGSjR5TVZqM3pnY3ZDUXJEd3B6ajFoRkFhaTNSYk1YTmJKeEVvckpMT3FMNjJfaWdzb1hCd21WQmNRQ1NtdG9iVnpJTkZuRHAzcg?oc=5,2026-10-02 14:30,뉴데일리,0,
000660,SK하이닉스,"삼성전자 자사주 다 샀는데...삼전닉스 주가, 이제부터가 문제? [몇층이세요]",https://news.google.com/rss/articles/CBMiXkFVX3lxTE9QbXF5aldTbGtnUEVxaDJSY1RBSEdKUHZaQ29WMk5CWVk3TDc2eHdyNGpVTS1ISzJfUkl6dUxnUHo2ckdMZUp4MW1iYmd6M0JPYU1IQ19sOXBoT29CNUE?oc=5,2026-10-02 14:19,YTN,0,
000660,SK하이닉스,삼성전자·SK하이닉스 3분기 영업익 190조 전망…“눈높이 너무 높다” 경계도 - 조선비즈,https://news.google.com/rss/articles/CBMiiAFBVV95cUxPaWh5QjUwRG9tdkJYdUx1TDZfeTFFZDhSbWFkOXprSGg5c1F3OEVMZXBVbGloaW92NUtoWEVZTW5vUHMyeml6VmJiQU11M25XZkM0eUJVdHktdGVZRFE4V3JkQTVveXNVNzR3SFJJV1hWZHFiMGZ4cU0yaFJZXzlnUXJraVNJNW1G0gGcAUFVX3lxTE4yZEZpTi1oZXZKa2gwNWRJNzZHQnlKdkgxeHptVXJLbmJDaVp6b1A1SEMxUVJiay1SYVFoTGFnWS1mdHdtS3dGcVhZYjBUMWV3bC1BNGRBZFBweDhybEY1enpzMnNlUFNyYktLM0doUDlEN2Exc2gydUpHSk9PYmhTakFwVUJQa0gtc3czYl8tWTZiMGtwdFNiMHJndg?oc=5,2026-10-01 18:46,Chosunbiz,0,
000660,SK하이닉스,"SK하이닉스 미국 상장(SKHY) 주가 전망 2026: 목표주가 $245.21, 본주 대비 프리미엄의 의미",https://news.google.com/rss/articles/CBMijwFBVV95cUxOdGc4VW4yZXRWWllhSVhHcmtIdTBhdk9wNXNVa1pXcFkwZjVPZ2pHNFdQTkRPTmUwZjg4bUtzU2RJc05INUgzaW10TEJ2d3VObDY4eVpOdXQyT2laZk5STjdBb05KVFkwNTUwdTZBQnlYRXJOWm5qa0NDUW5TRVB3SUhZQkxwQlMyMGRTMGhqQQ?oc=5,2026-09-30 16:00,Mitrade,0,
000660,SK하이닉스,"""삼성전자 SK하이닉스 주가 빠르게 반등 어렵다"" 영국 FT 전망, 금리 상승에 역풍 커져",https://news.google.com/rss/articles/CBMic0FVX3lxTFAwRzFGbjdvclBnTWdVN0g3cjI3cHRZS1hzY0pYeDFmbm5qNWQyUEc2bWFDdFI4T2NKV1VHemFVc1JORUJhdXBKX0YwR2d5NHF3YWptcWk0amdHZFlvTnJUVldrZE5QR3QtNVBOc0FaOUUtQzA?oc=5,2026-09-30 15:03,비즈니스포스트,2,+상승 +반등
000660,SK하이닉스,하이닉스 반등 성공…오늘 밤 마이크론 실적에 ‘삼전닉스’ 주가 촉각,https://news.google.com/rss/articles/CBMiZEFVX3lxTFAyQ3Q4TzR4Q0hsS3loMEU3WjhjbFJ0ZXk5bUlCOUo5SlRpM3pqdm9YbXVTeHVnOXM0ZDVaNUw4V3R1QUpnSlU1YTdtN3ZyMU9nd0U1a0FaODRjeEhxVDdTQkNLdjU?oc=5,2026-09-30 13:44,디지털데일리,1,+반등
000660,SK하이닉스,"삼성전자·SK하이닉스, 美 국채 금리 급등에도 프리마켓서 1%대 상승[코주부]",https://news.google.com/rss/articles/CBMiUkFVX3lxTE5ZT2l0cTktdVlUOEZnSVJhLU96YThrbjVqa1RmTzlYQk9GXzk2NjN3MnYzckRGcVZlTFZJWHFYWEQyMVpicHBwVTNYemVaWVBta2fSAVNBVV95cUxOSnBQQk5Jb3lXUHFfUzE1c2VHSmNFZDJZdFRyczU4b3U2WUlVamJqQXd2VkdtdlptSVhnRDJOT0g3NjFSaGJsZVR2dmtqUHZ5VUtlVQ?oc=5,2026-09-30 08:48,서울경제,3,+급등 +상승
000660,SK하이닉스,"[모닝 리포트] ""덜 오른 SK스퀘어…소각 기대에 목표가 185만원""",https://news.google.com/rss/articles/CBMiXEFVX3lxTE9XZWFnX0lKSkZESlJ5N3ZabzdmcnVfdTJzSnJ1YXJkWlFhSkpBYnRfWEJUUFFDenlqazJkV0xNTmtLdjJhMFFjTUU2aGVsSzV1d3ZsU1FyazEtMjdF?oc=5,2026-09-30 08:47,뉴스핌,0,
000660,SK하이닉스,"해외 투자사 SK하이닉스 목표주가 하향, ""삼성전자 대비 HBM 수출 저조한 추세"" 반영",https://news.google.com/rss/articles/CBMic0FVX3lxTE11bEhmNFQtZGQxcDlZV09HaUs3LVBFNXRFN3BhQUgxSXFDU2NQTWYxYUhlTWplRHE5ZGdoUi02SWIwck42Vm9pUVRKTC1ydkgwWjJKMVM5ZkF6OVlsTjFxTDBTT0N5alZTT04zTy1qUFNEdUE?oc=5,2026-09-30 08:43,비즈니스포스트,-2,-목표주가 하향
000660,SK하이닉스,"""삼전 63만원·하이닉스 310만원""…증권가 목표주가 줄줄이 상향",https://news.google.com/rss/articles/CBMiWkFVX3lxTFBtOEhsT215Z0dzcWQtaXg4MVEwYVlZTG9pU3cyamRWS2ZUZXJmWmFaMEpmMEM0SmVFRFdzU2ViYmlIOExBQlRvRUtQb1RHSzE2NlloRmF1dG9Udw?oc=5,2026-09-30 06:57,파이낸셜뉴스,0,
000660,SK하이닉스,"3개월 만에 40% 넘게 빠졌다…SK하이닉스 주가, 맥 못추는 이유",https://news.google.com/rss/articles/CBMiUkFVX3lxTE9OdU92UlRnVXVNUlFaX2p5Nm1jYUJMMnYwaEFBblJLX3FYOHl1Nm5TaGR6V2dBTmpiVy1iX0o5VGVUOTlUUGt1LXJmWi15UmNGVHc?oc=5,2026-09-29 14:24,매일경제,0,
000660,SK하이닉스,"""SK하이닉스 310만원→264만원"" 환율 하락에 목표가↓…삼성전기, IT 부품 중 가장 심한 공급 부족 [株토피아]",https://news.google.com/rss/articles/CBMiRkFVX3lxTFBqTlh0Qzl3VWtUemJHdm5mQjVZY3I2SGxUdlJFT3dGMkdOTjJrVFhNQ0RJRWdtankxbGZrVE1UTzBCb0dEdEE?oc=5,2026-09-29 11:22,v.daum.net,-1,-하락
000660,SK하이닉스,SK하이닉스 목표가 낮췄지만…“4분기 반등·주주환원 기대”-DS,https://news.google.com/rss/articles/CBMigAFBVV95cUxOM2JybEZwalFZOW9OelBvQmFTOVI0Wldzb0p2bkc4ajdubGdzRG9XOUk5WDhUMjVaUEtwTkdtbkEzRlJDYS16dGtuNTlncWZfcFJOajhMbjIyQXQ3dHdHMFNFOVJCbFJXTk9SeGZuU3lBei1CQXdiY0I3QUxjZ1dNUg?oc=5,2026-09-29 09:07,edaily.co.kr,1,+반등
000660,SK하이닉스,"SK하이닉스, 솔리다임 IPO에 주가 '추락'...""확정된 것 없다지만 개미들 불안""",https://news.google.com/rss/articles/CBMiSkFVX3lxTE9DeVZnNk1HNXlfa3ZzS1BRanhuZWJLQXJjckNqWWZ1TFV3Tkx0UENWb19JMmJUdHBqOTFLR2ZidXZkVldGY3ctUlVR?oc=5,2026-09-29 08:30,코인리더스,0,
000660,SK하이닉스,"[클릭 e종목]""SK하이닉스, 솔리다임 우려 과도…주가에 업황 강세 미반영돼""",https://news.google.com/rss/articles/CBMiYkFVX3lxTFB1LWtOU3MxMUdiQmYxaDFTRDJkNWI3ejczTFZtRVFqM0JhYUVQYW9GaU5Ba093LWxEa3Z6RjMwTnpBQUNMWFpXa1JsOWtTaEhBUVVqS3FBY193NjEzOFNyUDRR?oc=5,2026-09-28 17:46,아시아경제,0,+강세 -우려
000660,SK하이닉스,"솔리다임 IPO에 SK하이닉스 급락… ""이러니 국장 떠나지"" 반발도",https://news.google.com/rss/articles/CBMibkFVX3lxTE9pM01tTGN6ZXFCb0Mzd0pTb3plaGpPd3B6TXdPN2Nvc1I3TFlVbVpzMkt6alRTOFhjYUJNa1M0UVRHQVJPcV8yRU45ZFVkOERMTFJSVGVwZ283RmhKSjFYNUliQl8zUlBmbG1hTzFB0gFzQVVfeXFMUEkxVjNFLUlqc2lxUUdCQTBXaGNQV2FRT2pKVHNNVEFiRFM2b1RhZUp6aTl3eEVWRmtpQVVFMlhtZnFqSVhwZWJTRks1aHllRTJJTzVVOGMyTU9hOEZ6NnlmNi01eV9sMHBlUFc3SXhNdVBJWQ?oc=5,2026-09-28 17:30,hankookilbo.com,-2,-급락
000660,SK하이닉스,주주환원·중복상장 불만에… SK하이닉스에 등 돌린 개미들,https://news.google.com/rss/articles/CBMicEFVX3lxTFBuRTRLVWxEbGpRZS1Qcjg1bFllczc4UmFGVXJhblo3M1I1UUZZWndZb0F2Qi1UWVBRSEJHa09mTEtrQkhaNzl6WTdpbXJ6T2F0dGtESGl4NUtlVXpRbFc0M2hHTDFVZi13ZFBqb3NsZkrSAXRBVV95cUxNYXhHalo3RGQxYlV0TFJua0MyTXN4UE9vblo4ZnlMT2VZUGEyNnVHNURaN2oyM0V2NWt6b0FnY3NOaS1VbTU2LTIwQUxGLTNUYW54VFNFODdlZVFMaHp3UHI0cXNZOE15cE9IMXBfV2pQcERuMw?oc=5,2026-09-28 14:04,IT조선,0,
000660,SK하이닉스,"SK하이닉스 주가, 오늘 하락하는 이유는?",https://news.google.com/rss/articles/CBMid0FVX3lxTFBQVTRIMEpyQlJabVBDd2NtTGQ4QWtFRjdPU254Wkg4UGZCQndyRnAtOW5wM0JjLURxTk92RHY4c2JmMEN6TlhWMVFiYTNETFFVa3BuMXJES1BnMEg2TER0UEt0QzliaFByM1M2NkY3TDd1cmthcUln?oc=5,2026-09-28 12:02,Investing.com 한국어,-1,-하락
000660,SK하이닉스,"""한 달간 90% 폭등했다""…하이닉스 8% 오를 때 대박 난 곳 [대기업 협력사 전수분석]",https://news.google.com/rss/articles/CBMiWkFVX3lxTFBiczA3RmlHNlp6M1VOWjh4OEZBS2M3NEptTWlubW9NanVRMjFVVmJiS2hnVmMxdFk1YUNDck10QnRSbGtudXlHYS1OVkxEQVJGSEhhdkZsMXZFQQ?oc=5,2026-09-27 10:23,한국경제,0,
000660,SK하이닉스,"""월요일 국장 비상""?…삼성전자·SK하이닉스, 연휴 직후 주가 '변수'는",https://news.google.com/rss/articles/CBMiRkFVX3lxTFBrYlpITVdMdXNHYThfZzVSZkxPZUJHTnk1TVQtWi1HWXphT2d2Q2xKSlhCaGdkRzBydFRydzFKUFotVmR1c2c?oc=5,2026-09-26 18:54,v.daum.net,0,
000660,SK하이닉스,SK하이닉스 ADR 프리미엄 과열…'알짜 본주' 줍줍하라?,https://news.google.com/rss/articles/CBMigAFBVV95cUxPb1FfNS1qSzRTZElyNDUwa2hVXzNxRG5haU1ZYmNIRy0teF9hakxvWF9DdEdyYUp5Y3RSTlJzZUVpSl9ERHV3TzBYYW1KQnhSbW90YnVHTUJLWFpiMUJRU1o5X3o2ajJfRGdiYUV0V080bDRLcml4NWNNNUptVWVMbg?oc=5,2026-09-24 06:00,edaily.co.kr,0,
000660,SK하이닉스,"삼성전자, 연휴 앞두고 3%대 급등마감…SK하이닉스도 1.2%↑(종합)",https://news.google.com/rss/articles/CBMiUkFVX3lxTE9xZFpXLVQtOUZINUp5aGR4WnpPa0I2Mks0VVdwZjJ2dnhCbUtrM0h1WEVVV3U1UFh5aGtwdEc3eENja3A3QWRHZGNiYk4tZUtZdEE?oc=5,2026-09-23 15:52,매일경제 마켓,2,+급등
000660,SK하이닉스,삼전닉스 레버리지 손 터는 개미…외인·기관이 받았다,https://news.google.com/rss/articles/CBMiRkFVX3lxTE5nWF8takVSSS1GYXNlSEJVNXBtZmFzOE56Zmc2ejVUYTUtcGp5ZndSc1NvbFMzYVNJeG1NM0lLTHNyZWRhQkE?oc=5,2026-09-23 14:24,v.daum.net,0,
000660,SK하이닉스,"SK하이닉스 주가, 9월 23일 장중 1,870,000원 1.63% 상승",https://news.google.com/rss/articles/CBMickFVX3lxTE0wUjgwc2YtOXVwS3J0b3BYQm9WWi15MDhnd3NzMF9UelBLU1h6bGhPeHgzNDRaT2ZiM2Y5eG5BeXNoODI2WmJqMjl1UUxqNlBZU3dLb0pZaFBpZTdjUkVHbjB3Q1NxNndJZFJ6N1dWYjVCQQ?oc=5,2026-09-23 09:45,톱스타뉴스,1,+상승
000660,SK하이닉스,마이크론 실적발표 9월 30일 및 주가전망 : 삼성전자·SK하이닉스 주가에 미칠 영향은?,https://news.google.com/rss/articles/CBMigwFBVV95cUxPRzlxVEFQX0ltVTRmNm1BcXdjQnFiRFY0Um9seHJHSGh3TkVtY0F3WV84U2VxVy1MVXUzVXZ2TGxPRkprR2l3eEFWY1EwRlFXT3J6d29LT3dyNktzZlBxVXdNc2xGTEQzdE5PaGxvcy05NjRwdVN5a2VkcVRHTUdDRjY4cw?oc=5,2026-09-22 20:22,네이버 프리미엄콘텐츠,0,
000660,SK하이닉스,"SK하이닉스 주가, 오늘 급등하는 이유는?",https://news.google.com/rss/articles/CBMid0FVX3lxTE90XzBTZUt1cnJWNVVXM2RrQ3UwRlJ3bklwZVdNR3FDTjhmX0NYRGptdEZ2cUVJRkY1cWJNeGtYM0NLc0pUT0tlWl9vaktpUFd5RzBxZFlfSXh6RHBmQmh0VFVoQ0RCMnVZcWNUeDdQdF9aZ1F1NG9V?oc=5,2026-09-22 17:18,Investing.com 한국어,2,+급등
000660,SK하이닉스,‘역시 믿을 건 삼전닉스?’ 급락 이전 주가까지 회복…30만전자 다시 시동 [투자360],https://news.google.com/rss/articles/CBMiVkFVX3lxTFBGNzEwbEdsU1A1ZDZhYzdKVEhTZWFSb2Q0SEc2RG80SUxmTnFDSy1icWVFZ0hybFRkMHRpaTREOURzRkx2UkI4bGdieG0tUVdGbFotRTh3?oc=5,2026-09-21 18:40,헤럴드경제,-1,+회복 -급락
000660,SK하이닉스,"상성전자 SK하이닉스 한미 기준금리 인상에도 주가 굳건, 다음 관전포인트는 미중 정상회담",https://news.google.com/rss/articles/CBMic0FVX3lxTFB4NFpmcjBCakhOV2daMUoxN0l5R19EQXRGOFZEelIwRGhSekFoeWNTTEpKd1NoTUI1ekFQdVE3TjgyUzY1SkphSHV4ZERJekJwMHhVUF9CUUd0YkllejF1V0h3WFFnRkRWMjJrQVRjdFJhY00?oc=5,2026-09-21 16:50,비즈니스포스트,0,
000660,SK하이닉스,반도체 수출 역대 최대에… 삼전닉스 주가도 ‘껑충’,https://news.google.com/rss/articles/CBMicEFVX3lxTE9PUll5UW5ZbnUwamRDcjU4cHpheC1ZekZ6anJiWkVIODlVbzFrTjNvcEdqZjFuVzRzU0FyS2RJR3Jncl96emRINDV5aDdaT1JLaHZaM3NjQmIyNW5KR3NkNU51RXpsamZSNmhEVVNiS1bSAXRBVV95cUxNS09KUGhjZk1CQWd5QlBqRFVDQUY2aUhVNXBPcjZSZFpBZXRjaGNvRzQ4YnJLTFZqNWY5a0pIcWE4aEFnTWg3Ujk3M2RGaFBKdUdCU3JXSkdVN3N3U3JqUHBFWkxXX29vaGMwUUZTd2pVVW1HUg?oc=5,2026-09-21 16:26,IT조선,0,
000660,SK하이닉스,"SK하이닉스 주가 11,000원 상승 후 장마감",https://news.google.com/rss/articles/CBMidEFVX3lxTE9zQXM5QkpFbWhtOFVudzE4Ujd5Q3hWanFZaEY3U0M5UUJMQ1lIT2ZIZ2NBTEpvdmJIaFg2bmZYODA0QnJQTFJxclRzU2JpUTlkVm4xc0wtVnlhZDBRYnR4WXl3aVJFWXp4NC02djNvb2FzWlZF?oc=5,2026-09-21 15:38,anewsa.com,1,+상승
000660,SK하이닉스,AI주식상승확률분석 : SK하이닉스 (000660) 주가 전망과 상승확률 분석,https://news.google.com/rss/articles/CBMiYEFVX3lxTE1MZVR6VG1ZZnJkU3FKVEhTSExCTnliMDJSYUlHdGRPcGJJOVdaWmRHWktvTHo2U3VMUmJDY0RTLThkb1NQQkVSQTI0WXhLRER6MWFRZUhmRkVQRGdycURSZQ?oc=5,2026-09-21 10:55,Investing.com 한국어,1,+상승
000660,SK하이닉스,AI가 분석해주는 SK하이닉스 (000660) 상승확률은?,https://news.google.com/rss/articles/CBMihgFBVV95cUxNbjNxcUtPdGctRGJMLVotZktDNGlxZmhTR2RTZ2psa2lqa3lsRFc3RG1WY2FPVFBrOVVSY2gtWnIzMkpITFRLZ0hyMDNibFlaZUhlLVFaZTRuN2hiYWdSeGpSa2EyNVdlZW10RnVyUTN3WG5NVEt6VVVqTzBZRVNIUnp3bWJ0dw?oc=5,2026-09-21 09:50,네이버 프리미엄콘텐츠,1,+상승
000660,SK하이닉스,"SK하이닉스 주가, 9월 21일 장중 1,865,000원 0.43% 상승",https://news.google.com/rss/articles/CBMickFVX3lxTFBxSi0tb3JXalZ1YnpDM3VhN3d0NXduVFZpRmdNU0diakxzbFdCOUlDRnVGUkl3ejgxQnFNTTdQTE9rRkRydjlMNHRzaXBjdVJhX1JIeGUtQkduV3BSQkdUMDZxN3AwZHBkTmxpWGdPdnc5dw?oc=5,2026-09-21 09:49,topstarnews.net,1,+상승
000660,SK하이닉스,"SK하이닉스 미국 상장(SKHY) 주가 전망 2026: 목표주가 $245.21, 본주 대비 약 40% 프리미엄의 의미",https://news.google.com/rss/articles/CBMijwFBVV95cUxOdGc4VW4yZXRWWllhSVhHcmtIdTBhdk9wNXNVa1pXcFkwZjVPZ2pHNFdQTkRPTmUwZjg4bUtzU2RJc05INUgzaW10TEJ2d3VObDY4eVpOdXQyT2laZk5STjdBb05KVFkwNTUwdTZBQnlYRXJOWm5qa0NDUW5TRVB3SUhZQkxwQlMyMGRTMGhqQQ?oc=5,2026-09-19 16:00,mitrade.com,0,
000660,SK하이닉스,"SK하이닉스 주가 전망 : 4일간 10% 상승, 드디어 200만원 가나요?",https://news.google.com/rss/articles/CBMigwFBVV95cUxOUGs3X2NJSGtCX1NHZDdOc3NSN1otZ0FTLVJLM3hwX3VyTml4MGhXLTJjZ1hWWVVvck9YS0lnamRmSWxubzlPQ1htUGFVN2ZSSWJPb3hEY1lpMVFzdFhtVFhmQkFkTEo2c05VMU5kbTRCMEVMdFJRMjB1cE9oNmJ6TGFyaw?oc=5,2026-09-19 12:37,네이버 프리미엄콘텐츠,1,+상승
000660,SK하이닉스,"삼성전자·SK하이닉스 주가 놓고 ""오를 만큼 올랐다"" vs ""더 오른다"" 반론도",https://news.google.com/rss/articles/CBMiY0FVX3lxTFB2Wjhjek82NkRXMlFsalZYOUJYQmxHbFhvMGhVSnJzdEVoZHZVRFNVSzY0RFB1b2hLdEJYTnVROHV1anZxbkZPZ2p2dGxEMEVIaXcwOFA3U3pGYmpKdEkxN3FzTQ?oc=5,2026-09-19 00:00,더구루,0,
000660,SK하이닉스,오늘 SK하이닉스 주가 급등하는 이유는?,https://news.google.com/rss/articles/CBMid0FVX3lxTE05dDFFdWxzREVpalViWnB6UHJWN01XbUt3SHlYQXJmaTVPOUhQN2U1SktETUxhYXd3M0Uzc1ZBNTk2SlNMbHd2ZGU2Nm1TV253c21CMmFyS2VUdFFmSENERThHcDBMNGdGc245MjNaTU5ZbjRsWXBV?oc=5,2026-09-18 13:29,Investing.com 한국어,2,+급등
000660,SK하이닉스,"삼성전자 주가 장중 2%대 SK하이닉스 4%대 올라, 미국 반도체주 훈풍",https://news.google.com/rss/articles/CBMic0FVX3lxTE9DZkFja1l6ZDhHZklqM2ZkY3Jla0YxR1RwMk13d1U4a3pqaGxndnY0anZ6TTBiM0h6a3JQRkVJVE5kd21mcnRpTGh3SnZNOVBwNjRod2RpVTB5MHlCdGJNS2R1LXpRTHFoa29OSTBpM2FCem8?oc=5,2026-09-18 10:15,비즈니스포스트,0,
000660,SK하이닉스,"""SK하이닉스 美 ADR과 괴리율 40%…국장 신뢰 부족, 결국 메꿔질 것""",https://news.google.com/rss/articles/CBMiYEFVX3lxTFBnMWFYdWtBazNLUHZPVUx4YjRkanA4U3BuSVRtV3VFcHQySFplci1INnR3aEtoQXJMQTdrTEQ1TkxMUjNsQ2NucjVxMjFFZnl0SF84enJXVl9kZEZPYXk3Y9IBeEFVX3lxTE0tNmxiUkNqUEw4bHhHS1FnLXdkVUF3UEdDNElOdkt3UmZlQ21pbWVZNDFuSU1CZnNMclloNDE3ZlE5bnRjd0JSXzRlcEFxdjBKaVhQeDgyY253aW1CVTVvVmVhdHdIaGxoNTV6X2FMcmRsbDI2T3l3Uw?oc=5,2026-09-18 07:33,뉴시스,0,
000660,SK하이닉스,반도체 독주 끝나나 했더니… 코스피와 삼전·하닉 동조화 ‘역대급’ - 조선비즈,https://news.google.com/rss/articles/CBMiiAFBVV95cUxQVXpoNXF5RkxGdzBRZVdTeHFJZmJwV1VqaGZsVjZqSEllQnF5TFZRYmx1MXVtMWt2bEZSREhib0xES0NRcWxvTC1jd3NtR1VSZm95SXFTZ0t3X01NNmZ1ZXdpNGh2UE1UM0hWVVNLa21lTEhzUjg5Q0oxeTJGNmpwenZHaEFsWEVO0gGcAUFVX3lxTE13M2NMSGdFaFVvdkU0WUE3RlZPMlNVWmJKUS1VMnJOTlBiejZURFRjZjdLNmxKVE91TmpYNjNITjNKeWJqT0UxN1E3VjRmRHkxWGdGb0xCalJodi1UQmdUbm90Z2FPT1psY1lZOHF1UjA5b1pFNS16RGFaQi1IdTlfNmtqQW5FTmNIUm9LS0JyQzB4aUpnZl9TQlBrSQ?oc=5,2026-09-18 06:05,Chosunbiz,0,
000660,SK하이닉스,실적에 추가 주주환원까지…삼전닉스의 시간 돌아온다,https://news.google.com/rss/articles/CBMiUkFVX3lxTE0zNFJ0YzczeG1oVEpMSzBxZVRNcmVqaEVWcEFKaVZQQUR3WDVWelFvOWJhQ25FTGE2YUVMRkdONE5FcVNsb0daX1kwaS1QTDdlQWfSAVNBVV95cUxOLUlSUExXRExPLTg2RzBXV0VUbXZvakxjLXZ6REMzamcxbFd2blptNGxHZTAwclBKT2pzU3dfN1hnX01wNkw3c1hiZzUwclhTXzdNMA?oc=5,2026-09-16 18:02,서울경제,0,
000660,SK하이닉스,"SK하이닉스 주가, 오늘 왜 급등하나?",https://news.google.com/rss/articles/CBMid0FVX3lxTFBiclduTW1aVUxhaEwybG9TNE9kdDhVOGJxbE5QWGVHb29jckZkU054SDlHZERoUGdQdlFDS1RFSFdBYnpkZzd5M0R2bEtBdWx0Yy1YdmNXS0dwUnpfaWNsWkJJMlF1RnZ2a3pDSXRSVUE3VDZoR3l3?oc=5,2026-09-16 17:25,kr.investing.com,2,+급등
000660,SK하이닉스,주가는 흔들려도 주문은 탄탄…AI 속도조절론에도 삼성·SK HBM '품귀',https://news.google.com/rss/articles/CBMijgJBVV95cUxQZkVPMm1FdU1FbmZUUXdPcnNGN3VJalZVQmtnVDUyNHhReUhveG1rYUs2RGdPb3pVczlZWHJhQXNpOVE3U2NKTUZzZnQ4V01iejBBRW5XQjZrdVRzc2RYNVhBelJoaG8wSGFkaTA3VHVzVWFGckRGLWJnWlhtM0xEdkNSUWkyc1JyM3RTc2k5NXoyTFhZZlYzQVdseHdrTk96dUFLd1BzN1F2cHNjTElQa05RTWYxQUFRLUxtSC02OXNJT0k0MWx2TUZ0SGxxM1FrTzZJWU1BMk5RZXdpblRjb1dJb2pwTUVlaVlZeDhVMl9KZ1VuNDZzX2cxc2FNeXFHeUFweTdiZ2VIQ0JkaGc?oc=5,2026-09-16 06:00,dailian.co.kr,0,
000660,SK하이닉스,"SK하이닉스 주가 장중 1%대 상승, 노사 임단협 최종 타결 소식 영향",https://news.google.com/rss/articles/CBMic0FVX3lxTFBKdDVxTldSVW5QWmhrSTEwN21TZ3BmMTJyWEZhOFJhVzliQzBpVmtoV1JDalVsblFGcDhyQjZPSTFfSU95Zkx3SjUzVDE4OTFpQnZ0Q0VKS2NVSlN1LVRXTXZRTGFZWlFudURsSUNFd0tQakU?oc=5,2026-09-16 00:00,비즈니스포스트,1,+상승
000660,SK하이닉스,"""삼전닉스, 과거 주가 회복 쉽지 않다"" 고점론 띄웠던 증권사, 또다시 경고",https://news.google.com/rss/articles/CBMiT0FVX3lxTE1adVJPc3I2eUlBcjI3b2FZcjBaYlpSYUk5c1d6RllqdTYwa1JDaHZCTFZPZUVnZjh4SU1UT0J1a05tOFg1azU0Y0lmcUhmSzA?oc=5,2026-09-15 15:33,v.daum.net,0,+회복 -경고
000660,SK하이닉스,하이닉스 하락 맞춘 증권사…이번엔 삼성전자 목표가 내렸다,https://news.google.com/rss/articles/CBMiVkFVX3lxTFBZcnVGdS1IelpSVUhQSFpROWZLVnBOektjZ0dqcmJMeXFrN21nTGNRZlFYRWNDWTVONmZxT1BRUDRoWVR3cHRvNl9VeUc4UERyb3VQNXdR?oc=5,2026-09-15 11:13,매일경제,-1,-하락
000660,SK하이닉스,"SK하이닉스 주가, 9월 15일 장중 1,719,000원 1.30% 상승",https://news.google.com/rss/articles/CBMickFVX3lxTE1jdUtxQkhpZTRScmE4OTdYdjFaZXBWNndEcXplOVNoWTdtLWpWbDBxbWVkeXpNUmh5SXR6THhPVTJnUThRZWFieUhHOHMxQi1HTGtRTXlCbmVadXhEdGdRNk9FWkVCMEwtaVhvNGZZak9ndw?oc=5,2026-09-15 09:46,톱스타뉴스,1,+상승
000660,SK하이닉스,"SK하이닉스 ADR, 월요일 주가 7% 이상 하락한 이유는?",https://news.google.com/rss/articles/CBMisgJBVV95cUxOanFfRjNiZElkRlV6SERQcmpEbVhZOWlMZFZtSVNRUXZPUGxZZm92b2VfQ2Nib2hPQzhmV3JaQzVHdUhzdVk3ZFpNVDctbFBENk95a2thX1NtMHlGUGVPUVFPdmdlZVlxUG82OGkxdDBLa05NWG1pajd5dnFqeUdFMlNUYlBuU2c3RkE3aEd5a2tSZGxxZTZrMjlyRUZkOFc4RWZSVHhjQ05rQnhiY1NKbmZSYURjb2lCeHFoamF2S0ZwR21sa0NXZUJBRzQ2U013UEZKcEpMdjZjZTQ5SzZheGg5Mjd3bDM1cm9mTkMzWTNKbUF3S000YVZoc2s4dTJreW5CcG5qaFgydUROWEVNb0o0RHV0ZTlDTGZCQ0NzeV9nQjB6RmYwU2ZNMlliYkp4OXc?oc=5,2026-09-15 08:38,Benzinga,-1,-하락
000660,SK하이닉스,"“이건 정말 드문 일” SK하이닉스 주식, 왜 이래?…개인도 외국인도 기관도 모두 ‘순매도’ [투자360]",https://news.google.com/rss/articles/CBMiT0FVX3lxTE43NFRELVJEdUh3Uk5tWHlDdk81bGJpcDhCb2Y1UVRWc3BDLTZ4VEJxRzZXZkd6Y3dzTERRX2VzQWhyeGJvYUJ1bjNxQzJSUGs?oc=5,2026-09-14 21:42,v.daum.net,0,
000660,SK하이닉스,[이슈콘서트] 삼성전자·SK하이닉스 주가 다시 불붙나…반도체 수요 새 국면?,https://news.google.com/rss/articles/CBMiW0FVX3lxTFAwd2tadnE2SDRpSUhsdnVTcE9CQ1VMOTVScDc2NDU0OTVJbTY4Qi1pZUZGaWNxOEtESDVDREFITzhhZmhJWGhXRDJrUGM0RW83UGZZcHE1TDAyUDA?oc=5,2026-09-14 18:37,KBS 뉴스,0,
000660,SK하이닉스,"SK하이닉스 주가, 오늘 급락 이유는?",https://news.google.com/rss/articles/CBMid0FVX3lxTE11S0hPOVI2c3dXX1hnV3ZvVjQ4cUpuNHY3MVhCV043aWhhbUl1bUl1NzRVUHBzOVJ0aDc0dkpPU281UTJROGdqWEZLVWJBYVo0VXFjekg2YjlVVTdPVklfRkhua1dvbWpKam5QWDk3UExfNzVzdmVJ?oc=5,2026-09-14 12:05,Investing.com 한국어,-2,-급락
000660,SK하이닉스,"삼성전자 주가 장중 3%대 SK하이닉스 5%대 내려, AI 개발 속도조절론 영향",https://news.google.com/rss/articles/CBMic0FVX3lxTE9pd2pGcFJrQW0tdnE0a2pQWGd6TnR5VU44Z2d3djJodERkRGJpTkU0RzdhazM5OFhLSE9vOWtVUEtteFlRTGJKTDlxejBYWjNUWHdtLXhWUGJRTnJJbWhQblpYaXFXOGw2b2NwOGF6M3ExV3M?oc=5,2026-09-14 10:10,비즈니스포스트,0,
000660,SK하이닉스,"SK하이닉스 미국 상장(SKHY) 주가 전망 2026: 목표주가 $245.21, 본주 대비 약 41% 프리미엄의 의미",https://news.google.com/rss/articles/CBMijwFBVV95cUxOdGc4VW4yZXRWWllhSVhHcmtIdTBhdk9wNXNVa1pXcFkwZjVPZ2pHNFdQTkRPTmUwZjg4bUtzU2RJc05INUgzaW10TEJ2d3VObDY4eVpOdXQyT2laZk5STjdBb05KVFkwNTUwdTZBQnlYRXJOWm5qa0NDUW5TRVB3SUhZQkxwQlMyMGRTMGhqQQ?oc=5,2026-09-13 16:00,mitrade.com,0,
000660,SK하이닉스,"""SK하이닉스 주가, 여전히 싸다고?""...'파격' 전망 나왔다",https://news.google.com/rss/articles/CBMibEFVX3lxTE1nZ2UtTmpzY1hkSFZZUlVEOWtKVERtTkxLRmE4WC1sbFBJZm1hTmtHQksybUh3cVpnbTVMOGxPX2pncUR4RzdWZU1WbGN0NlR6WjRCMTlUbUFTT3RONGFPTDRhdm1oTFdicFBzSA?oc=5,2026-09-12 10:51,한경매거진&북,0,
000660,SK하이닉스,SK하이닉스의 HBM 점유율 하락으로 주가 하락할까? 향후 전망 분석과 핵심 포인트,https://news.google.com/rss/articles/CBMigwFBVV95cUxOV2t1NXU4WWVJX2gtWm1tWk94OW5hSlQ3ZkQwZVpGbVJaazAtMmFqS2ZYd1FoakJYeUEtYkVnenBFTmNCVlotSks2THZTZWRXYUU0UU5YLTZob25jUURmS1B2cUp6MXZpOHBHcWt4ZENqMkd0OVVuNDhqWGpfSjc3SVVTMA?oc=5,2026-09-11 14:51,contents.premium.naver.com,-1,-하락
000660,SK하이닉스,"SK하이닉스 주가, 오늘 왜 하락했나?",https://news.google.com/rss/articles/CBMid0FVX3lxTFBXdmNvazdhX2kwdko5ZV9XRF9kdEFzOXZ3TXNNRjdvU2F4OUZBaFZfVWNBY29tc0lSd1VNS05OWTB5OVpaUXh1WjhCSGY2ZzZLRzBkRUltUW1IUDlIUnZ3OTVsc1ltNHNuaGpDenNZN2RVN2M1SzFj?oc=5,2026-09-11 11:55,Investing.com 한국어,-1,-하락
000660,SK하이닉스,"삼성전자 주가 장중 3%대 내려, 국제유가·채권금리 상승에 SK하이닉스도 하락",https://news.google.com/rss/articles/CBMic0FVX3lxTE5ZWXJzVkJpcnFtd0xseXN5eDl0Wk95SXNpellSVmtKMzdCbzBFMjFnbklpM3EyaGNGX3BaS1dpdllDelppQXdvbnptUW5lczdnYUU2SlhFYTdWbWxzSndmTUgxY1JYV0VaTFd0SV8yXzdGdk0?oc=5,2026-09-11 10:19,businesspost.co.kr,0,+상승 -하락
000660,SK하이닉스,SK하이닉스 담은 월가가 주목한 '알짜 ETF' 2선은?,https://news.google.com/rss/articles/CBMiiAFBVV95cUxNZVMwYzFBUmdHTVRhUU80MlZjd2puaHJUN0ZIMEI5MklHODZFLUxjc1BXWXhMZEx5R2dQZ0liZ0d4SWd6UnZUaGZhdDZOSGU3Sk84V1RGWnR2cEpqcWlIMXZLdjBRdV83QlhxMGVRVzBYVWs3ZFNrdjdRbW94ejMwZjd2SFhwV3BS?oc=5,2026-09-11 06:57,글로벌이코노믹,0,
000660,SK하이닉스,“하이닉스 300만원에 샀다면 그건 충동구매…차라리 대출 받아 집을 사라”,https://news.google.com/rss/articles/CBMiUkFVX3lxTFBaT2dZSHY5YWN0VExEWEgwTmtxYlhtM0I0Y1BQZVJxWXlocXIybW1nYm1rWURnaXVsaVhIVzBvNmxoOV9RSGRLUlh4TXVxM2p3VlHSAVNBVV95cUxPbE1uMjVmejR1RlV0T0Z0OFdYbkhobUc4V2ZYdmVabXZkVndEZ3RueWVxVXJTalNpNjZhcDQ2OWNXNFBwYW1jYUg2R2szNmRZbl9UYw?oc=5,2026-09-10 13:42,서울경제,0,
000660,SK하이닉스,"[단독] SK하이닉스 노사, PS '현금 50%·주식 30%·이연 20%' 재합의 마련",https://news.google.com/rss/articles/CBMiT0FVX3lxTE9NTlBrbXUzejNqcnBCakp5TGd1blRPMlVHNmw2Tl9NT2VWaDBTcDR5VDRGcGFVQXF6MVFtb3I1R2FOR1RfaTB6WkVyeG9KNzg?oc=5,2026-09-10 10:07,v.daum.net,0,
000660,SK하이닉스,"SK하이닉스 주가, 오늘 급등하는 이유?",https://news.google.com/rss/articles/CBMid0FVX3lxTE9ncUdfWmJPQVdRM0YyNGQ5T2x1R2o4cVRhZnAwZmlhaXNKbVVPajBrVUVvcnpnYUYyX3pIeUlGMTRtOElKd3E0dGdZSDQ3bjJJZU93cXJkRWpLTnhISzlRVDNjam92a1J0R2N5Z1AxdFpNZ1otaXA4?oc=5,2026-09-09 22:54,Investing.com 한국어,2,+급등
001450,현대해상,"현대해상 3세 승계 본격화… 정몽윤, 장남 정경선에 지분 6% 증여",https://news.google.com/rss/articles/CBMicEFVX3lxTE41cTBtMF9qQzVjS2h5LTZhWXV4aWw4MUF6UTE4UFRvM2RMOWo5cHpKdFVlLUJ6SWFBWkJ0S0R5S2o5TUVkSm8tUTRYQ0dSOTVNNTh2cjh2c3c2MkxZT1hLejVRSmJMdjQ3V1J5NUtCaDPSAXRBVV95cUxNR2hEZGxfWDl3Yk15ZkpFLWozVU5Vdm5tYTQ1UHFCNzVvbkVpXzllRk1xNHpXZm95TzN1eDhMVFhEYWE2WkRfcWxQQks0WDBsTmhCZUR0Q1BiY2l5YnNkaEFtVUQweHdnQ2hGaE9VZkdRT0NjVw?oc=5,2026-10-08 19:52,IT조선,0,
001450,현대해상,"국민연금공단, 현대해상 주식 189만6481주 ↑…지분율 12.37%",https://news.google.com/rss/articles/CBMic0FVX3lxTE9HYVNDN28wcHFZNjJlN0x1LUZRQVhheTM1VHQxWGRUZXBXNXp1aDFIa1gwVjhmTlJDdkJ2WlJyeGpfd09IVUFkVThkMG14Rmo3ZGxsaE5MSHhNU3NJU1pVd0NIOTh3eS1ITC1YblR2QUg2b00?oc=5,2026-10-06 13:41,데이터투자,0,
001450,현대해상,현대해상 2대주주 국민연금 11.71%로,https://news.google.com/rss/articles/CBMiYEFVX3lxTFBITzVHVGJfNG5tc0ZfRUpha3lreDR2azJidUEzVTljdEllY0tRUk9ZWUpyMXkzMHFkZnV1em5oaWNBaGg3SHVrWVN1MU96NFJpdXplNzRXZHNmRk5IUVl3eNIBb0FVX3lxTE9sdDVXMDU4aWRVV3Y1VGNMdjg0c0N4S3lxNC1uVWd6R3JyVlRwVmlGNW03YXZjZXFfVlR0N1FJaE12ZnNOLTV2bUZ0aVBQUHY3eG5mNFF4WUY5M0ptSExuZzM0UDR1ZUhuNXJmamZqQQ?oc=5,2026-10-02 19:53,토요경제,0,
001450,현대해상,"[장중수급포착] 현대해상, 외국인 5일 연속 순매수행진... 주가 +2.04%",https://news.google.com/rss/articles/CBMiXEFVX3lxTE1mUzZFTDdfU3NJN1hIUE1RVnI1MXZKZDZmWXRaa3ZiZHVLaVltaXVmcmdPR19qVEszS0d1eUJ3d2dkQlRrRW4wOEc3V0NISkIwLTZnSkJMWGl0V05Y?oc=5,2026-09-29 10:16,뉴스핌,1,+순매수행진
001450,현대해상,횡보장에도 “이 주식은 사라”…외치는 종목 살펴보니,https://news.google.com/rss/articles/CBMiUkFVX3lxTE1IT2psM3ltWTgzMGFVX19mYVp4NTlGSk00STlhZDBibjI0cEUyWGNXVUUxUjhmalpncjRvS1hJaGJiTHpEMGlJVkF4el9ZdnJkUEE?oc=5,2026-09-21 16:00,매일경제,0,
002380,KCC,[공시] 현금ㆍ현물배당결정,https://dart.fss.or.kr/dsaf001/main.do?rcpNo=20260716800550,20260716,DART,1,배당 결정
002790,아모레퍼시픽홀딩스,"아모레퍼시픽홀딩스 이병곤 경영자, 소유 주식 수량 2860주 증가",https://news.google.com/rss/articles/CBMie0FVX3lxTFBWZUJzZDBIcmRCLUxMZnBDR0JwVm1mNFR2ZHpTT2x1ZDJWZnNTX3hReVpxU2F6aDgwSEs3ZkpPeV9wVXRhVUR4NHQ1eDlzVGFRVzkwTE01dm1Vb2pMUVhGLTNxbU55SWNqNHhXczd2M2g1VGpIU0VrWFE2WQ?oc=5,2026-09-30 11:32,디지털투데이,0,
002790,아모레퍼시픽홀딩스,아모레퍼시픽 임원들 자사주 매입 '러시' 이유 [이슈 더보기],https://news.google.com/rss/articles/CBMia0FVX3lxTE52VzQtNDVXN1BLSWRfaFRkdnZmOHNZY3NoTGt3Q1pnNUo5NlVzMUZCN0c1QndFakhtZ3EyUURnS3BibVpZNVFScmYybFRWTElWU0Q3Rldvc2lQNjJubmlNaGZnVTFGZHFZT1lv?oc=5,2026-09-29 07:05,뉴스저널리즘,2,+자사주 매입
002790,아모레퍼시픽홀딩스,"아모레퍼시픽홀딩스, 최대주주 서경배 등 주식 7883주 증가…계열사임원 최윤진 장내매수 주도",https://news.google.com/rss/articles/CBMie0FVX3lxTE04dFVSNmppVEgySC1zamhBcVFfWkpsWFg0aUZoRkJrNGFNT18tSEZDV3V0VC1NVzBDaEdHb3lQc09obDRPSHdDSlllTUtYb2VvaHo4cHhIZ0FRZWlkUDNqb1VjVDk4Y0NGY2Z0MXlJZEtDczFKZ2c1N2owZw?oc=5,2026-09-23 11:35,디지털투데이,0,
002790,아모레퍼시픽홀딩스,"아모레퍼시픽, 최대주주 아모레퍼시픽홀딩스 등 주식 1369주 증가…임원 임운섭 장내매수 영향",https://news.google.com/rss/articles/CBMie0FVX3lxTE1Gend5VElMeDVDV2xpb1dmdmI5ekU2YjhRcTFqZjNkWHVpX3lVNG01ZVV1UnRmX29SYWpJdzR0Wi1HUFZaZ2NNV25uaEtTcXR4T0ZlMjlQdmJ3MEYwTER2S1poc25JUm5PNlJEcVI3a0JyUGNyWTUyRHpuWQ?oc=5,2026-09-23 11:32,디지털투데이,0,
002790,아모레퍼시픽홀딩스,보너스 받아서 자사주 12억어치 폭풍 매수…'매출 15조 비전' 아모레 리더들,https://news.google.com/rss/articles/CBMiS0FVX3lxTE1Za25SUERaWGhnMWF0cFpra2pWOVZVMlhjSzh3aDlPTjdrNUhBR0pFc0pWMHduX1dNN1ZmandDdjZkMHNBYkpROVZSQQ?oc=5,2026-09-21 08:05,v.daum.net,0,
002790,아모레퍼시픽홀딩스,[공시 분석] 아모레퍼시픽홀딩스 임원들 자사주 1만3651주 장내매수…지분율 60.72%,https://news.google.com/rss/articles/CBMibkFVX3lxTE10aHVSRm5manY0U2NJNUE5LXpRblRIal9pTDJUbGlWZjFIZUR4c1AzVHU0NDBncWFFVGNzVkczN2F3aFRXd3padUJXbzV6djZ6SkdVdFltYmJ6dldQdzdrcm5kb0tLQmsxX1hNaGln?oc=5,2026-09-16 18:05,이슈밸리,0,
002790,아모레퍼시픽홀딩스,"아모레퍼시픽홀딩스, 최대주주 서경배 등 주식 1만3651주 증가…임원 이상목 장내매수 주도",https://news.google.com/rss/articles/CBMie0FVX3lxTFB0SDdmbk1sdEZPaGZ1MGJYWkowOUMzRjEzQ25mY3B0SzZMNy0tanR2aTM1MDNPYjk3Wl8zbGUwS1Zwc2xtNXg2ODA2OUtlcXVaT2Z0OWVJWkFSSFp5TElWM2ZXZEY2STYwRFlycFdoSW1ocVlKMnhzZzNJWQ?oc=5,2026-09-16 15:23,디지털투데이,0,
002790,아모레퍼시픽홀딩스,"아모레퍼시픽홀딩스, 임원 장내매수로 최대주주등 지분율 60.72%로 상승",https://news.google.com/rss/articles/CBMic0FVX3lxTE9oX2NaRTd2R1piMXBqUVF3Um9QbW1PcnJFQ2NLeUZTa0xfZ0M0dmcyQV9CVkQwcXdteFRuNi1EQk56ZmsyYXVvQTlJUmtXRlZmS1hmU2pBSXUzZTU5UWhKaVhUM2YtNHBhU0M2X0xDOUV6N0U?oc=5,2026-09-16 15:03,데이터투자,1,+상승
002790,아모레퍼시픽홀딩스,"아모레퍼시픽홀딩스 이상목 대표이사(사장), 소유 주식 수량 1만761주 증가…소유 지분율 0.01%p 상승",https://news.google.com/rss/articles/CBMie0FVX3lxTE5UUXBDWWF5LW9XSlhqc1Mzb0F2TkdUMWdRZHlYWEFYR2VscDB4eDFyeDZhNjVZS0txUTNfU2cyLS1GczlTcjloWW9LSFRXcEpYajU3Mjd2NmFTNmZ4ZXQ4RnliczJHQ19WaE0yVnItS1BOdXY5RmkycFgzTQ?oc=5,2026-09-16 14:41,디지털투데이,1,+상승
002790,아모레퍼시픽홀딩스,"이상목 대표이사(사장), 아모레퍼시픽홀딩스 주식 1만761주 ↑…지분율 0.02%",https://news.google.com/rss/articles/CBMic0FVX3lxTFBCdW52NzJaWE03dFNoRWdTVk5DdlhtR0dKdTVCNHNsRUFNQTdTX0tlaGQ1eW9lMmJkRms5dkNDUGJ6Y1dtWVZaS3dZN0V2Q3hhSlVKTjQxWVhLS1dick5zaFhoZk1TZzdpMThZWUNJeVRBMjg?oc=5,2026-09-16 14:21,datatooza.com,0,
002790,아모레퍼시픽홀딩스,"아모레퍼시픽, 최대주주 아모레퍼시픽홀딩스 등 주식 1337주 증가…계열사임원 황영민 장내매수 영향",https://news.google.com/rss/articles/CBMic0FVX3lxTFBnVDJISF9McHdrRC03c2VJWmZBZWIxbW9CUjNJVEpJNW9VV2VDUFFiX1RsVHl3MXNjLWdUNzc0NG8ybWNCVmJDRFlIaUpHNVV4MFUtTmpJZVBHSWgzWDhnUFhBc2hWb3lwamFOb3M3dHFKbWc?oc=5,2026-09-09 17:14,디지털투데이,0,
002790,아모레퍼시픽홀딩스,"에뛰드 이수연 대표, 아모레퍼시픽홀딩스 897주 추가 매수…5거래일 연속",https://news.google.com/rss/articles/CBMibkFVX3lxTE5MLUxCY0h4bjBTeEpLRzNIX01hdTNoY0ZGZlROaHZlZmtVLVMwNldLd0d4MHRuSzQ1d0tjQmlFQVZaMUpfVDhEbFNrTEdDWnRsM1k2ODZsNVE0RXhMb3BXem1VOXhLbFdZbjRUb1ln?oc=5,2026-09-09 16:11,이슈밸리,0,
004170,신세계,[공시] 현금ㆍ현물배당결정,https://dart.fss.or.kr/dsaf001/main.do?rcpNo=20260811800237,20260811,DART,1,배당 결정
004170,신세계,"3개월새 '반토막'난 신세계…증권가 ""과도한 낙폭"" 이유는",https://news.google.com/rss/articles/CBMiWkFVX3lxTE1pdmdHWl80TjczNmJZS2ItcTZpSG9tallVR0NjcHYtMkxfR2tlRGdiek82eERhaUM5dzV1TEk4NFREenVYWENrdEh2T0tfXy1aZDZKQjBnUmNQUQ?oc=5,2026-10-08 16:21,한국경제,-1,-반토막
004170,신세계,"신세계, 주가 3개월 53%↓…실적은 3Q 반등",https://news.google.com/rss/articles/CBMiZEFVX3lxTE5rTldPa2FQYjFORUxwSVNwcEszbC1KSTN2d0xST2U1bTA5Q1hvaWNUcmNGSE5GZTRwWUd0THdWREdieXg5NFNvZTA3eTQ1aVZUb2RYcUhZTmppUnB2aC1LNTY4OXA?oc=5,2026-10-08 15:07,PRESS9,1,+반등
004170,신세계,NH證 “신세계 주가 53% 하락…실적보다 밸류에이션 문제”,https://news.google.com/rss/articles/CBMibkFVX3lxTFA2SEFHY2g2UFctOW1wejZ1b2lEcjJLX1ZmUmdDS2pvem4yeWpPYWJuVVRaMlpXcVdUQzFackdna2VCSkR3XzI1eW4tNjgzRWluZ3lYUGpwSEJ4aWM1YjJYVUJwelNyVVJVREtPcWRR?oc=5,2026-10-08 09:49,이지경제,-1,-하락
004170,신세계,신세계·호텔신라·현대백화점 '유통 빅3' 목표가 하향-DB,https://news.google.com/rss/articles/CBMidkFVX3lxTE5RbVRfR1p1UXBFMVBJZTAtTU5jbzFhTkNHSmJlb2x0WjdXSGZ3b1hBSXdib1hYUTRaUWFheHp5endTN1hMOXdoZWs4eXFYTWoxZ05ib2JmZHRkaXYtemp5NzdTMTZ5TTJoZk1zRUVmRzV3WVdESWc?oc=5,2026-10-07 14:47,인포스탁데일리,-2,-목표가 하향
004170,신세계,"신세계 10%이상주주 국민연금공단, 소유 주식 수량 13만879주 감소…소유 지분율 1.38%p 하락",https://news.google.com/rss/articles/CBMie0FVX3lxTE85YzY0LXpGdktFNG9ndkVKUFo0QzdESnB0RjA5bXd0ZmRVdHJid3BJNV9Za3JjeVhsNHZHUEhEQ0xrNWxoNEN1YTF4bUkzRmRnbUZlcWJyNDkwd3cxNlBwdkl2UzhNeS1KUTJ5ZXI2M0t6cW1xVzJMVWpwaw?oc=5,2026-10-06 14:02,디지털투데이,-1,-하락
004170,신세계,"국민연금공단, 신세계 주식 13만879주 ↓…지분율 11.34%",https://news.google.com/rss/articles/CBMic0FVX3lxTE1OYmpTLVNkdHZBUzc0TEg0MHJQTmVYMlRnaVZmSkZSMHowRk1KMXNQaF9qWWpCQWdEMGhsYnlCekNLVWN5cGl5MnZmeE5peEhKZEtJSUJUWDBHQTBJdEhLeTdQOHFUU0o2SkhIMkhNYjJTNlk?oc=5,2026-10-06 13:43,데이터투자,0,
004170,신세계,필요한 설명을 빠르게 찾는 암호 화폐 전망 2024 페이지 안내,https://news.google.com/rss/articles/CBMiiAFBVV95cUxPeVdpMEtJZVJpWG9JZmpXaGF1b0h1TFZ5cUpGWWpweXMzYzJWS2EzV01UUkNiRmVoSWt5aC1Sem9remNxMHB4QkZFSmdWOS1DaU1UVzJkMnMtRFJMQ1JqeHZhWXFTWmpQSk9UTTZweERlQ0tVbFI0UWVpZDc1ZlZmT3Y0alBqUFdU?oc=5,2026-09-25 21:42,Calgary Roughnecks,0,
004170,신세계,"[유미's 픽] 체력 키운 신세계I&C, 4년 연속 자사주 소각 추진하는 까닭은",https://news.google.com/rss/articles/CBMiVkFVX3lxTE9KTzFQV2VWNWQ4R0dPV0VwYUV1YzJxbHAzLVJncndCUGw2QlJCX2NVbVBmLV9XZXpjdVR0UGJTUEt1eUtUci0xWkozekJRNW5vR2Nfc0tR?oc=5,2026-09-21 17:14,지디넷코리아,2,+자사주 소각
004170,신세계,초보자가 알아둘 신세계 카지노 진행 중 잠금 표시,https://news.google.com/rss/articles/CBMi-gFBVV95cUxOcU9zZTJUdXhsQVBKNGZzSjJmNzVmdzkxcUJWdGVLdzJMM2I0dlNQMlBLWDdkZEFRWERkOXJ6enhITWgxbmpNdzJjM3JjZE1QTkdBcTBvem90OGEtMzhMSXpqTzNiNTF0RWdxMDRiLXQ3ZU1NZHhhcDk3Vm5uR09MZmxwMWtQTVNxaGlRVlJ5SWNfRGJxSGhpX0pWVmlKdlRnVUJHUmgxMzNWWjNidFJfZks0M1JYN29zR1psNE45QjdfdjItd192X1ljWkQyb1BQWGN4TE9wV3ZSQmt0bm9YRjYwNG5Uemo3eTdlZlQwUVpKVDhNd0h2Z1hR?oc=5,2026-09-19 21:40,histoire-pour-tous.fr,0,
004170,신세계,"신세계I&C, 자사주 84만주 전량 소각·배당 확대…""주주가치 제고 본격화""",https://news.google.com/rss/articles/CBMiVkFVX3lxTE9nWTdqYTZZbC1xVWNpTHRDSWNVbzE5MFNXbHpNUUk4c3F5aGItZ055eTh2eWt0MzFuMHRLVkJDQVFDRlg0RXNqX2pFT1ZoVnozT0tLYmtB?oc=5,2026-09-18 17:19,지디넷코리아,2,+배당 확대
004170,신세계,"신세계, 1Q 외국인 매출 90% 급증…증권가 “66만원 간다”",https://news.google.com/rss/articles/CBMiY0FVX3lxTE91TjZZdUlRZ2dUNG1UaDVIZFhlX3FsVHNKOXB1Rm9INWZKWUR6QUFlMlhtS0dNZ1VFNjJMN3NVUE1ER0JoekpOZndGQ09mMFVFdUJ3Q19rWUFJaFJxYlBRSHRTZw?oc=5,2026-09-13 03:51,쿠키뉴스,0,
004170,신세계,“환율·증시 요동쳐도 신세계는 웃는다…명품·외국인 쌍끌이 쾌속 순항”,https://news.google.com/rss/articles/CBMib0FVX3lxTE1RX0p3RFk5NjlNbzJmem1CcDQ4WWx5WjNfTFdqQ0pzMmFjZTRuaWI3WWQwWnB3Y05ZSVVMdldqOWZpUHhuX3FleGVwNVdxaGlqSWhwUl91OXAwT2FpaVNwdS1fT29ZYy1QWlljblNERQ?oc=5,2026-09-11 16:42,뉴스퀘스트,0,
004170,신세계,"신세계 주가, 9월 11일 장중 378,000원 1.95% 하락",https://news.google.com/rss/articles/CBMickFVX3lxTFBBaVJrQWl4OWNxRTc4MVo4aFFHeldqRmJ0cko0NndEOTFReExMbmdMYURJTVFBV1lOTFh3Q2Vqa3pUcUYzQVZETHV0bDM5ODRoQWgxYjVXOEtoNzREZVNFZmUzVVpUSWV2N3djeERwN1NuQQ?oc=5,2026-09-11 15:03,중앙이코노미뉴스,-1,-하락
004170,신세계,"신세계, 실적보다 앞서간 우려…목표주가 70만원 유지-신한투자증권",https://news.google.com/rss/articles/CBMiZEFVX3lxTE50N3NEZ2NlX1lmSGtFVmtEc3dCQzgtc0x5Vm02blMzd0Q1ZVdRYWNuVXVYTEdESkJTYmtFaDNBQXRTYjl1RHNqM21xNlc3bE1JTHhxdVhiaC1icTZiRzRXUUZKZjc?oc=5,2026-09-11 09:32,PRESS9,-1,-우려
004170,신세계,"신한證 신세계, 백화점 실적 견조…목표가 70만원 유지",https://news.google.com/rss/articles/CBMiWkFVX3lxTE90SkRjbmcxSDVKbHpUUVVqM3JLbG1NSnVrTnd0Z3A1a2RqOVRDVFlqLTZDLXFEZTd2QTZFRDQyUHVZNWltcDhPRmhwZTg5aWhvaTZBWGtOTGlfZ9IBWEFVX3lxTE15cFJPV3BqUm1JVVZXdWRyRkdWWGZkRGhsMElfVVd5aUpfa2g2TDFHYThkUWFmXzZGVTFEWGxaNUM4RkpBb1NiQzBYLWp0eTFLYjNLc21RRjA?oc=5,2026-09-11 08:08,아주경제,0,
004170,신세계,"신한투자證, “신세계, 패션 부문 회복에 실적 순항⋯목표가 70만원”",https://news.google.com/rss/articles/CBMiVEFVX3lxTE5uN201RDZBOTAtN29vNEhnNU95RXhaYkNPRmNJVk85NHYya1FBWnpZSDFueTk5N1R4WkNNaDl5Q2RRb1ZtR2hrai1hbGpzbkloWHo3eQ?oc=5,2026-09-11 08:08,이투데이,1,+회복
004170,신세계,"“신세계, 양호한 실적 대비 지나친 저평가…적극 매수”[클릭e종목]",https://news.google.com/rss/articles/CBMiT0FVX3lxTFBzb1I5ck5iZGNRbUVTR1l5RnZzNVMzRlJKaTRyaEZmN2dnVE9zdGhxbXhaWVlSUlNHWm5FUXJJS2V1S09kRlJNWlZwNzhQZms?oc=5,2026-09-10 16:00,v.daum.net,1,+저평가
004170,신세계,"[리포트 브리핑]신세계, '양호한 실적 대비 지나친 저평가' 목표가 660,000원 - 흥국증권",https://news.google.com/rss/articles/CBMiXEFVX3lxTE13T3I3U1JSUWZlUlFCUEhpc0hNTjdiMmxFa09fc29lc081OE92eVlsWlcyQS10UHRkQ2tpQlo1dFotSTJ4TTBINDBfcS1wV2hEam1kNlU3UGNOU2dG?oc=5,2026-09-09 10:16,newspim.com,1,+저평가
005930,삼성전자,[공시] 주요사항보고서(자기주식취득결정),https://dart.fss.or.kr/dsaf001/main.do?rcpNo=20260821000616,20260821,DART,2,자사주 취득 — 유통 물량이 줄어든다
005930,삼성전자,[공시] 현금ㆍ현물배당결정,https://dart.fss.or.kr/dsaf001/main.do?rcpNo=20260730800137,20260730,DART,1,배당 결정
005930,삼성전자,"삼성전자 ‘역대급 실적’에도 코스피 2.62% 급락… 6,625.93 마감",https://news.google.com/rss/articles/CBMiW0FVX3lxTE1ZQWZLYUZEcFhHS005RkFQam05Y0VOSjdUQUdkYjBGQ3A4UHR6VHoxZEVvUU5XbkhLUkh3Y0xpZzd4UVlrQVNOVGFsUjdCSXhTY256S0pmX3cxUUU?oc=5,2026-10-08 16:22,경기일보,-2,-급락
005930,삼성전자,"삼성전자 주가, 오늘 왜 하락하나?",https://news.google.com/rss/articles/CBMid0FVX3lxTE9LT3RURXJKeFZsMUZKRVRVZ1MzYWVtWmgyNDc0djNVcHFERHB0SE96SWRZVldHU1VEUTFKMW5jbEdacVFpVUh6NmdSYk5lUTluSzNvWGswQkpVQ01lQUwwaEZTM0VOMFdEY1JoQjdhLXl4NHFiTXpB?oc=5,2026-10-08 13:57,Investing.com 한국어,-1,-하락
005930,삼성전자,"삼성전자, 107조 벌어도 주가는 제자리…환율·순환매에 묻혔다",https://news.google.com/rss/articles/CBMigwFBVV95cUxOWnktMi13UkFiQnF6LV8wZmpCb2VlVnFrdnFJUkhsLWNLeGh2QjRSZk1UVF81WmppNE9BZjV5SnVKeG5BRlJPSUhuVmZxWmVVdFdEbC1LRmxMZmJnT3o4WUFFaGdhQnAxZ1d2R0N6bWhuQnFxci1jbnBrVzlPNUdtU0Jfdw?oc=5,2026-10-08 11:27,인베스트조선,0,
005930,삼성전자,“100조 벌어도 이정도라니”…삼성전자 주가에 무슨 일이 [머니+],https://news.google.com/rss/articles/CBMiW0FVX3lxTE9VUWpvWDVsV1VnSG5ldTBSTzJKSXVIUWstTGdIZTM4QzdteFBUMDMtdHFuZkdkcnBhc2ZIZVhRN3d4a2syR0ZZamU2RFFRc2Fycl9FSEVOVXdHdEE?oc=5,2026-10-08 11:06,에너지경제신문,0,
005930,삼성전자,107조원 벌었지만 삼성전자 주가는 주춤…'반도체 고점' 경계감 여전,https://news.google.com/rss/articles/CBMiYEFVX3lxTFBHNVhxUVk2NGYtUl95R3k0cWcwdzZLVzlfRXVISFJuelZnNTY3bHRVaVBuQlpHdk93a3ZqdW1KNDA1SHNkQnVUeF9PU1lZd01lcFE0UTVpRVFTWFQ5aWR4Xw?oc=5,2026-10-08 10:23,아시아경제,0,
005930,삼성전자,"‘영업익 100조 시대’ 연 삼전... 주가는 하락, 대체 무슨 일?",https://news.google.com/rss/articles/CBMigAFBVV95cUxOTmw3Z3ZmZ19rMDhYZ3RlTjY4Y1Nka0U4UWdyVTFsZWRQbW9uLXQyeDNGLVJXcW5uZjlHUjJubFZTTnJzdVVUd05FTHZQcVpTQTM2VXZ0TGVXcDk4eWs3ZFdVZWtVS3EwT0R2VmNINlJ0RWlkT0Q5VHQ5bVFjZG10Zw?oc=5,2026-10-08 09:21,조선일보,-1,-하락
005930,삼성전자,글로벌 반도체 업황 기대감에도 삼성전자·SK하이닉스 주가 정체된 이유,https://news.google.com/rss/articles/CBMiYEFVX3lxTE1WelNFZkE1UzgtcG40SW9EaGR6djJpZlRtQ2NxN3FGNDJ0NEZJaU41SjBmT3lueXgzVE43UHAwdzNCWDRIdEVTeERIYUhsMk93aUZma2VacDNoLS02NlUzZA?oc=5,2026-10-06 17:20,뉴시스,0,
005930,삼성전자,“P/E 4.2배의 기현상…‘글로벌 최상위 이익’ 삼성전자를 향한 오해”,https://news.google.com/rss/articles/CBMib0FVX3lxTE1SS3BFWm9NNk1xeVBKbnc5ckhvX0V1OVdvTmtQc1E5Ql82Z2xyd28yRkltRGhMTFU1UVBTTzNOazhnSzBXQkhoZjV2Qm1rZGJHSnJLZnF4a3AxWGEtcUw0VVlQT1JZdVE5akw1QTdCSQ?oc=5,2026-10-06 17:07,newsquest.co.kr,0,
005930,삼성전자,"삼성전자·SK하이닉스, 3분기 실적 발표 앞두고 주가 하락 By Investing.com",https://news.google.com/rss/articles/CBMicEFVX3lxTFBoRXo4SUQ5ZnYtLUN5NDJzdXBPdGc2VGdmT042bVpmejR3RWF0TUdxMzFzSGpob01CUUFwZ3YwTktIZElEeVNUZnF6dHp3X2lvU25paURETHpxbXo3eDhvX3l2bUFGNlMtaThqd1VadGk?oc=5,2026-10-06 14:52,Investing.com 한국어,-1,-하락
005930,삼성전자,삼성전자 27만원인데 목표가 61만원…“현저한 저평가”,https://news.google.com/rss/articles/CBMigAFBVV95cUxQcG41dXVIdVh1Z1RlUjlWYlJHcmN2a1NJVUJad3lKVEdsZ0NZV012WFkxUGlyczJsWEgzM25kRGxWS1ZTLUNpZHlOYjk5VFZlYWRpZF9RNHhUU2hYYmNvSmdJZmZxM1hDMVJrbFUtWmZDaDdzU01yWVFMbVI5MDYybQ?oc=5,2026-10-06 14:40,edaily.co.kr,1,+저평가
005930,삼성전자,삼성전자 주가 상승 중,https://news.google.com/rss/articles/CBMidEFVX3lxTE5PcVpTSWhjY1VxcmliRkREQ2pMOG5sNDJNV0owVUt3UEdleFI4MjdXTEpZMUlxdUo1bHYyaWJNX2dwTEQxS29oUmFkMTdZVm45clNZM28tY1V3NWd0a2l4V09RVDFlM01IMmtIbFRtVUJVaWc5?oc=5,2026-10-06 09:55,아시아뉴스통신,1,+상승
005930,삼성전자,삼성전자 10월 8일 잠정실적 발표 : 영업이익 100조 넘을까? 주가 전망,https://news.google.com/rss/articles/CBMigwFBVV95cUxNWDV2TzZ4WGk4dDUybm5RenBNRFNURll3eV9tX1FDU0tRSGVWeW9SRGFkbVVkeXBHUnhPaDlQMGpNUEliWnE3V3ZXS3lQbElXNWg4NEc1LTVtLWtkODdfQmRYcFhuOFVjOHRVQnZVRW9TSEJhX3JNVXRNeHVQZWI5RVMyWQ?oc=5,2026-10-05 09:36,네이버 프리미엄콘텐츠,0,
005930,삼성전자,삼성전자 자사주 매입 막바지…내주 '수급 공백' 첫 시험대,https://news.google.com/rss/articles/CBMicEFVX3lxTE9WVzRpMDM0OWpsTjZBR0RSMDctRFRubUJFN0VfV1VfZUtKTTRxdzhtTFMyYjhWYlRzdmQ1dE43Y0E3T3NJQzlyRTRxVlRoQkp2Y29PTFI1b3g4RnA0NVhza2cxcXRyVDVHVGdubTNLZ0I?oc=5,2026-10-05 08:10,연합인포맥스,2,+자사주 매입
005930,삼성전자,"삼성전자, 배당 못 받으면 어때…'100조' 찍으면 매수세 돌아올까 [증시는 왜]",https://news.google.com/rss/articles/CBMiWkFVX3lxTFBudlQ5OWFQZFAzTmh0dFFxLVZFZ1pqOGh2d2dpQ1pDd08wRFdfYUhtRVZrcVJwcER1RW1ZaFVzQkRNMFpwbEV5Z0tBX184QVRwV1VmUEh6em5mZw?oc=5,2026-10-05 06:00,파이낸셜뉴스,0,
005930,삼성전자,"""역대 최고가 '37만원' 뚫는다""...삼성전자, 목표주가 46만 원 제시된 이유",https://news.google.com/rss/articles/CBMiT0FVX3lxTE5lODFubmFNWFY5NUxjRWdXaDJaekpjSnBnRVl2V3k3SldUTXVrNVRiRjR3OXlTcXBZWTFpMlBZVHNUSVNGODh5T2RqYnZtYkk?oc=5,2026-10-04 08:47,v.daum.net,0,
005930,삼성전자,"“삼성전자, 싸도 너무 싸다”…주가 46만 원 간다는데, 무슨 일?",https://news.google.com/rss/articles/CBMiUkFVX3lxTE4yRnRWcjFtOEtxVHhYZEcwek80UWRBLWFoXzlraE9JbjhEWXNSTTY3UGN0c2pGem9ILTFRZkk1WWptYTRqUEhidDgtZWNJYW9SQWfSAVNBVV95cUxQYi05d25uMzBNMkNHYVNyN19jb2VCdEpsY3VsZzRYdEl4WUVPLXE5SjJYY01pRFlIWkpyTVJEa3d0UWttMFF6ZzBSWnhTekgyLVdKMA?oc=5,2026-10-03 17:11,서울경제,0,
005930,삼성전자,"""삼전·하닉 80% 담았는데 어쩌죠?""…목표주가만 믿었다간",https://news.google.com/rss/articles/CBMiWkFVX3lxTE1BZEl1eHhrNkt3TmwtNEpQWk05RlB0UzNveUhCMVAwUjBMeFdrRjEtdHNaREw1UV8waEJiN203U2Iya2lJWERRNG5zaGR3R1R5UHlqNURlcjVFQQ?oc=5,2026-10-03 08:34,한국경제,0,
005930,삼성전자,"삼성전자 자사주 다 샀는데...삼전닉스 주가, 이제부터가 문제? [몇층이세요]",https://news.google.com/rss/articles/CBMiXkFVX3lxTE9QbXF5aldTbGtnUEVxaDJSY1RBSEdKUHZaQ29WMk5CWVk3TDc2eHdyNGpVTS1ISzJfUkl6dUxnUHo2ckdMZUp4MW1iYmd6M0JPYU1IQ19sOXBoT29CNUE?oc=5,2026-10-02 14:19,YTN,0,
005930,삼성전자,삼성전기 주가 전망 : 삼성전자의 10월 8일 잠정실적 발표를 기다려보자,https://news.google.com/rss/articles/CBMigwFBVV95cUxQcm9iQ0pwaG8wNjRZQjhzRXNkRjhsNmJ6T2VLem5YeWtQNU1UYnpLSkM5UEJUcEUtOHFKQ2FIZ1ZLektwenJOQkVOVVF5MThPOWZpbHFYLVF5WlpPblZRRm9vdkthaDRTRHh3VWN2cWxadU9MYnZrMnpPaG5SY2J6T0lDTQ?oc=5,2026-10-02 13:16,contents.premium.naver.com,0,
005930,삼성전자,"“출렁임 끝났다”…삼전, 이젠 ‘이익’ 보고 오른다 [오늘 나온 보고서]",https://news.google.com/rss/articles/CBMiT0FVX3lxTFA2VWk5ZGFIMllyVk8yVndMeG54d1hTQkVtYVVzdTMySTdOakgwVFQ5UlB3NW0zR3o4anV0aGVMaVFTWXRGdjZ1c3VkaURyQ0k?oc=5,2026-10-02 09:06,v.daum.net,0,
005930,삼성전자,"삼성전자·하이닉스, 곧 자사주 매입 종료...10월 증시 ‘수급 시험대’",https://news.google.com/rss/articles/CBMib0FVX3lxTE1IbzhwVkdieHJScGRpOWFHbjdLRDlfckdKY1ZzX1JxcjRWdVZQY2tnRHMxdUo4RnJGbURudFh4X3lDRmpTTlZMakd5WF9pZU5BdTVDZC1rX0F3MXlEM2FWWm5vYmVfVklNMjN5aV9uNA?oc=5,2026-10-01 09:40,조세일보,2,+자사주 매입
005930,삼성전자,삼성생명 기본자본 키운 삼성전자 주가…재무건전성에 미친 영향 보니,https://news.google.com/rss/articles/CBMiRkFVX3lxTFBTQ3Q3RGxveXdaR1E2ODBBVFhXU0JsdzI2OGFGbGtWZTNBTVdJU2pYa2xBY3VOMUxSdHFKTzA3LUJYcXVSSGc?oc=5,2026-09-30 22:00,v.daum.net,0,
005930,삼성전자,63만원 vs 27만원… ‘대장주’ 삼성전자 주가 향방은,https://news.google.com/rss/articles/CBMiRkFVX3lxTE9vQkliT0ljWWtFUkVKWTdzNHpNeWVnNnowdjZTdjUtZUxkc0gwY2c1Y0ZXaHVIVUlSNlVZQmJ2LUxRRk1vWnc?oc=5,2026-09-30 11:34,v.daum.net,0,
005930,삼성전자,"해외 투자사 SK하이닉스 목표주가 하향, ""삼성전자 대비 HBM 수출 저조한 추세"" 반영",https://news.google.com/rss/articles/CBMic0FVX3lxTE11bEhmNFQtZGQxcDlZV09HaUs3LVBFNXRFN3BhQUgxSXFDU2NQTWYxYUhlTWplRHE5ZGdoUi02SWIwck42Vm9pUVRKTC1ydkgwWjJKMVM5ZkF6OVlsTjFxTDBTT0N5alZTT04zTy1qUFNEdUE?oc=5,2026-09-30 08:43,비즈니스포스트,-2,-목표주가 하향
005930,삼성전자,"NH證 삼성전자, 실적과 주가 괴리…목표가 53만원 유지",https://news.google.com/rss/articles/CBMiWkFVX3lxTFB3cDVUamZOelVlMFFDRzBJdlVBOHN4Zm5zcTQxRGl4RGpzTWNiZ3FoN1dSZFpwXzA3cUNpWnVZZjd6ZTdfdGFhcy1RVGFRSFc3RWhCMjdGMkt3UdIBWEFVX3lxTE8wR1kxRGttSlJudkVjQUI3cHZyVU1DTVFjZEJSWFRDQ01yOE5keE1XRFRTRld5ckNBblctY2dUcTE2TGxmbF9vOGVwZmdsXzB1R2dyaG5uZ0c?oc=5,2026-09-30 07:55,ajunews.com,0,
005930,삼성전자,“삼전닉스 매일 사주던 큰 손 사라진다”...주가 버팀목 다음달엔 없다는데,https://news.google.com/rss/articles/CBMiUkFVX3lxTE81ZVBvTnRlZHRDTG5qUU05RU1ZQVQtTUNrOFhkeFMxVFhyTl9JdHVmTG1XM3VBT0JGYkdfWVFmLXZxTllqVUNsLXNKX3cwekR3TUE?oc=5,2026-09-30 05:55,매일경제,0,
005930,삼성전자,“AI로 8100조 벌어야 본전”…삼성전자 주가 괜찮을까 [이슈+],https://news.google.com/rss/articles/CBMiW0FVX3lxTE5rN1dRWEVyUENjQTBuTW9kWmNHVVA5cHhwNnphMzFJQm1fZklWSG1mcTE3c0Q4ZktGZHRlelNRNFpYc1YzVGVOTzE4NVhRaFEtY1Y4R2ZNR3huZDg?oc=5,2026-09-29 15:13,에너지경제신문,0,
005930,삼성전자,"""30조가 끝 아니다, 75조 더""…삼성전자 주가 버틴 '진짜 이유'",https://news.google.com/rss/articles/CBMiWkFVX3lxTFBOTExmSjNHcUhHNmtfVkpfUlRNUk9vWFBtWThxVkZIR2FJaHZrVzJtcTdZZ2hhUlltMFltellTV1ZHaUd1OEU2RUFEZThoRkNWb0hzd2NiVkhMZw?oc=5,2026-09-29 10:50,한국경제,0,
005930,삼성전자,'30조' 역대급 배당 막차에도…삼성전자 외국인 매도 폭탄 왜?,https://news.google.com/rss/articles/CBMiTkFVX3lxTFA0WW1sQmJnSlhoZk1QejliVVVFTzVsVi1sd2h2VXpQeHBJeHJUZFpKeWRvOGVTazRtRG9sOTBkRnpXSnpfcUg1Ykl2VUxidw?oc=5,2026-09-28 23:51,전자신문,0,
005930,삼성전자,“30조 배당 잔치도 소용없네” 배당 막차 탔다가 5% 폭락…삼성전자 주가 왜 이래? [투자360],https://news.google.com/rss/articles/CBMiVkFVX3lxTFBKUGdrNDFGUnY3OU9ZbDZEUkVzcThZcWhLOTNfNkRDYy0tVTByZWhTMnRza1dEWGZiN21LU2twME4yVFh0d244eDVrdWVBUVJZdktPWDJB?oc=5,2026-09-28 21:40,헤럴드경제,-2,-폭락
005930,삼성전자,삼성전자·SK하이닉스 주가 5% 급락에 개미들 '철렁'... '삼전닉스' 증권가 전망은?,https://news.google.com/rss/articles/CBMiakFVX3lxTE1qQWpmeHduVWtPNnNMQXNkT0RQM003VzJxUmpFeG44NUxKV090UWlrSHBCZUd3OUdrR0taRUJ6anJOZ05XbHRTdWJqQmVvdzZSUEFoSU1ER1pyX3QwY1ozbmg1WHBnc2Q4Smc?oc=5,2026-09-28 18:06,ggilbo.com,-2,-급락
005930,삼성전자,삼성전자 주가가 오늘 하락하는 이유는?,https://news.google.com/rss/articles/CBMid0FVX3lxTFBROU9Pb2FRbzdFQUVnb21PNmxVTW5WWENzYVR6ZUYwZGpoMzdmSzEwalJvbUNUcXY0aGhEVmhkWWFjREpwWU9VSVBsUmNDa2pEemN5c1l5TWVxNnExdEIzQk91YkJUNlMxb2xUai1Gd3BUSFp0cjFn?oc=5,2026-09-28 12:33,Investing.com 한국어,-1,-하락
005930,삼성전자,삼성전자 1000주면 배당 460만원?…주가 4000원 빠지면 세후론 손해 [숫자 뒤의 진실],https://news.google.com/rss/articles/CBMiRkFVX3lxTE9XWXA4ZEM2OHRDT2RCeF9jWFU2VmpyVm5RTGFfMWVEQmtCYVhXNE9vbzFHZ0xBMkNPTGtVLVl2TzBEUkdzS2c?oc=5,2026-09-28 05:02,v.daum.net,0,
005930,삼성전자,“같은 날 나온 보고서 맞아?”…삼성전자 목표주가 63만 vs 35만원 [투자360],https://news.google.com/rss/articles/CBMiVkFVX3lxTE1qSHhUMTBXWVU0LU5mYk1KTVpDaVhpYU5RUGw3UXB4aGsxeDZHVk8tVUN0TU5UMkxLLXUtaHdHQlhNN21MeTNNMVYxQWdMYklJZGpRcTJn?oc=5,2026-09-27 18:40,헤럴드경제,0,
005930,삼성전자,"""월요일 국장 비상""?…삼성전자·SK하이닉스, 연휴 직후 주가 '변수'는",https://news.google.com/rss/articles/CBMiT0FVX3lxTE5SSm43dEJ6aTJfTVVVZE04R0xYLXVpQnlMamlpSGtHTE5MS0JhTVhseWlDZDRMYmxXcXlhbHY2RmZnejdIc2drYVlsZHlTa2s?oc=5,2026-09-26 18:54,v.daum.net,0,
005930,삼성전자,"월요일 국장 비상?…삼성전자·SK하이닉스, 연휴 직후 주가 변수는",https://news.google.com/rss/articles/CBMiWkFVX3lxTE5MYmpWODhZUTFxcXoyZ1RQdUFzVF9xMG4xRXV1TTFuOWpnSWVVVTdfeDlGbGVXRWlMRzBnVzF1R3NQYWxwbDdoQWNCSVZudzVmNG1yOE5tUjdMUdIBWEFVX3lxTFBaQ3A2eHN5X2RKWWR5T21KcUs1VzZhcGotd2ZkMHVHdzc0VTZFSzhhS2JKcVlLa1lHTDUyVHgzLVFaeHQ0bXE2NERBcjdVdVROYm44Z2FPU2g?oc=5,2026-09-26 18:53,아주경제,0,
005930,삼성전자,"""63만원 간다"" VS ""27만원 하락""…삼성전자 목표주가 온도차",https://news.google.com/rss/articles/CBMigAFBVV95cUxQUjduMlJlQVVONWVHTTAtQ00xVThNOVFiVVVMWnFuWjdlZVp2d2t3eFZrME8zR1RJX0Y2UHpodGpfWXdvekhLcDFXenh2OHV4X3plNlA0clBFa09zUHFoaG1sX05ZWnV2RHFzbVNHYmI5UENWc3ljMFV2UDJzcHM4Tw?oc=5,2026-09-25 16:08,edaily.co.kr,-1,-하락
005930,삼성전자,"“1000주면 460만원”…삼성전자, 28일 배당 막차 타볼까[김미정의 머니태그]",https://news.google.com/rss/articles/CBMiRkFVX3lxTE8xQk16R1dEODN3OTdZNXNsT2dRZFBXMTh5RWtoOUc1U3RXY1VKRHNqX3BzYUNvT1ZKREplU0NNc1d6NUVBLUE?oc=5,2026-09-25 05:52,v.daum.net,0,
005930,삼성전자,"배당 지나도 오를까…증권가 ""삼성전자 주가, 메모리 전망에 달려""",https://news.google.com/rss/articles/CBMiYEFVX3lxTE1hUkZZbV8zZnBvWTNhMS1taFM4a053NV9zamxpUnRYQzNIR0I1MlBEb0pWNDlIdy1kQUN0YlNoc19nZDg3czV4cElCOFZOcnRYSFVaRlhEc20tQXByV3Q4Yg?oc=5,2026-09-24 23:31,메트로신문,0,
005930,삼성전자,"삼성전자 주가 전망 2026: 증권가 목표주가 27만 ~ 67만 원, 시각차가 벌어진 이유",https://news.google.com/rss/articles/CBMijgFBVV95cUxNUEZBaDJhYU1lSV81ZHpzQVhwS3kzUFFSZV9WS1hqdzdQYWc0NU9aVDFsV1Rwb0h4aVBldG90UHRxX2lqNDJJR2YwYnhweHAzZ05NMkxYaHZMSk9WVnJWakhuWFZMdC1VbVhPdHZpb2UwVzlua00yTE13ZTVYeDc0allkWVNXaGZEdWxPeEhn?oc=5,2026-09-23 16:00,Mitrade,0,
005930,삼성전자,“삼성전자 목표주가 63만원”…30만선 회복 앞두고 증권가 전망 보니,https://news.google.com/rss/articles/CBMiUkFVX3lxTE5lbUpFWkQxaUdJbHVaVVJuSl9YTVp4YVl2TVR1QkhZY3FLVlJMZndVZmpHcm1PQTdVLTBjZy1fM0VxdTdyRGZtWDdsOGxkZWhfUnc?oc=5,2026-09-23 10:04,매일경제,1,+회복
005930,삼성전자,"“1000주면 460만 원?”…삼성전자 배당, 28일까지 사야 받는다 [잇슈 머니]",https://news.google.com/rss/articles/CBMiW0FVX3lxTE1iLURKZ0JFTEwzZmQxZW5yXzNWb0pUYmRUdHlBclNiZVBybEpmWUFsWXFCNjNHTWdKWHVzZ2RyaDI3Vm9DTUkzOTJpT0lPNFdiY2tvS0lIaUhkeHc?oc=5,2026-09-23 06:53,KBS 뉴스,0,
005930,삼성전자,마이크론 실적발표 9월 30일 및 주가전망 : 삼성전자·SK하이닉스 주가에 미칠 영향은?,https://news.google.com/rss/articles/CBMigwFBVV95cUxPRzlxVEFQX0ltVTRmNm1BcXdjQnFiRFY0Um9seHJHSGh3TkVtY0F3WV84U2VxVy1MVXUzVXZ2TGxPRkprR2l3eEFWY1EwRlFXT3J6d29LT3dyNktzZlBxVXdNc2xGTEQzdE5PaGxvcy05NjRwdVN5a2VkcVRHTUdDRjY4cw?oc=5,2026-09-22 20:22,네이버 프리미엄콘텐츠,0,
005930,삼성전자,"삼성전자 주가, 오늘 왜 올랐을까?",https://news.google.com/rss/articles/CBMid0FVX3lxTE44M3lXbDhzSFZsSlVjY0xOVXJYNzRSSERlVmtPV3NncEVQT1lpYXRnbFFSZHJzNUdpMzRTLTl6WlBXU0gzVHpBWEQyQ09qVjlpXzlaUkFSWlRlWEU3aVI5REp2dl9yN0szWnBSbnpLek5DVVVweUxn?oc=5,2026-09-22 13:09,Investing.com 한국어,0,
005930,삼성전자,[주간증시전망] 삼성전자 특별배당 받으려면? “28일까지 주식 사야”…이래서 주가 올랐나?,https://news.google.com/rss/articles/CBMiRkFVX3lxTE9aOUdZVF9KOHpESUNkMF9KOU1qV0tTcS1Bb2dLUV9McHJzT2lTTjh3YlN6RzRBRlJYOWZvdG90NFlkdWJCNmc?oc=5,2026-09-22 10:22,v.daum.net,0,
005930,삼성전자,삼성전자 덕에 '잭팟' 터졌다…한 달 만에 주가 74% '폭등' [종목+],https://news.google.com/rss/articles/CBMiWkFVX3lxTE1uMzZOWGFKNjV2QUNlNGFqazlHNmtkRmpuMnM0UUVvbTRVWFh1amdVaFZNeWlSUXVobTlKQmNUeGdnV0RfTERid0hOMjk5VkRtcExWTzhpNmt1dw?oc=5,2026-09-22 08:27,한국경제,0,
005930,삼성전자,삼성전자 30조원 배당 임박…28일까지 사야 '막차' 탄다,https://news.google.com/rss/articles/CBMiXEFVX3lxTE5qcVpDRE8tbTQwd2R4NFpzcm9EcktRTWF5T19jTlVGTndqbWxxQmY2Z0g0SG44eUR0Z0FXS1BpY29EZlB4V1ExS1RhSmYyRzBRcnQzOG9jdkhHdFdE?oc=5,2026-09-22 06:00,뉴스핌,0,
005930,삼성전자,수출 호조·배당 기대 … 삼전 관련株 랠리,https://news.google.com/rss/articles/CBMiUkFVX3lxTE1Vem9ac2dSY09IQ191Zy12cnFBY05tOWF0TlR6WU83WTBBRHlnTjVPRFlMUEt4MV94Zm1vM19WeWxvVUgyQzJmN21HX1JmUDBwNEE?oc=5,2026-09-21 17:54,매일경제 마켓,0,
005930,삼성전자,[마켓뷰] 삼성전자 5% 급등…코스피 7거래일 만에 7000선 마감 - 조선비즈,https://news.google.com/rss/articles/CBMiiAFBVV95cUxPaDNIYmlfVTh4LWRQNVNaWDU0VTJ5YUdtYlhnSEZab3FFMkNHeUxyWFlEYVFnUTdrYi12OGNVYk5DVlVsSXZ0eENMRFZMVDdSM0dwTVZTNjdaU1VPdk1mWjVRdjJxeThKM0ZGZ1hER0R0Uk1hTGtQUUVxV0pZZlNzTGg2NDl1LVpY0gGcAUFVX3lxTE5aTjJpV1JfdkxSOXhIX1ItcFNJSHJtd0JPeU5Jei1rZGxFZEs3ZGNTdHRmNVFETzlQZXV1OE5rNlJFV04yVU5pcWZKQWxINktEaHVVVjNibXJCUVhPUHZXSm1LTFVJZHBvUld1X0drWFV3SlJuZlZZa2h5NlJkMjluRUVZb292aDdDWVdBWnBLeGRyemdzRHJIN3BDNg?oc=5,2026-09-21 16:18,Chosunbiz,2,+급등
005930,삼성전자,"삼성전자 주가 장중 3%대 삼성전자우 4%대 상승, 미국 반도체주 훈풍 영향",https://news.google.com/rss/articles/CBMic0FVX3lxTE9FVXJuMTVNaGUxRVZ3bmNsOHFDWjVfNkhGZkFhM2V0U1M1S0swTjU1MTBuM3dWTFlRNWVaR0piTE1HRjh5bDZCR0pKb3RjaHppQU1kOTJTUV9kLVZndmhpRnF6R1cwdXlSYU5jNnEydmQ0VEk?oc=5,2026-09-21 10:02,비즈니스포스트,1,+상승
005930,삼성전자,“삼전 1000주면 460만원”…역대급 배당 앞두고 28일 ‘막차’,https://news.google.com/rss/articles/CBMigAFBVV95cUxNQWtYRGpTR0FwTUtUak5ZM2wwc1ZpazFsMlFwYkpIOGZJdnotazl1Q0FDQnZLTjZZQkJKRWZneUZhOXR6cm5Mbk0zdVE2MXh3Q2hzZDE3ajh4SUFvT0lySFRGQTBFZ2lqNDQxVVNjcHlHM3FvdWZEUG1rZ01aUFVZdA?oc=5,2026-09-21 09:45,edaily.co.kr,0,
005930,삼성전자,"“반도체주 훈풍 탔다”…삼성전자, 장 초반 3%대 강세",https://news.google.com/rss/articles/CBMiUkFVX3lxTE5yTTZhOXlETkUtQ09USTgxekNfNnF4djhJdWVBUWtRT0ZXc3ZoYXNfZEZ6VkpzbWdaaHdFazRSUG8zbG5KdHlGaHA3WEVmcmpCLUE?oc=5,2026-09-21 09:31,매일경제,1,+강세
005930,삼성전자,"""삼전 하반기 영업익 587% 상승 전망"" … 배당확대·주가 상승 두토끼 잡는다",https://news.google.com/rss/articles/CBMiT0FVX3lxTFBEcGlVQWxOWWZvdGdCemN0YWxsOEZrOEpoWF9wNUw5T1FuZUdJQ2tUQ0M1V2F1ZDY3NUszUk4xTFRrMFlGS0lLczVFNTBGbUk?oc=5,2026-09-20 17:42,v.daum.net,3,+배당확대 +상승
005930,삼성전자,다시 오르는 반도체…특별배당 받으려면 삼성전자 28일까지 매수해야,https://news.google.com/rss/articles/CBMiWEFVX3lxTE1xYUd6LW5WOEdfdEFxQXNRYVNCOFZvTjl5SEJUWG1JVHBqb0F2OXhHUjV3bnFwMkUza3V1WXpoQUhqWVpIQWhpZWJlaTZaWW43ZC1wRkRfM2nSAVRBVV95cUxONFdicmIzdWZHak90ZEVfSWd6MEJaTDJjS3B0cERscGhOTGdISzZiLWl1bTlpSUVYeHNsMDVscFpWWkhEa0lNM2JUZTFwSEJDV1BsbFg?oc=5,2026-09-20 07:47,세계일보,0,
005930,삼성전자,"삼성전자 주가 장중 2%대 SK하이닉스 4%대 올라, 미국 반도체주 훈풍",https://news.google.com/rss/articles/CBMic0FVX3lxTE9DZkFja1l6ZDhHZklqM2ZkY3Jla0YxR1RwMk13d1U4a3pqaGxndnY0anZ6TTBiM0h6a3JQRkVJVE5kd21mcnRpTGh3SnZNOVBwNjRod2RpVTB5MHlCdGJNS2R1LXpRTHFoa29OSTBpM2FCem8?oc=5,2026-09-18 10:15,비즈니스포스트,0,
005930,삼성전자,"삼성전자 주가, 9월 18일 장중 259,250원 2.67% 상승",https://news.google.com/rss/articles/CBMickFVX3lxTE5LXzNBd1Q4eVJSQUV6NUV4dFJiS3hwN29qZ1dicmxfMzhySFpMNUFNS2F6T2lsWENkOF9RQUpFa1I0VTNSMVI1LUJzTUNpQ1RiUnQ4aXljZzdjWHlTVUxIc3ZvOFRha2F5R3p1VVdQanBWQQ?oc=5,2026-09-18 10:12,톱스타뉴스,1,+상승
005930,삼성전자,"“주가 41% 빠졌는데 실적은 사상 최대…삼성전기, 저가매수 기회”",https://news.google.com/rss/articles/CBMigAFBVV95cUxNOUs0b0RYODRHVmVSNHk2WjVUbHJUeTVOUURRbDlLcWpON0lGTV80QlN2TVFLRlZabFJZNXVoS1VHTGxZMGYyMzh1SUU5azBEb2JlSUlubVpJRnBnZEtfdWRPSE52OU9kODhIRzVVSmM2UF9sbWZKMUlRQTRYY3A1Mw?oc=5,2026-09-18 07:33,edaily.co.kr,2,+사상 최대
005930,삼성전자,반도체 독주 끝나나 했더니… 코스피와 삼전·하닉 동조화 ‘역대급’ - 조선비즈,https://news.google.com/rss/articles/CBMiiAFBVV95cUxQVXpoNXF5RkxGdzBRZVdTeHFJZmJwV1VqaGZsVjZqSEllQnF5TFZRYmx1MXVtMWt2bEZSREhib0xES0NRcWxvTC1jd3NtR1VSZm95SXFTZ0t3X01NNmZ1ZXdpNGh2UE1UM0hWVVNLa21lTEhzUjg5Q0oxeTJGNmpwenZHaEFsWEVO0gGcAUFVX3lxTE13M2NMSGdFaFVvdkU0WUE3RlZPMlNVWmJKUS1VMnJOTlBiejZURFRjZjdLNmxKVE91TmpYNjNITjNKeWJqT0UxN1E3VjRmRHkxWGdGb0xCalJodi1UQmdUbm90Z2FPT1psY1lZOHF1UjA5b1pFNS16RGFaQi1IdTlfNmtqQW5FTmNIUm9LS0JyQzB4aUpnZl9TQlBrSQ?oc=5,2026-09-18 06:05,Chosunbiz,0,
005930,삼성전자,삼성전자 목표주가 ‘60만 vs 27만’… 반도체 업황 전망 엇갈려 왜?,https://news.google.com/rss/articles/CBMib0FVX3lxTE93WXVFa0xRRDV1cm4zWjZUUEtsUVk5enMxdVVsMFd6am4wbFc2Rm51MGdRczZidDIwalFSRlUwWW40Tl9CRWx1bThoYS1sNDVuTUFMb19KRDRkQkZmZW54RjlyNU9leWREbDQzSmJOZw?oc=5,2026-09-16 14:33,이코리아,0,
005930,삼성전자,주가는 흔들려도 주문은 탄탄…AI 속도조절론에도 삼성·SK HBM '품귀',https://news.google.com/rss/articles/CBMijgJBVV95cUxQZkVPMm1FdU1FbmZUUXdPcnNGN3VJalZVQmtnVDUyNHhReUhveG1rYUs2RGdPb3pVczlZWHJhQXNpOVE3U2NKTUZzZnQ4V01iejBBRW5XQjZrdVRzc2RYNVhBelJoaG8wSGFkaTA3VHVzVWFGckRGLWJnWlhtM0xEdkNSUWkyc1JyM3RTc2k5NXoyTFhZZlYzQVdseHdrTk96dUFLd1BzN1F2cHNjTElQa05RTWYxQUFRLUxtSC02OXNJT0k0MWx2TUZ0SGxxM1FrTzZJWU1BMk5RZXdpblRjb1dJb2pwTUVlaVlZeDhVMl9KZ1VuNDZzX2cxc2FNeXFHeUFweTdiZ2VIQ0JkaGc?oc=5,2026-09-16 06:00,데일리안,0,
005930,삼성전자,하이닉스 하락 적중했던 그 증권사…삼성전자 목표가 '싸늘' [지금이뉴스],https://news.google.com/rss/articles/CBMiXkFVX3lxTFB6VkNNeHhQaXlxclhSdVJKbDYzRm1GLUtNWTVJTVVDalAzYWRXb19fYWRjbDBfVmR4N0R1UjV0R3BDZnF0dVplejlGNDhDQXRCem9ycmotOFZfSE14bHc?oc=5,2026-09-15 17:50,YTN,-1,-하락
005930,삼성전자,"BNK투자증권, 삼성전자와 SK하이닉스 목표가 27만원과 148만원 제시...타 증권사의 절반에도 못 미쳐",https://news.google.com/rss/articles/CBMifEFVX3lxTE1BRFp1S3hfaEZEdTFIc0RTNkV2MEZieTVSMHU4OHlTUnB2SkpGbVVkRDRUdGVCVDhEVmJlUDViWW9DbFZESW92QVFYOU42VVdfMUk5R0E3dS1wZU5ZVHFCOXFuaUx5cEU2UU9pT2xOMDJoRG1VSV9XcDE3R0I?oc=5,2026-09-15 12:20,beyondpost.co.kr,0,
005930,삼성전자,하이닉스 하락 맞춘 증권사…이번엔 삼성전자 목표가 내렸다,https://news.google.com/rss/articles/CBMiVkFVX3lxTFBZcnVGdS1IelpSVUhQSFpROWZLVnBOektjZ0dqcmJMeXFrN21nTGNRZlFYRWNDWTVONmZxT1BRUDRoWVR3cHRvNl9VeUc4UERyb3VQNXdR?oc=5,2026-09-15 11:13,매일경제,-1,-하락
005930,삼성전자,"삼성전자, 메모리 수요 둔화·증설 경쟁 부담... 목표가·투자의견↓-BNK",https://news.google.com/rss/articles/CBMidkFVX3lxTFBzdlA4V0N3alI1NXZTR0hoTG1kY3B2VVlob0x3MEo5cnFTSi1namNOQlBtM3JyMVZfaHNxVlgycWRUVjV0Y0VWYURVaDAyWTZSLUVxVUUtYVVjS1ZWVjVhakJXdzRWZTA0aC1IX1hkdlNUR3JNRVE?oc=5,2026-09-15 10:16,인포스탁데일리,1,+증설
005930,삼성전자,삼성전자,https://news.google.com/rss/articles/CBMilwFBVV95cUxPdG5iNGVZdFV4VFpORWZ2b0ZOalRnZzJCWmxha3cxVzgydWd0N0l5Z09NYlVzcFpvaXM1X3MxT2Q1RHlrS3Z2MnBRZmhVcFMyNDNNakRhVmRUYU9Vb0pBdC1FOXQ5RXotVXBOdWRqWG1MZ3lneXFZckprX3dKbkw4RWF6VEJpa09QMkdtM21PVXlUbHBOUTkw?oc=5,2026-09-15 09:55,매일경제 마켓,0,
005930,삼성전자,"라이프운용, 삼성전자에 주주서한…""잔여 재원 63조, 우선주 소각에 써야""",https://news.google.com/rss/articles/CBMicEFVX3lxTE5FX25CQV8zZXlRX2MyeHN5Z3lOVGRYdWIzemszT2pnVEZKNWpBdExvcUx0M1hoNTdGMTFMWnZ3bDVvRlFnbjNFY3U2WE4xMmRCN0JZQ1lKZHdqdTdUelE4b0JtS2x2bkdzbGgtZ3VjMHg?oc=5,2026-09-15 08:48,연합인포맥스,0,
005930,삼성전자,‘하닉 하락 적중했던 그 보고서’…이번엔 삼성전자 목표가 낮췄다,https://news.google.com/rss/articles/CBMiUEFVX3lxTFBTVG95UGRUb2ZXLVhyRUNxT2RXYzhKdWM1V3RoS3NpOGlNcWhjYXJod1ZKcF9uTXYzbVpmLXA5YjgyVW1DOGhKRVdTS2NJbTBm?oc=5,2026-09-15 03:06,문화일보,-1,-하락
005930,삼성전자,삼성전자 ‘27만원’·SK하이닉스 ‘148만원’...BNK “주가 상단 제한적”,https://news.google.com/rss/articles/CBMiT0FVX3lxTFBGcmM4SzdBdC16WGMtOGowLUlTUHpqVktDVUkyV1Z3LVlvREtCdWMxOXNkNGx2bW5mTm5xU1JKMXE1Zzg0M0JGMnljU2hRY3M?oc=5,2026-09-14 20:25,v.daum.net,0,
005930,삼성전자,[이슈콘서트] 삼성전자·SK하이닉스 주가 다시 불붙나…반도체 수요 새 국면?,https://news.google.com/rss/articles/CBMiT0FVX3lxTE5LN3FQdXphdUlZa19CdTFJSkdsQjZnaTlUZnpqSHhVenJsbzZqY2dkY2NEVWZBcVJtaVBfVmQ4OFBaeUJDdW9LSmI5SHFmRGc?oc=5,2026-09-14 18:38,v.daum.net,0,
005930,삼성전자,"삼성전자 주가 장중 3%대 SK하이닉스 5%대 내려, AI 개발 속도조절론 영향",https://news.google.com/rss/articles/CBMic0FVX3lxTE9pd2pGcFJrQW0tdnE0a2pQWGd6TnR5VU44Z2d3djJodERkRGJpTkU0RzdhazM5OFhLSE9vOWtVUEtteFlRTGJKTDlxejBYWjNUWHdtLXhWUGJRTnJJbWhQblpYaXFXOGw2b2NwOGF6M3ExV3M?oc=5,2026-09-14 10:10,비즈니스포스트,0,
005930,삼성전자,삼성전자도 네이버도 아니다…개미들이 일주일간 쓸어담은 '1위',https://news.google.com/rss/articles/CBMiVkFVX3lxTE5hRmpBZzRkT0s5aE56d21nSWxIR0I3V3pqU3lRT3BMLWRwMHBLelI4bHlnbElLR0s5NmdXZjBoUzdoUDNFN19UMWVLbHFnaENJN0l4dldn?oc=5,2026-09-13 20:16,위키트리,0,
005930,삼성전자,"삼성전자 주가 9,500원 하락 후 장마감",https://news.google.com/rss/articles/CBMiXEFVX3lxTE5vMHJJNEcxazZXN0NFMFpaRzBjZzM5UV9JLV9VOGRrYmZDUWJSR3VpN2JNR0lWMUp2WWtidFZnQmpOUkNiNFZIeFZELTMwQmFtbDZDNi02ZDZGMnV4?oc=5,2026-09-11 16:52,anewsa.com,-1,-하락
005930,삼성전자,"삼성전자 주가, 오늘 왜 하락했을까?",https://news.google.com/rss/articles/CBMid0FVX3lxTE4zZVVyd1FxSHNCUEVQMV9IbmZWTzVjZFNFc21kb3RQZnoyYUUtazN3bnVsVUdWTTByMGxCWlNUSXlZU2QxZFdWc1d6aTBFOExBU0V5NzNFdl9QNjlnOU5GazBjTFl2OXpLTnV3ZXZDc2I5MW1rYmdn?oc=5,2026-09-11 11:55,Investing.com 한국어,-1,-하락
005930,삼성전자,"삼전닉스, 대규모 주주환원에도 상승폭 온도차…왜 이럴까[매일뭐니머니]",https://news.google.com/rss/articles/CBMiYkFVX3lxTE54OFcyWHNWWHg5TkFFWUlxT1ExQkxudy1KRmFpU2UySmxpczJXSnZSbGowbHRWMEpyQ0JrY3VuenFvUEpoVHh3S2c5b25rdzRWcHVzR1d4Nko0Z25KN0tid2Vn?oc=5,2026-09-11 11:13,매일신문,1,+상승
005930,삼성전자,"삼성전자 주가 장중 3%대 내려, 국제유가·채권금리 상승에 SK하이닉스도 하락",https://news.google.com/rss/articles/CBMic0FVX3lxTE5ZWXJzVkJpcnFtd0xseXN5eDl0Wk95SXNpellSVmtKMzdCbzBFMjFnbklpM3EyaGNGX3BaS1dpdllDelppQXdvbnptUW5lczdnYUU2SlhFYTdWbWxzSndmTUgxY1JYV0VaTFd0SV8yXzdGdk0?oc=5,2026-09-11 10:19,businesspost.co.kr,0,+상승 -하락
005930,삼성전자,“삼성전자 HBM 점유율 40% 갈 것”…목표주가 60만 원 [줍줍리포트],https://news.google.com/rss/articles/CBMiUkFVX3lxTFBfYkxOcXkyRGhMSy1neTRWWkN6VUo0M1RIMDcwV2NBa0h1VUsyWVFzcUZTSVR4X19MNFY2aHRwXzZwM1I3T2tuS2l6eEgtNVhPaWfSAVNBVV95cUxOVjk3R0Yyd0x6SW5ZdTRYemxfRGtfcU9hNlZyaUY0S0VmRGhaSGxXbm5zNzF1dlItVWFNb19USDQ4VWc2OTREdDNBbnpINmZmajU2WQ?oc=5,2026-09-11 09:03,서울경제,0,
005930,삼성전자,"이재용, 모친 홍라희 삼성전자 주식 1조9374억원어치 매수…지분 1.58%로",https://news.google.com/rss/articles/CBMiX0FVX3lxTE5KeFNjUGRkSEhoV0NzSjVhTjVsM2Z2OG1TakphYUpVN21WRzR2R1BCUVJQbkpsT3pCRDRQT0czcnlfRC15SWJreHpucDYyVVNVVDl4WFg2dVFlaEIxZzN3?oc=5,2026-09-10 18:25,조세일보,0,
005930,삼성전자,"이재용, 홍라희 삼성전자 주식 719만 주 매수…지분율 1.58%로",https://news.google.com/rss/articles/CBMib0FVX3lxTFAzVk5UeWVreEY3aDBrNURCVXlDeHV4YXhlYVNUZVpxVllQQmZ0Nm1OX010NW5nMjFZcHgxUUhLRG4tU3phTWp3aUdWd2ZBWVVXOGVjUndyRFZwUkZ1R1hJQzVocE9SUExtenMyM3JBY9IBc0FVX3lxTE1oWGtIakluQ2xOeDlMMDg2Y1VlWWdWZFlVTlB4SnZPY0dVSWUzdmsxcTh0Ym5tTkJaQjlmN01EX0hscUJ3VWlPeTl6Y2lUbjd3RklDYTdjODF3SVRwazAxTTFvczdzanJKRlVzNHcwUV83M3M?oc=5,2026-09-10 10:01,시사저널,0,
005930,삼성전자,"홍라희, 삼성전자 718만주 이재용에 장외매도…1.9조 규모(종합)",https://news.google.com/rss/articles/CBMicEFVX3lxTFBmQkFEdUlLaW9VeDBELUFRTnJVWDVfRU9oa1RGcml3Y1c3SUhKaGpZWnpJNEtEX1BwazR0U0tNVnRvbmlhVFY4d3RnQ3hSM19QN3lSVzlPQWl2c2tmR3JzaTRtSEpyWTFEZU9sdmdfRjc?oc=5,2026-09-09 18:17,연합인포맥스,0,
005930,삼성전자,"이재용 회장, 모친 삼성전자 주식 718만주 1.9조원에 매수",https://news.google.com/rss/articles/CBMiVEFVX3lxTE5vSHhOdjVrSlIxOGRYSVRORWhuaUlkXzU4MnNxU0hSaWRHcWV6QlJ3ZHNQNzI0Qk5vQnctd1lyT0E5OEhtUV9ISVlIWFo4UENMYXBlag?oc=5,2026-09-09 18:01,JTBC,0,
005930,삼성전자,삼성전자 주가 재평가 조건은⋯“파운드리ㆍ주주환원이 관건” [찐코노미],https://news.google.com/rss/articles/CBMiT0FVX3lxTE5QN1ZTZ0FabHVXZlFmcnRoMTVqYVhRNXVXakx6TTl2aWI2WUxIT2M1ejcyRUtNOXlOZWpybVBOQmVqR054aUhDcXBhZDVsaTg?oc=5,2026-09-09 13:35,v.daum.net,0,
005930,삼성전자,"삼성전자 주가, 9월 9일 장중 271,250원 0.65% 상승",https://news.google.com/rss/articles/CBMickFVX3lxTE9MR3BBUXlXOXNMWXU2bUVPdzZRd1FDc2h0QTFSVF9WNVlDeXpjTVRfbnRLWXJJVThieWFGaGsxeDZmVmY1dXFvaExpRzVQTHNjdEtDQ19KT1kycDlyQUJtcG1lSFNDMHUtSE1NT0gyTng0dw?oc=5,2026-09-09 09:47,톱스타뉴스,1,+상승
005935,삼성전자우,"삼성전자우 주가, 10월 8일 장중 동일업종 대비 낮은 상승폭",https://news.google.com/rss/articles/CBMickFVX3lxTE9zVnZmanlBbU1GWTdnX2p2WU0ta1MxNEZGUE5GVGJZX0dFV0FxZjNIYmZnSkhTSmQ5b2oyVE9XTDlCM2pTei1JSkFyN0VlekVpNF9Va0NfRzRBVzB0Z1JkamJqeTRPTjlWWHQzRWNLMFhRUQ?oc=5,2026-10-08 10:50,TopStarNews,1,+상승
005935,삼성전자우,"삼성전자우 주가, 10월 6일 장중 199,950원 0.52% 하락",https://news.google.com/rss/articles/CBMickFVX3lxTFB2TklzSkh3dng5U3FYWjc4SjdNRW9NS2habmtWRURKZnJKcmQ5V3B5YVF3cExyOUZmT1NKOHFKcWdvR0p0cmxtc0k0ZTdpSmx4UUpKeVpWN1hxVUY0VVYxdThUOGx6ZkRtTnFUWFVUS05hdw?oc=5,2026-10-06 10:40,TopStarNews,-1,-하락
005935,삼성전자우,"삼성전자우 주가, 10월 2일 장중 200,500원 1.96% 하락",https://news.google.com/rss/articles/CBMickFVX3lxTFBDQTg3amJUVnBpOERic0ozbHBaa1pVUWZjVVl5NDFqWDc2Z0NqTHp0dzVJSFFrZmpqWXJfMUk4NzNxckdSZnIzLTJTVG82anQzYVJaRWZHODBISkMxc3NXRmNZYXlBM3YzSWxWSnktdXd4dw?oc=5,2026-10-02 10:38,TopStarNews,-1,-하락
005935,삼성전자우,"[오늘의 주목주] '반도체 투자심리 회복' 삼성전자우 주가 4%대 반등, 코스피 기관 매수세에 6830선 상승 마감",https://news.google.com/rss/articles/CBMic0FVX3lxTFBwejA4N0ZGN2Y3SVUzRXZNWXdZdzN1X3RVU1hyZzdEN2dZdjFCM0hDM1RqVk5jWGNhUEVqdDcxdlFKUDVVcDh1X3dWRHdwcXl3NW5UcVVNdHV0M3RnMmVxV3dtZDVpZk1Ha2U5YzgxRU50a2c?oc=5,2026-10-01 16:56,비즈니스포스트,3,+회복 +상승 +반등
005935,삼성전자우,"[오늘의 주목주] 삼성전자우 주가 4%대 내려, 코스피 외국인·기관 매도세에 6830선 약보합 마감",https://news.google.com/rss/articles/CBMic0FVX3lxTE40TnhZMWV2Q3hsVUNWNXlzMGNRemlMYzl1TXE3QkVLd3YwS01xdllnNlc4SFJnYzhZdW9UTjV1R2tVSXpUakhhU084ZmsxbFgtcTBzaTA1NEdWbHR5YWZMMGo3Qm11Zk1xXzRQd0pLTDFoYnc?oc=5,2026-09-30 17:48,비즈니스포스트,0,
005935,삼성전자우,하이닉스 순매수 전환…한화솔루션은 ‘팔자’ [주식 초고수는 지금],https://news.google.com/rss/articles/CBMiUkFVX3lxTE1wc0V6MHBoVDdpVExlckRLdFFqRVk3OHZ1M0pPUmQwOWtKSjRYdzF6VWtFSXhtNHdfcFJKNzZrVHZUSEhXQkpEVXlVbzJoSk1pYWc?oc=5,2026-09-30 16:11,매일경제,0,
005935,삼성전자우,앤트로픽 ‘700조 베팅’에…삼성전자우·테스 사들이는 고수들[주식 초고수는 지금],https://news.google.com/rss/articles/CBMiUkFVX3lxTE5TV08zUWpvVktBTk14UmxQV2pwakJfZTRIc1NHb3JXZmFfc0d0VXBDb3BXa0RWRFk2NWtjWmJrZFVZTmNWdmpfcFNDM0VZQWtLdmfSAVNBVV95cUxOcVdremFxS0p5STFfTE81SFFydVVORU1TdkgwVm0zb1ZTaDVFRlJWX0lWUmJfM1kxVkF1VG9kYnRjeXpFcVYtLUJaUE8zZVFqek9PYw?oc=5,2026-09-30 14:12,서울경제,0,
005935,삼성전자우,"삼성전자우 주가, 9월 30일 장중 201,000원 1.47% 하락",https://news.google.com/rss/articles/CBMickFVX3lxTE1QOTJSMm1MZ1ZBc2tpckhMeHJNeEhMMzNJcEpBajdXcWJlVWozWW5aR0NVY2tpX3JJR3pwM1libGJfVE9iWW01NHFFSjRaNE1TSFQ3NGVrdGsxTjZqMGl6VjkzSFVONE1LVjRXWVhwc2FaZw?oc=5,2026-09-30 10:09,TopStarNews,-1,-하락
005935,삼성전자우,"삼성전자우 주가, 9월 29일 장중 203,500원 1.69% 하락",https://news.google.com/rss/articles/CBMickFVX3lxTFBmeFFSdmc4QS12VnQtMWZheURsQnVlMlFTNDRpRGlIOEMyYzJXY2pZR1BFVGhSbUJGeTZSTEE3WE9mR2dCS2l0VElDMmpKcFhxUjAyRTd0TDhmbjJwc3pGdG9WaVU2djBONHoyakJuVFYydw?oc=5,2026-09-29 10:21,톱스타뉴스,-1,-하락
005935,삼성전자우,“4500원 배당” 삼성전자…진짜 시험대는 ‘배당락’ 이후,https://news.google.com/rss/articles/CBMiT0FVX3lxTE1oX2V4YXV5djdUT3hSNWxKdm4zSXdkTm91Z3JGTW5vemZWYmplRjNoSnZwQ3hsTi1GRF9Qd29LdUpzRG1idkt1eUxsbXYxSXc?oc=5,2026-09-28 16:00,딜사이트,0,
005935,삼성전자우,"“460만원 배당 받으려다 마이너스?”…삼성전자, 오늘 사면 얼마 남나",https://news.google.com/rss/articles/CBMib0FVX3lxTFBwSjBVSXZOcTVCOXdISTZJVzNkaWZ4UVk2MDlNVm1YNXpYSVJRNWgyTFFFNGVBMDZHOHprMmczLS11YzZjMC1qS1hfVEZNT1VZNXRwcW1neW16YUJCT3lQRmNxTnBvLVZYRk10WjE2WdIBc0FVX3lxTE1wVXZHNExJWE9iQXRYazNGWjY2cU1MNkVGTlJpdXUxcXNrZWtxcXYxTkMzOHNQc1c2SFpkM3pOM3dLc25wZjVITnVsRkdTaGZRblhWS01MeF9JQ3hXVHVRZWtFNmVXRmxMbE5TVklmUHFuNDg?oc=5,2026-09-28 16:00,시사저널,0,
005935,삼성전자우,배당 막차 노리고 삼성전자우…본주는 던졌다 [주식 초고수는 지금],https://news.google.com/rss/articles/CBMiUkFVX3lxTE9xS0JVNXl4c0JYdkRlZXdZaU9wU1paellmbk8tSDZKcG5HZG14SXBKT212V2x0ai00N2tydWNRTzQ4eUxFRDJZNzIzMlF5eGxya1E?oc=5,2026-09-28 10:58,매일경제,0,
005935,삼성전자우,"삼성전자우 주가, 9월 28일 장중 210,000원 4.55% 하락",https://news.google.com/rss/articles/CBMickFVX3lxTE9XSlluNEM2SEVyT3ZjMHc2M1QtUzJYNWtNOFJJNW9QbnBCSnhpUUY0bUxmQjd3R1VkS2xJYlFNM0ZrbnlRUy1mZ3V6a3J4Tm5UckNMNDVyQlhvRU5FMmtBSU9heF9FS2I3Q2V5YmcxTzFnUQ?oc=5,2026-09-28 10:00,톱스타뉴스,-1,-하락
005935,삼성전자우,"""100주 갖고 있으면 45만원?""…'역대급 30조' 삼전 배당 막차 D-1",https://news.google.com/rss/articles/CBMiX0FVX3lxTFBsaTFsa01ENDl1Mm83WVVndEZPU0FvWWNFN0NsVXczcEZwNEZzcGMySm5RLTRGdnVGMjczZXhETGFIMWVoUFA0M3pfczE5TWEwWkVZNDdzbV9tZTZxTzdz0gFkQVVfeXFMUFRmeE51YkxacXFNOTF2dF9SUS11NXdXN25tT3A1M0FpSE91ZWd6U1BuZ1NEeXRWdHlRYjNZb0s0Q0xaR3lFUDVFdGFDcURlYzkxQ25LUjVpVVZpeThUR2Zyd1laSA?oc=5,2026-09-27 11:34,뉴스1,0,
005935,삼성전자우,30조 배당 막차에 '우선주 소각' 제안까지… 삼성전자우 쏠림 배경과 변수,https://news.google.com/rss/articles/CBMib0FVX3lxTFBzYkM2LU5UZFJuS0IyZHRSMTV4dWt6cU05dkVtOUVhX1h5cGwzVjE4eEFhbXBOQ3pheGt2bzM5Zy0yZV9mZE5mblFCc1l3THFBS0ZsTnZraXZsR3VzNXZmWGgydU1KT3RaN1V2d0t3WQ?oc=5,2026-09-23 16:00,리드경제,0,
005935,삼성전자우,"삼성전자우 주가, 9월 23일 장중 218,500원 3.31% 상승",https://news.google.com/rss/articles/CBMickFVX3lxTE1mUmFJOWZJT284cTlVczdlU0F6UlVzVG82QjhpSlEwbzRXbUQxeW45ZkFybGhVUzIwTFZxVFA4aVI1QnlRbUdtVXhzdUZqMjNfazQyVkktZWNjMDExNXRtT19MWTdKMUltUllqMV9IUTlGdw?oc=5,2026-09-23 10:06,톱스타뉴스,1,+상승
005935,삼성전자우,"삼성전자우 주가, 9월 22일 장중 212,000원 1.92% 상승",https://news.google.com/rss/articles/CBMickFVX3lxTFB3SkFWNE9PamJKSW1oM1pEa09sQjEzRjdlVW1kdWJyeGJNSzZERHc5TkpvNkZxclo3ZDd0SGxGSEFzUG8xMXdmM05jN21wRmUtVW05Vy1JWGpjRkVlUTk4aG8zbm5pN014bGkyM0hFeFYzdw?oc=5,2026-09-22 10:35,topstarnews.net,1,+상승
005935,삼성전자우,"[오늘의 주목주] '반도체주 강세' 삼성전자우 주가 6%대 올라, 코스피 기관 매수세에 7천 선 회복",https://news.google.com/rss/articles/CBMic0FVX3lxTE9nRUN2VlhXckdlbm9iS0FDSV9qdGNBbTlQQ3J6M2xicWl4bjRFTDhBazVvYmdsTG51MkNmNHBrUmFhbE5MalZwSFpsaEZSNUhzcDNBc013UGdIaXNVMW1BN1RhODMzc3R3dkVfZDFpckQxSFE?oc=5,2026-09-21 17:49,비즈니스포스트,2,+강세 +회복
005935,삼성전자우,삼성전자우(005935),https://news.google.com/rss/articles/CBMilwFBVV95cUxOem1IZXBfRHNjSHZGd3ZwcjV0N3lJaWJtR0ZmM3ctX3JGcXFEVHpVdUFndzBQZjV2UWlHM3BDeG94eFhpS1BIeWlGd0xYUUhYbzYyUXV6bmJDWkVlUUtOVEo0dnA1OF9PbURPM3VoOFVWblRBUENqN0xQZUJUZkhsUUdxTHpHVlpaVXR4UDlaQ1ZSRmN2emtF?oc=5,2026-09-21 16:25,매일경제 마켓,0,
005935,삼성전자우,"삼성전자 주가 장중 3%대 삼성전자우 4%대 상승, 미국 반도체주 훈풍 영향",https://news.google.com/rss/articles/CBMic0FVX3lxTE9FVXJuMTVNaGUxRVZ3bmNsOHFDWjVfNkhGZkFhM2V0U1M1S0swTjU1MTBuM3dWTFlRNWVaR0piTE1HRjh5bDZCR0pKb3RjaHppQU1kOTJTUV9kLVZndmhpRnF6R1cwdXlSYU5jNnEydmQ0VEk?oc=5,2026-09-21 10:02,비즈니스포스트,1,+상승
005935,삼성전자우,"삼성전자우 주가, 9월 21일 장중 206,000원 5.05% 상승",https://news.google.com/rss/articles/CBMickFVX3lxTE44VDNfQlhhd3hxaDZDX0c2X2xOVnBKLWUzTXB2dGZzNW0zUHhrWWxfY3pONGNHLW5rMUZ4U1hoYzhJbHVwN2hBWUxWQkNiZUVsLVZpSmpQRUpMMzFyVlZ1V3NtbkU5ZEh6VTU5cW5HNmRaZw?oc=5,2026-09-21 09:59,톱스타뉴스,1,+상승
005935,삼성전자우,[특징주] 삼성전자·삼성전자우 동반 강세…美 메모리주 훈풍에 ↑,https://news.google.com/rss/articles/CBMiVEFVX3lxTE9TamFVaTVWWkJGYmFONlprRVhLVEdwREJuRTFxaHI0dUdpRXJMd1BEV1lZczFXMWhJcHR0cHRBYmgtNmZvM1FlTjl4TEJZamluRW10Ug?oc=5,2026-09-21 09:23,이투데이,1,+강세
005935,삼성전자우,"10일, 외국인 거래소에서 삼성전자우(+2.78%), SK스퀘어(-0.26%) 등 순매수",https://news.google.com/rss/articles/CBMiaEFVX3lxTFBqeXh0b0ptQ0trNE5UVVZta2tPZVpTd2VmYVVQd3dGQ0dtU1FYQ1djcTBRekJ3a29KMmpRVklGQWhrTmxXMXVNeGQtWkgzamF2UVVweHA1NFhwRXpGT3MwMTRYcnJnY1Zu?oc=5,2026-09-19 16:31,씽크풀 AI,0,
005935,삼성전자우,삼성전자우 담고 SK하이닉스 차익실현 [주식 초고수는 지금],https://news.google.com/rss/articles/CBMiUkFVX3lxTFBwMmdoM0dGNF8ycTlxSm53NVM1RGhKZkVsZ2hOeXVubVlWM0ptRmZLM19ROXlBSUFVYmVOZ05WdmJrZkNFQ0haRFF6WHljQnFaVHc?oc=5,2026-09-18 15:46,매일경제,-1,-차익실현
005935,삼성전자우,삼성전자 주주환원책 대안으로 부상한 우선주,https://news.google.com/rss/articles/CBMigwFBVV95cUxOaWZNbkNlTDYwNmxPeHdEWVNVcU1FbTZUdWt3RklHNjFEVVF3QmFjS2ZrTThPZmRpTWI5bmxUZ0pydkhKcEszUDlBYzlnYmtCZHBob2Z5U0xXRnA4Tll2WWtVY2lYMUp6ZFVWbnItdmlUTGxzVlhIMU14ZTFjYzloemhyRQ?oc=5,2026-09-16 16:00,인베스트조선,0,
005935,삼성전자우,"초고수, 삼성전자 대신 삼성전자우 선택 [주식 초고수는 지금]",https://news.google.com/rss/articles/CBMiU0FVX3lxTFBoTUdXWjJWblF1c1FYMGdDMjFlenlnZmd0Z3B0czdxY3pndFl3amZuMGhfNkZqekswWUFrVm9BaDc0aVNTNWhPVXNXa3RZT1Vvd09N?oc=5,2026-09-11 15:47,mkbn.mk.co.kr,0,
005935,삼성전자우,"삼성전자우 주가, 9월 11일 장중 193,700원 4.58% 하락",https://news.google.com/rss/articles/CBMickFVX3lxTE9nTTJmd1RRSlhNZWJGclFSVjgzMGltVGtiVV9lRk9FV0phcmVFSUk5Y2NQNWo1QTFacWNuN2x4RXZiUGlhbjIwOXNLSkprdTlwMFVTMjhYMHh2ME1KalFwbHhKVUI1S2pzaGF5MFk1bVFJZw?oc=5,2026-09-11 13:58,topstarnews.net,-1,-하락
005935,삼성전자우,[거래소 외국인] SK하이닉스 삼성전자 한미반도체 대량 매도...삼성전자우 SK스퀘어 '러브콜',https://news.google.com/rss/articles/CBMic0FVX3lxTE1pZkZrRlJ4b3ByUGFIUTc2WFJhVmNPbmI1S1ZLQnl1SGNoRnVjRWNqaHFBYVR2OVZIZ21iNEdKdTRSdzhwanFjclZfd1Q4Wk04YkY1WU1XVUZkRWpydW5CWnFTWFk3dXI4WTZZVVFtMHNCelHSAXdBVV95cUxOeUpvZzZ5Y3FEdlItc0dUbG55TmwxUkgwckdOWDg0ejhlc200Z0pLVEdIdklWVmRXVmFjRGVJWmRrZEFUQmVrdHhtc0hQWlZpN0NnN3NhZWV0RFJwVFVueFM2dnlaMmVIbnQ0UkEtdGR0SFFsZGVBYw?oc=5,2026-09-10 15:57,핀포인트뉴스,0,
005935,삼성전자우,"삼성전자우 주가, 9월 10일 장중 195,900원 0.81% 하락",https://news.google.com/rss/articles/CBMickFVX3lxTE9ISUwwcUx3M3ptdUk3RG1jbHF5UEFJWkh3TU1TbG5SajFkc0xKWVNpN3pFcGg5OHM2dmRtU3Y0bUdNaFctd0hRNU42b1ZlSU9ON0hiY09KY2k3Sm9KczhUV2NDa1FfYlp0cjdCb1FIOUpyQQ?oc=5,2026-09-10 10:36,톱스타뉴스,-1,-하락
005935,삼성전자우,삼성전자 본주 팔고 우선주는 산다…상위 1% 투자자들의 선택 [주식 초고수는 지금],https://news.google.com/rss/articles/CBMiUkFVX3lxTFBmR2wwMjdndXl1dFREVEFVclRHdUwybHBXcnpBUnVLV3ZtaVpzd0xyWkowSXk1NEFBNVdzVTl2RWl2RF9ja015RTY2Q0tkekd1WUE?oc=5,2026-09-09 15:40,매일경제,0,
005935,삼성전자우,[1% 초고수의 선택] 삼성전자 하이닉스 팔고 '삼성전자우·SK스퀘어' 샀다,https://news.google.com/rss/articles/CBMiaEFVX3lxTE1zREdJcXhNbWgxV0RDTHJWekdDYUh5UTRWeXk0aFJobHF0QmFHS1FOdHM2Y252X29ERFdHVkR4LVZmQTRQY2tIWHY2YXZ2eFhkY0VFZzFTd09UYXlfNjB3SmhJY25TamRv?oc=5,2026-09-09 15:03,ebn.co.kr,0,
005935,삼성전자우,"삼성전자우 주가, 9월 9일 장중 199,200원 0.40% 상승",https://news.google.com/rss/articles/CBMickFVX3lxTE1mOGg3Y3NIbTVLbFdvU2lrNG4ybkU3SWJHZVRRLWstNmhQMGoxbjItZ0lNY2hWblZiLXo2RDRGa1JqZ3hQeWJLbXRXQ0ZWWk5ZOS1zcEFnenFEb1M1S0oyb1RtdGxDQUtqa1MtU2ltdzlyQQ?oc=5,2026-09-09 10:44,톱스타뉴스,1,+상승
006800,미래에셋증권,"미래에셋증권 주가, 10월 8일 애프터마켓 29,600원 2.95% 하락",https://news.google.com/rss/articles/CBMickFVX3lxTE9ERVQ2NTNFRjJrYzlOU0pUdUpFekpXMjB6aGxBYm03aVRYa0hZWHNYMFYzVnpSVXNhcE5LNUtWN2RzLWxZejBiNi1jRk16SVdSOTJpX256Vkdyc3JzR0gtd24tczFuM1VKZndiTTh5Q0Q2dw?oc=5,2026-10-08 16:05,TopStarNews,-1,-하락
006800,미래에셋증권,"`거래절벽` 직격탄 증권주, 실적 둔화에 주가도 `와르르`",https://news.google.com/rss/articles/CBMiYkFVX3lxTE9FVFp0UEtEcnZDd1Z6dnVad1pxZDY2TUhfd1p0MThtb2QtcC1sLTZOYnhuaDNMZi10S1VScjZhUDRJRlZWQXJnbXMwYTdqZkwxQ1BJV19xeUx5b3RWRTl5VGZR?oc=5,2026-10-08 09:09,매일신문,0,
006800,미래에셋증권,스페이스X 170달러 회복…미래에셋증권 2.8억弗 선제투자 재부각,https://news.google.com/rss/articles/CBMiVEFVX3lxTE56LXlCNl9iaktBUmMtWU56bEJsWEZMTnpNblJkWWpXMUZnYXFzbFRnOEZFUG54SVRhdnZMT2tWeGdncWV2UzRHTEJGZTJmYmp2aWJZWg?oc=5,2026-10-07 10:18,Daum,1,+회복
006800,미래에셋증권,"하나증권 ""미래에셋, 스페이스X 평가손에 3분기 적자 예상…목표가↓""",https://news.google.com/rss/articles/CBMiW0FVX3lxTE0wdDRRbmV0Z3dhRHBpUHdBRVEwQ3JvSmcxSW5IZG8zZi04VURzaDNyazFORWxYX0hxYjNUY0paeHF6ZHkweWd2Y2d0TUNQVXI5ZWUzeVhqSTIyWknSAWBBVV95cUxQd3d4YVlzUzR5ZGNpNEROYkxCM3Q5aW4zeGRQV0d0akNfbUR4LVZFbGtPTVFfd0xUdDloS0ZYTmRaQlVWOUpIbUZZeUFTa3NqQjlxM2Z5MFlmTHhmRlRZMVY?oc=5,2026-10-07 08:53,연합뉴스,-1,-적자
006800,미래에셋증권,"미래에셋증권, 스페이스X 주가하락에 3분기 적자-하나",https://news.google.com/rss/articles/CBMiX0FVX3lxTE5ySnREMWxMdnlCRWdhQVFhRFQwT0dZa0hNVXVZemdvdUNaZWlZalN4b0JpblNKOUNzRGVWMTRLc1JrSFBaOG1haW5DaWphMlluZlpnZ05yOVh2aTNfOEpr?oc=5,2026-10-07 08:23,스마트투데이,-2,-하락 -적자
006800,미래에셋증권,"""미래에셋증권, 스페이스X 평가손실로 3분기 적자전환 불가피"" |",https://news.google.com/rss/articles/CBMidEFVX3lxTE1oSFo5MW1qNUJxS2FzQ3NBNHVxNnppZ2NUYXhJNV9HYVBDX0gyQ0FHdW4tY2lKRks3Z21vWHF4S09hZjFobUlUWkdSeEN3TE0zZVlNMXZGa2NGN0lBUDNMRVFZUzRwVWhPTUZaTEZmLUZnRHA4?oc=5,2026-10-07 07:37,연합인포맥스,-3,-적자전환 -적자
006800,미래에셋증권,"미래에셋증권 주가, 10월 6일 애프터마켓 31,950원 0.95% 상승",https://news.google.com/rss/articles/CBMickFVX3lxTE1aNnVGYVNWS0RGSjIxQ0llbDlrZjJGRERIVVBZVlRkY0x6LWxObndBblJER0JZcnRfcnN6dDFqTlppSElienAzWFhIamdheGdpeFUwWXZ1TkZJdjVLVTJRNjNZakQybFh4WlZIdVJTNTlpQQ?oc=5,2026-10-06 16:14,TopStarNews,1,+상승
006800,미래에셋증권,[현장] 스페이스X 펄펄 나는데…미래에셋 ‘0주 참사’에 두 번 우는 개미들,https://news.google.com/rss/articles/CBMibkFVX3lxTFBDazJRUDA5OWl1OVNrb2N0UlVMOEhOdDhUVUNyWGtwNVdKekMzNThNV1p1YjUyRTZ4YmpDUHZzcXhtNEtOVDFQcDZYNnR4VVJVQWRLck5uNDBUVXlMLXRNSld1aVNYUFY1V3BKdUNR?oc=5,2026-10-06 15:20,알파경제,0,
006800,미래에셋증권,미래에셋증권 006800 주가와 핵심 뉴스 | 리틀빗,https://news.google.com/rss/articles/CBMibkFVX3lxTE5vX1ZaT19hTGpjMElKUVlMV2MxU01ERVdXeXRRQW0wRE0yd0tpWWc4QlFJemczOHc0bVhFdThWRndyQVBRN09PYS14YWwzTXJPNFNmcmdiYWZtSGRIRFVDUzF5bGNuTlREV3AtdlJ3?oc=5,2026-10-01 06:35,데일리바이트(DAILY BYTE),0,
006800,미래에셋증권,"미래에셋증권 주가, 9월 30일 애프터마켓 30,900원 0.80% 하락",https://news.google.com/rss/articles/CBMickFVX3lxTE8xd1NxODlMb0tyTi14MW1QMHQzQ3Q5SnN4WlVaLUpRdzJ6SnJYd2xYWDNjMWVMb1NBRWVDMW1LaFU2Y1EtOEZpS2VDVmEtVmYycEZkQnlEZ0VYcjdCbjlzUmZoNUdqSmUwUmZ6ZVAwM1FuZw?oc=5,2026-09-30 16:36,TopStarNews,-1,-하락
006800,미래에셋증권,"미래에셋증권 주가, 9월 29일 애프터마켓 31,050원 2.36% 하락",https://news.google.com/rss/articles/CBMickFVX3lxTE5FdDBDQjNqU1VfLVpfTGlsTmpOd1EzbkV2WC1DYjdaX01MR0pDVW4tWXRrck5ndjkzT2lKOHFVMWFqWDlBbEV2WnhqUFdxM09UeW03T3llcGM2S2JWR0I1cTVNX1IyVWYwOW93Y1VaU1U4UQ?oc=5,2026-09-29 16:12,톱스타뉴스,-1,-하락
006800,미래에셋증권,"스페이스X 주가 변동에...미래에셋, 변동성 최소화 고심",https://news.google.com/rss/articles/CBMibkFVX3lxTE1BdFVhYU1rSThFbERNUEg4QmZPdWdDNU43WFdPWHQxNEhjOF9rV0g0V2ROR3RZYUt4dC1XMUZwVWRPeVMtRUR0S1I2cDJmdlNfejdWWXk3N0hIQldTR2F4NWNHVWJIdF9NNHBlV21B?oc=5,2026-09-28 17:54,아시아투데이,0,
006800,미래에셋증권,스페이스X에 휘청이는 미래에셋證 3분기 실적,https://news.google.com/rss/articles/CBMicEFVX3lxTE44QUFXN3dWYVUyVmlMZmxxRmh1ajhiZGdTckg3OTk1Q3o3a18zeENKNGsxSWxpRE5wZzlhajFqdk9lZXM4ZEpLbG5STWlOckNSaDgxdTcyazlSelhOMm0tMS1henBSRjhNVGwzd3NmR1HSAXRBVV95cUxNUUZWWThpNXlSajBPQWtKdWNxbWtBOVEwR3I4a1pRdVRUcng1M2lOVjQ1MnNEMHRzRUlYLXBIUjhldWhYeVhwVDJHQzJfY0dwZ0tZNHB2Snk1bHF2U0o2S0NobnlXa29neDliM3VJdC1vd3FQMg?oc=5,2026-09-28 16:00,IT조선,0,
006800,미래에셋증권,미래에셋증권 3만1750원 약세…글로벌 사업 성과 점검,https://news.google.com/rss/articles/CBMibkFVX3lxTE96dUhaNGVBOW1MRUVqc2I5amxwZ3ltYUdIRVZsNVpRMzdKNFVYNFk1cHY4LWQ3dE5TUkdYWGlyeUZObEhGSDV4VVJFZy05dTNqcGhQRFV4YUR5dklWbF9Oa0Zpa2swX191VzZydFV30gFyQVVfeXFMTmpVNl9tdzFtdWpXZU1NY3ZTVzQ1d2pPUFpzcG9VQWhhLWRERXM1SlBCRVN4OEZKMjBBaVJfaTc4aGw2MTFJNEk3R2d1NXBwTGZiVlVxRlNrbEtncFRDbTY1ZnduQUdTcnJBNGJ6WFh2eTdB?oc=5,2026-09-28 14:56,잡포스트,-1,-약세
006800,미래에셋증권,"미래에셋증권, 투자자산 손익에 실적 널뛰기…“미래 증명 지켜본다”",https://news.google.com/rss/articles/CBMiaEFVX3lxTE5yLWdoUVBmUXFrMDJiYUZmdDZ6bmdVbHpGMzJtVFl5UWVhajBVUFZObmNqdUxuX1dzQTdwdDI0d3ZsM1RXcHdfb1MzV0ZkTUtWa0pHT21TVW1CQVg2elRpcFoyTzlyYW9F?oc=5,2026-09-28 13:11,주주경제신문,0,
006800,미래에셋증권,"2분기 순익 1.9조인데 고점서 63%↓…미래에셋증권, 시장은 ‘지속성’ 본다",https://news.google.com/rss/articles/CBMib0FVX3lxTE0wM1ZNMzVVbGFqTHhwLXZwaHloMnptRjdnaFkxRVRUQUdyMjRlalJLVWVpdE93aG1qQ0R1M0xMaVJqRWVmT01hbVRoaHp2RTdDVjBFUXAxZE9ZaXRGNnFkVXdreC1oZ0F4SndKR1cwMNIBb0FVX3lxTE0wM1ZNMzVVbGFqTHhwLXZwaHloMnptRjdnaFkxRVRUQUdyMjRlalJLVWVpdE93aG1qQ0R1M0xMaVJqRWVmT01hbVRoaHp2RTdDVjBFUXAxZE9ZaXRGNnFkVXdreC1oZ0F4SndKR1cwMA?oc=5,2026-09-23 15:07,토요경제,0,
006800,미래에셋증권,"[특징주] 외국인·기관, 미래에셋증권 매수 상위…삼성전자 수급은 엇갈려",https://news.google.com/rss/articles/CBMiakFVX3lxTFBWc1lDOThZTEI0MmJOYzJ6NGRKQkd4d2hveDVYb0lkMm1PY2E4NWYyX1R1Y3M4ZlFXZzhzTGxLU1lIUmJuUXBaanY4Mk1uQk9UZFdKVl9mWDFteVFqejd6SlhpeV9DQmxPM0E?oc=5,2026-09-22 12:02,뉴스티앤티,0,
006800,미래에셋증권,"미래에셋증권 주가, 9월 22일 장중 33,450원 4.69% 상승",https://news.google.com/rss/articles/CBMickFVX3lxTFBxZGJvTUVvcXVfN2NtN2NycUx6WHh4QTg0NkczbjlJWVlNM1h0d0Q0U3p5OHgwUGF0V2xuQ2d5alUwTy1lekxxeTdKZlExLXFlRVhuN3MzdmFwcHhLWVE5czdHSnM1VnJzRjRmMlVmUXZKdw?oc=5,2026-09-22 10:47,톱스타뉴스,1,+상승
006800,미래에셋증권,"삼성전자·SK하이닉스 주가 놓고 ""오를 만큼 올랐다"" vs ""더 오른다"" 반론도",https://news.google.com/rss/articles/CBMiY0FVX3lxTFB2Wjhjek82NkRXMlFsalZYOUJYQmxHbFhvMGhVSnJzdEVoZHZVRFNVSzY0RFB1b2hLdEJYTnVROHV1anZxbkZPZ2p2dGxEMEVIaXcwOFA3U3pGYmpKdEkxN3FzTQ?oc=5,2026-09-19 00:00,더구루,0,
006800,미래에셋증권,"미래에셋증권 주가, 9월 18일 애프터마켓 31,500원 0.94% 하락",https://news.google.com/rss/articles/CBMickFVX3lxTE5qNTZzeGxuMkIzM1BrRXZQRUh3TnJ3TVlranZEYjVkVlNnRWVOQWRvSzF4Z3Fyd0EtZ1FzUjNRSDd2X2kyUmNvRDVTQzZOUmVJanB4LVRmdmppUTJDUURJbUNQb2ZISmlYZDVlQnoxb1ZHZw?oc=5,2026-09-18 16:47,톱스타뉴스,-1,-하락
006800,미래에셋증권,"제넨셀 주가조작 주요 혐의자, 전직 미래에셋 출신 계좌관리인과 유착 의혹",https://news.google.com/rss/articles/CBMibEFVX3lxTE93Mm1NV0RrcVVjZkMyRDdWNURyZGx5RW52RHM1Wm1qcXRzOUJZZktWOHpOSWJUM2Zlak96ekNjLUZjc2VYYVJxeU1rZ0w2WXFUbVg3X0NmekJaUXM0MW1VN2NpSlhWa1FPdjVYMQ?oc=5,2026-09-16 18:02,아시아투데이,0,
006800,미래에셋증권,"제넨셀 주가조작 주요 혐의자, 전직 증권사 출신 계좌관리인과 유착 의혹",https://news.google.com/rss/articles/CBMibkFVX3lxTE1JUGFYcjFlcElucmFZa0l3NnBRX0V3N1NXRVZHV205NklWUDh6cEFxY3p2MDZRTG1uRnNQMkppMmtJRkFzYkhkVUt2OV9oaURmdzUwdHFvdUxURHFfcGFoSW1Sb3dWbmVIY3FRWkZn?oc=5,2026-09-16 18:02,아시아투데이,0,
006800,미래에셋증권,"‘IPO 대어’ 앤트로픽 지분 쥔 SKT, 미래에셋證 주가흐름 재현 가능성",https://news.google.com/rss/articles/CBMidkFVX3lxTFBUUVFhZ1JobjBLN09XR3FuWFZ0ZTNVYk9VTEZLQzJzeGxnUWs4M2JmajJFbDRVSDMyVmVOdVlHZlVQMVEyMmllc1JJSHpmNGdCTFo3UHc0SWVyVnZfOEFQZ1NsYWhtdjIxMW5iZFdIdTJXOXE2VnfSAXZBVV95cUxQVFFRYWdSaG4wSzdPV0dxblhWdGUzVWJPVUxGS0Myc3hsZ1FrODNiZmoyRWw0VUgzMlZlTnVZR2ZVUDFRMjJpZXNSSUh6ZjRnQkxaN1B3NEllclZ2XzhBUGdTbGFobXYyMTFuYmRXSHUyVzlxNlZ3?oc=5,2026-09-16 16:10,시사저널e,0,
006800,미래에셋증권,"[증권言言] 유안타증권 ""미래에셋증권, 11월 신규 기업가치 제고 계획 발표""",https://news.google.com/rss/articles/CBMia0FVX3lxTE9IUVVFMEZFVzU3dGc5RlFyZTFhODVfbGstZHlPTDBtUWlEckstRFViSHFfSFpnTl8wbzJiY0RPOGlsMEFvYXdqWnQ3dnNfcV8zQ2trT0JkV2JvaDZVUU9SdHFGODltc3lmdGtr?oc=5,2026-09-15 21:54,마일드경제,0,
006800,미래에셋증권,"미래에셋증권 주가, 9월 15일 32,050원 3.32% 하락",https://news.google.com/rss/articles/CBMickFVX3lxTE0wM0lPa0R5dnVreFZJaUdMcWV1LTg0MkNfbHI0QUMxVzRpQmNnREgtemhSX2E0cnlmc2N5QWM1UmJmRTRUVkE0VUZIa2lBb1BHaXFIYmUxeTdrb1VNcDNEWFpDS0hocjBNcl9RZjlwRXJoUQ?oc=5,2026-09-15 17:22,톱스타뉴스,-1,-하락
006800,미래에셋증권,주가 4% 하락 ‘삼전닉스’…수익률 상위 1%는 집중매수 [주식 초고수는 지금],https://news.google.com/rss/articles/CBMiUkFVX3lxTFAwM1BOQXgwVXZJOE94NG5qV2E2N3BYZWhlalNfcUhPano1cVo3VUYtc3duTGlGVm4tdmlEZi1hc3N3WXlDRlVycEtmWjlwS3l4dEHSAVNBVV95cUxPeE9wZnF3cEtjemhCTFRrTklleDNzREdxT0UyZmg2bXJPOGNidmljVFBLdVhieTdWTnF3WmpFWVZtNEdEN2R2bzFhYWdESUY5VzJkaw?oc=5,2026-09-11 11:46,서울경제,-1,-하락
006800,미래에셋증권,“우주주식 10달러 떨어져 2700억 날렸지만…미래에셋증권 ‘여전히 4배 대박’”,https://news.google.com/rss/articles/CBMib0FVX3lxTE03SUE4WHU0N1hUR1NtektyRXBlM2lwdVFvQldpYjlVNEszdXFBS2xaT21obzR4bk5CNXVsVWpZcmVTeGZPQ0N4cDZYRmRMVDBMQ3VJajROQVM0ekt0ODNBckNqOEhKUEJBbFdaRTZXcw?oc=5,2026-09-10 16:26,뉴스퀘스트,0,
006800,미래에셋증권,"HK이노엔, 케이캡 해외 확장 본격화…매수 의견 제시-미래에셋증권",https://news.google.com/rss/articles/CBMiZEFVX3lxTE9MTEJkcXZ4aXpLMGVBYW9SQnk2N3F1dFRqZFZJZFJLU1N3REFfVVNHN0M4ZHR1MEtNV2FjWXhxWWZkQjlMWEZfbW1UWXFHdzVmOVRVNDdnN1pvVkVZMEVBNEtsTkI?oc=5,2026-09-10 15:23,PRESS9,0,
006800,미래에셋증권,"[리포트 브리핑]HK이노엔, '여전히 주가의 원동력은 케이캡' 목표가 56,000원 - 미래에셋증권",https://news.google.com/rss/articles/CBMiXEFVX3lxTE5Belh6N1NndUh0THUzcUh0TWtRQXV3NjhZVy0tTXhNN3RHLW9BdzFra0p4LThsRWU0NGc0LU9uTFhXajZMZ1F3SS1JbndHbDduZ0thZVd1dlN1aE0x?oc=5,2026-09-10 15:22,뉴스핌,0,
006800,미래에셋증권,증권주 목표주가 줄줄이 하향…“거래대금 약세에 당장 반등 어렵다”,https://news.google.com/rss/articles/CBMiY0FVX3lxTE1wTDB4dUwzRTdCNy16d19PbUtPc1VGc2VrQzRwX3VqRUg3TlY4VU9NUHAwMlVBQmZ0aVpzZUE0VkFmRi0tWkZCSTJ5LThpNExVVmVoRU1fbEdOVVA0ZDJQMHpjWQ?oc=5,2026-09-10 10:53,쿠키뉴스,0,+반등 -약세
006800,미래에셋증권,"미래에셋증권 주가, 9월 9일 35,050원 보합 마감",https://news.google.com/rss/articles/CBMickFVX3lxTFBrZTZxaFI4TjRNNVdBZmxHM25FLWVCNnM4RWotMVl3M2J2Q0JnYXM3Skk3S3JSWTlEUThKcVQ4b3Zadk1zSi1mR3BKOWd0ZDFPQ0ZMMXNxMkNGR19mZWF0Sk1QVmhkRXB2MFhKZGdrNTU1QQ?oc=5,2026-09-09 16:26,톱스타뉴스,0,
007070,GS리테일,"“GS리테일, 3분기 영업이익 1200억 돌파…편의점·수퍼 ‘더블 호재’ 올해 실적 반등 확실시”",https://news.google.com/rss/articles/CBMib0FVX3lxTE0tM21GVVR4dDR1d3FNNUgzYVdoczBRdVo4QzhFMzNmYVdVeTZWbWNsOVVKaldyQWUtNDBndFNtY1Q3emtQcDlXOWxHdkxBbHBWNXEweDZPQ1Q5RUtBa21EU0ZvVGY5NWpyQi1XQnVnUQ?oc=5,2026-10-08 18:37,뉴스퀘스트,1,+반등
007070,GS리테일,"[리포트 브리핑]GS리테일, '3Q26 Preview: 수퍼의 강한 반등' 목표가 32,000원 - 한화투자증권",https://news.google.com/rss/articles/CBMiXEFVX3lxTE5keTZuNDQwTkZ3d2pLSnJocU9Wb2ZjUFllWDBRa3c1czNSNjFLQ2RyZ0kyOTE0ZEdSbmU4eXl1NGpYejRUQkw5SU1tcFJXTlRpMnp1UzB6QnlKOXNm?oc=5,2026-10-08 08:33,뉴스핌,1,+반등
007070,GS리테일,"“GS리테일, 수퍼마켓 호실적 기대…현 주가는 저평가”[클릭e종목]",https://news.google.com/rss/articles/CBMiYkFVX3lxTE5GOEExeXlrTGlNZ1k1MWdTOGVWRThuWFgwZ2pBbmlfQ1dOVXc4SWpUSzZJSmUtVjI5Rm1IUFZQOEFZUU1FX1Vhb1VKemVBSHFZUDRQNC12ZFdQbDB4Rm9SeTZn?oc=5,2026-10-08 07:15,아시아경제,2,+저평가 +호실적
007070,GS리테일,"GS리테일 오진석 부사장 국감行, 'GS25 납품방식' 도마 위",https://news.google.com/rss/articles/CBMic0FVX3lxTE9sWUhCMWowZzFON1JjbUR5VlFqc1dFd3FIUVFmcTExaXE3WkFqNEIxY05HT0VLZ2h5RDJnblplYjJNMjNNYnpZZnZkM1dLalkzbmpUeE16b0E3ckgwVU5KR25lSjFOa290aEt0cDczb28ycU3SAXZBVV95cUxQRjZ5RDhORm45X0MzNXgyZTRlUjIzTm9aeVIwWXA4VkhicFUzUE5Hb1c2R1A2QS04bEZzcTUxbWNoS0pFZW14V1V0YjJCYW8yVTdtd1JmSHp6Y1NLTWJyZjc0UElaWGsxcEdRZGhYRnQ3eEdmNHJn?oc=5,2026-10-06 14:01,증권경제신문,0,
007070,GS리테일,"GS리테일, 비편의점 사업 개선… 3분기 실적도 맑음 예상 - NH투자증권",https://news.google.com/rss/articles/CBMibkFVX3lxTE1UaGp0amljV1FCdlJlOEtKOFZ0ckRzdEZpRWhETHViWGF0blQ2em9UZDQzRHdkWERBLUtSMlFsNUdDbnViOWtONEJuRjhHSnoxSWZkR2tXcXJ4NEw3b2t3YUUzZ0ZQb0d5VldQZml3?oc=5,2026-10-03 00:53,S저널,0,
007070,GS리테일,"NH투자증권 ""GS리테일, 비편의점 정상화.. 밸류에이션 재평가""",https://news.google.com/rss/articles/CBMiiAFBVV95cUxNTHpBMUNqa1hvQkhtNkhqbmQtTVZCR1I0OU1obUphNDhvejBtMktFaDZfa3B6dDJiWjk3TnFfYUMtMVdvMUZUWGNwSkhaZHRhQVAxT0FRQ3FpaVhhclRUY29DWVU5cUZEUEVaSXJoSDRIa05MTjlFekhJUG1uQ18yOUIyTGZLOWow?oc=5,2026-10-02 09:27,글로벌이코노믹,0,
007070,GS리테일,"[리포트 브리핑]GS리테일, '재평가가 진행중' 목표가 34,000원 - NH투자증권",https://news.google.com/rss/articles/CBMiXEFVX3lxTE83bkI3amhKUzdvZHRGSDJSQVdUcjczcllETzZKbXFLMXJqTzdZSDVPZF9ma1VFbDFGcGkxbWxYZkUzMkJ4T0NsakxnVkNOMHRtTVZCRTBKaEdFcDNq?oc=5,2026-10-02 08:52,뉴스핌,0,
007070,GS리테일,"[버핏 리포트] GS리테일, 비편의점 '골칫거리'서 성장축으로...PER 9.4배 매력 부각 - NH",https://news.google.com/rss/articles/CBMiYkFVX3lxTE1pLXdLQ0IwcEY0VTlDaEMxSmZrUXVvSU43Y0lTODBVQWttY3RaUlVqdlZ5eEJHMkhlOFV4VF9TYWtMa0xWYm1NQ0k3b18yMUVuc1lHcXlBdWk1bk9rdXFnZ25R?oc=5,2026-10-02 08:45,버핏연구소,0,
007070,GS리테일,"GS리테일, 비편의점 부문 정상화로 밸류에이션 재평가…'매수'-NH",https://news.google.com/rss/articles/CBMigAFBVV95cUxOYUpjOTM5UEIxbDJZdndaS2dNYjZ4RlpBNDA3SlJwdFRHenJzRnRHNzJYaGQyaWlzMGVZWVE1ek8zVWFkcHF2NVNSd2ZVVFVXU2ZtZFNBLUdsZmN5N0ZNaF9OaVdtT2Vtd1o2bzZLNUQyMHY4SWNLdU4tcldHajZFMA?oc=5,2026-10-02 07:50,edaily.co.kr,0,
007070,GS리테일,편의점 잘돼도 부족한 '한 방'…지지부진 GS리테일의 속사정,https://news.google.com/rss/articles/CBMiWkFVX3lxTFBRbDlMRUhxMkNwbWhIM05nQzJSX2EzZ0FlaHRTWTRPX29acHM1WVVSZW9rZXdiWExCbFJibjJpMVozdnRzS19RRjJkdHg4YmNLRU5lbkI2MHh0QQ?oc=5,2026-09-17 09:53,한국경제,-1,-부진
007070,GS리테일,"흥국 ""GS리테일, 적자사업 정리 효과 본격화⋯주가 재평가 가능성""",https://news.google.com/rss/articles/CBMiRkFVX3lxTFBGVmtCVDFEUUdWVGU0aVk4N3IwTHRZUEp6N0NHXzJEM3Z3blJiSGVjYllLZThUQWJKYjYtREF0Ty1oM3ltR3c?oc=5,2026-09-16 16:00,v.daum.net,-1,-적자
007070,GS리테일,"“GS리테일, 실적 개선에도 여전히 저평가”…목표가는 3만5000원으로 낮춰",https://news.google.com/rss/articles/CBMiUkFVX3lxTE9ELTcySUxtQ2UxSzdidFpJMzdrZ242cGFndEd4c0FtWXhxMzFONURlMGRmVnRzeWt3N0JqTXBCYWpxVk94SXJQNXlkcEtxRnlvSWc?oc=5,2026-09-16 09:08,매일경제 마켓,2,+실적 개선 +저평가
007070,GS리테일,"흥국증권 ""GS리테일, 주주환원 노력도 해야.. 목표가 하향""",https://news.google.com/rss/articles/CBMiiAFBVV95cUxNY09pcDBsZllVQ205cFNVT09hUFRSbE0wYTJNZkRESE1ISVlrWE51MUJVdXZMLTducjV2Z1RTSkMyNXhOanpmRlF0M1NENGxteXBYUWVGM1NQTjRiRi04MzhuRmtMZmthOFpuckN2YzVLWHROaC12WEtidU1KdnppalJnVG02WEtB?oc=5,2026-09-16 08:50,글로벌이코노믹,-2,-목표가 하향
007070,GS리테일,"GS리테일, 주주가치 제고 노력해야 주가 재평가…목표가↓-흥국",https://news.google.com/rss/articles/CBMigAFBVV95cUxOb0xmTmI3VkRvRzlJT3BGeDV1aklrXzlBWjFNb0pMc3UxdElTaXJaQkE1SjktUEF2TkhlRnhPSXhsQkxRd2cteTdLalktdjBpX2x6SHVnVnpKcmFfT21mLXlCenU3WlYxdHJPcFI1STJqRkRDU2k1N0FwSWFmOEptQg?oc=5,2026-09-16 08:13,edaily.co.kr,0,
007070,GS리테일,"국민연금, GS리테일 지분 10% 이하로···70억원 순매도",https://news.google.com/rss/articles/CBMic0FVX3lxTE95cy14ZzZvR2NQb2oxM0VsM2h6Wk9tYUhOX2tDRTFVOFlkLXp3enNURmZnbU1maFJvV3dBQ2cwMU1NWVJaeS1WOUZlTk5oZ01VdUN5ZDNtaXhZX0JRMGRBNjZyOUtOTnNFQm5UaGs0SmttSnfSAXZBVV95cUxPNHU2WXRmREhtU25Fdy1oM29sSzRpMGI4YUlNb2lRUnV1SHN6NUxQeDdsZmpfLU1CU1U3ZEtFMzNJaHVob2wzWVV2aUxsZkZQeEhubGFaR0NCSDNXV3IwQzd2R2d0RXplNHJvU1o2SVQ2b1RsNVNR?oc=5,2026-09-14 17:46,koreastocknews.com,0,
007070,GS리테일,"국민연금공단, GS리테일 주식 27만6495주 ↓…지분율 9.94%",https://news.google.com/rss/articles/CBMickFVX3lxTE1IR1JuS200bjdFd1MwT2JtSHF5bXdQY1BWRFlIUUY0VUhCQ19zWXgtYlVIMVdCVHdBeEozemxFNk1mUFFvelFBWDNwa2I5TG1nemZPZ1dIQlBLT0ZkRngwc0Q3bnBuVVl4OHd2akt4TzRHQQ?oc=5,2026-09-14 15:20,데이터투자,0,
007070,GS리테일,"대신증권 ""GS리테일, 외인 매출↑…3분기 실적 기대치 웃돌것""",https://news.google.com/rss/articles/CBMiUkFVX3lxTE12ejNQQW5rdEpydHM2Wmlxd18tb2luT3dsOUVzemFmandJTlUxTjZQOS14V2hETTFSa3hRejFpdEpXM3VzdFFMOWdxVEFJQ09qR3c?oc=5,2026-09-14 08:33,매일경제 마켓,0,
007070,GS리테일,"[리포트 브리핑]GS리테일, '편의점, 슈퍼 모두 좋다' 목표가 33,000원 - 대신증권",https://news.google.com/rss/articles/CBMiXEFVX3lxTE5nTTBhcEJWZUQzNmdiZmxuS3lsOFlEMkNwRE9BOTAxX3JtNlUxWk1PajVGTWxvU2pZbW5SMXdwckdYM0ZGLWdBQ0JlUjlVdTBlUFJPRzBMZE9reFFM?oc=5,2026-09-14 08:32,newspim.com,0,
009830,한화솔루션,[공시] [기재정정]주요사항보고서(유상증자결정),https://dart.fss.or.kr/dsaf001/main.do?rcpNo=20260720000067,20260720,DART,-2,유상증자 — 주식 수가 늘어 기존 주주 지분이 희석된다
010950,S-Oil,[공시] 단일판매ㆍ공급계약체결,https://dart.fss.or.kr/dsaf001/main.do?rcpNo=20260910800120,20260910,DART,2,대규모 공급계약 체결
010950,S-Oil,[공시] [기재정정]현금ㆍ현물배당결정,https://dart.fss.or.kr/dsaf001/main.do?rcpNo=20260811800009,20260811,DART,1,배당 결정
010950,S-Oil,"S-Oil, 증권사 목표가 상향에 강세…2.9%",https://news.google.com/rss/articles/CBMiUkFVX3lxTE02cGl0TGZiVmc2dUUxTFRTVzNmdmtoNUc3d29veFpqdFlFZUNtSGxoRk1KU2l1NnBVYURvWE9hWkp0U3NUMC0wZU10MEdoaFphcWc?oc=5,2026-10-07 11:03,매일경제 마켓,4,+목표가 상향 +목표가 상향 +강세
010950,S-Oil,"S-Oil 10%이상주주 국민연금공단, 소유 주식 수량 20만3349주 증가…소유 지분율 0.18%p 상승",https://news.google.com/rss/articles/CBMie0FVX3lxTE9TTmIxTzNidEpoQl9nTmVnc0k5NnpfVXBCOVRKck0tSnN5ZE1HUEJFb016MzRLWEpkdVlxRmtOamhDZFdpN0FpYll2Q2FhNVBPaVRETFhxRU1IQXhucHR2eERzSHFhOE9WY3lkeWQ0bHlaLW8yTFFIMndsOA?oc=5,2026-10-06 14:11,디지털투데이,1,+상승
010950,S-Oil,"국민연금공단, S-Oil 주식 20만3349주 ↑…지분율 9.88%",https://news.google.com/rss/articles/CBMic0FVX3lxTE5LTjExZDQ4WG1CNUR0X2JWRko3RkhnbWswOHBjaDhnVFlmeU5keV8yOENaRVlxRlpBbmhGMlFKdU8zU3hxUC0wUnV0bktEcHhqUUJDQVdBWVJ1RV9LRFo2Q3J0TGRLLVBFMEtaS0E5TDJIMDQ?oc=5,2026-10-06 13:55,데이터투자,0,
010950,S-Oil,중국이 기름 수출 막자 정유주 ‘활짝’…에쓰오일 11%↑ [이런국장 저런주식],https://news.google.com/rss/articles/CBMiUkFVX3lxTE9IMUJaNm8tQXVWRFp3T1dMVW1DNFVfc1BLY3VjOE9XRlpTVkJ0cFQ2SzZabEx0bXEzMFdxNmVoS21kLXBWOVRiWVAwcjJWOVlJYkHSAVNBVV95cUxQOEU3M3VqSTlFeEsyczZOX3pKT0Fpa0lZcnpyMDZhRXBhRFdPME5pRHprem95QzJOb2FJalJOeXpKZTV2UEg2WXduQjlBNUJYWG9Ycw?oc=5,2026-10-03 06:30,서울경제,0,
010950,S-Oil,"S-Oil 주가, 10월 2일 애프터마켓 165,500원 11.22% 상승",https://news.google.com/rss/articles/CBMickFVX3lxTFB1MHY5ODNYOU5tcmN1RThRZU1vc20wZnBIZDNwTWRVdFJTb0ExRUFjcGdqcVRPcEIyMl9GaDRtMUdvZWZjQzh6MGY4Mk11Z0kyZktmS2p3TTU0cmFXNjUyQnV1T0R4ZmI1ckxFTm9MWVZldw?oc=5,2026-10-02 16:12,TopStarNews,1,+상승
010950,S-Oil,"S-Oil 10%이상주주 아람코다운스트림아시아, 소유 주식 수량 7173만9062주 보고…소유 지분율 61.52%",https://news.google.com/rss/articles/CBMie0FVX3lxTE84eEg2cHVSUDljLWJBTFYxWkczUHIzM1pTMUIzdnRsaHhQWlpOUHFZUDlva3RSNWR2Tzh6MzVtTHFQRnlQei03aVJQZC13MWYwY1ZXMjVmc0FlTmRyeG9nX20wbnV3SkNhUllBWl9UNUtpOFhFVlp4OXE1cw?oc=5,2026-10-02 14:32,디지털투데이,0,
010950,S-Oil,"아람코다운스트림아시아피티이엘티디, S-Oil 주식 7173만9062주 ↑…지분율 61.52%",https://news.google.com/rss/articles/CBMic0FVX3lxTE5MaFNveGpXWkpKd2xCU2Y5VEM4VDFETGtLMk9jcUExcFRQVC1UQ0JkWnlqVFVFUmxoWC1jRjFvU2VwdjlZMktjNHpteWxwdUI2TDBVS3BrWm9QdmNBM19SbGRYZDZ3OENWZmVEUDNEeGtpNzg?oc=5,2026-10-02 14:05,데이터투자,0,
010950,S-Oil,"아람코오버시즈컴퍼니,비.브이., S-Oil 주식 7173만9062주 ↓…지분율 0.00%",https://news.google.com/rss/articles/CBMic0FVX3lxTFBuTkdHN3F2MFpGZUZwYWt3ME1FWGxUZkl3V2IyLW5ZRGdDak04blJ4R3dXTWdNZVRpUHJSWmdwTThMVkF0Yk9FMXlBTEt2WExRcG8ycTg3aDgzcGVKUF81NmFnOHQ1cUZERXdIWDBKZVIxODg?oc=5,2026-10-02 13:56,데이터투자,0,
010950,S-Oil,"S-OIL 주가, 급등세... 왜?",https://news.google.com/rss/articles/CBMiakFVX3lxTE1fMWVzR09EYjhBcW4xVkt5VU15S0VBQm8wQi1GUjFuSkNXZnNBdERyVTlBV2F5SzRNS21Ub050NUI2YjFmUVlUZGRwYTV0dVpCYVFOWEF5TzBpQXRidmpJUHBTSFRjS1RaQVE?oc=5,2026-10-02 11:23,금강일보,2,+급등
010950,S-Oil,"에쓰오일 주가 장중 7%대 올라, 국제유가 상승에 정유주 강세",https://news.google.com/rss/articles/CBMic0FVX3lxTE9PX1JzX2l3QWV0cDZaaGQtTHphclZqSExnRkZELV8zNUc1N05SZS1QS3owMnU0UXphc2l5X002WWV2M0FIM2lUUll0d0VGRDk1QzBVQkRQLUxlUkVVeDlkY1ZFLVJrMGJkTnZRaVloTDFpejQ?oc=5,2026-10-02 10:27,비즈니스포스트,2,+상승 +강세
010950,S-Oil,[특징주] 국제유가·정제마진 상승에 S-Oil 7%대↑,https://news.google.com/rss/articles/CBMiYEFVX3lxTE5aUVZBWWJIc3NsakYydXFYamRzX0Y4YW5NQjk0LVBHNi1yWGZwbW11aXdxSnBLbVdhUHA1S20xMFhFSkZVZWZRNFdlUHVrNENNY3BoZDRBSUNMY18yVk5fSQ?oc=5,2026-10-02 10:02,메트로신문,1,+상승
010950,S-Oil,S-Oil 16만원대 강세…정제마진과 샤힌 프로젝트 주목,https://news.google.com/rss/articles/CBMickFVX3lxTFA5UHN0ZXZTVEg1Z1YwVmloRm1vNnJnTE9IM0o3VlRUalRHWnVGWUg0R2ZVRXRhTkRWVWNUUUUwNFQyeDY0X2dJNndkU2g1cGZEdDM5NFVoRkVpbEJ0VEZzNU8wcXZCSVE4ZjBVUWZYWElXQdIBckFVX3lxTFA5UHN0ZXZTVEg1Z1YwVmloRm1vNnJnTE9IM0o3VlRUalRHWnVGWUg0R2ZVRXRhTkRWVWNUUUUwNFQyeDY0X2dJNndkU2g1cGZEdDM5NFVoRkVpbEJ0VEZzNU8wcXZCSVE4ZjBVUWZYWElXQQ?oc=5,2026-09-28 14:47,잡포스트,1,+강세
010950,S-Oil,1년 새 145% 뛴 S-Oil…국제유가 상승에 정유株 더 오를까,https://news.google.com/rss/articles/CBMiXEFVX3lxTFBqbFJXRkEzemNOZ3hJdWk0RXVqSEV2b3oteEo2SGRWVWVKb0tERFZIU3ZaQ3NFTmZ4cGJ2MjZSdjQ3ZHd5NWNFNXdUM3h3OUFNTkwzZDFhcXpJRVFu?oc=5,2026-09-17 16:00,뉴스핌,1,+상승
010950,S-Oil,S-Oil 주가 1년 새 145% 급등,https://news.google.com/rss/articles/CBMimAFBVV95cUxOUG55RW80SWhQWGRRekd5a1ViSTdEVWhPSy04SXZCWEp2UjJDdldQS25iMk04cGFHSjhWM2t2aFBMWkZCVTJUMEV6ckt6aFZ5RjZoX254Y2txSnR5OHhwTVItQUdFQ0ZwNzZaRWMtWE1uTEdvQzdWamVmY29zSWVYTkxzeHZxbjR3a0M3YTRDOEhDYmViTEFHeg?oc=5,2026-09-17 15:04,데일리바이트(DAILY BYTE),2,+급등
010950,S-Oil,"S-OIL, 증권가 목표주가 상향에 주가도 상승",https://news.google.com/rss/articles/CBMibkFVX3lxTE1LNC1HSjIyQzZpOVJSU0xNOTRnOGgtWC1SVFBoRFdnOHZTMS1jQ3g1bGpSZFhsRGF6a0J1N1Z3c2ZOYVFDYUMxa1VnVmF2c0JlUHp3QzhrWmFHYVNUTWVXTWdXbjJ3WUVDZzlYNjRB?oc=5,2026-09-17 10:24,gukjenews.com,4,+목표주가 상향 +상승 +목표주가 상향
010950,S-Oil,"""유가 급등에 설비 갖춘 S-Oil, 목표가 상향""[클릭 e종목]",https://news.google.com/rss/articles/CBMiS0FVX3lxTE0xZmdTRGtWc3NHekQzOFJpU1NHUVBDQ0tzRTFZSW9lcW81Mnc4MUg3bmxNV0VRSjdhOFBJSjI2WDVCcVZBLUZEZGlsUQ?oc=5,2026-09-17 07:12,v.daum.net,5,+급등 +목표가 상향 +목표가 상향
010950,S-Oil,"[버핏 리포트] 에쓰오일, OSP 인하 효과...2020년 6월 이후 최저 수준 - 신한",https://news.google.com/rss/articles/CBMiZkFVX3lxTE9SOS1hc0xXU29sOVU0UEVQYWx5alFGLXI5N0o4cjRVNTFXdGxZdHhSUE44WkM4R083RkhEQlRUYWpFUVFhSUJsaGNFcXR1anFfR1FhU1VERW5TQkx2a2pVVkZ1MFQ0QQ?oc=5,2026-09-16 09:05,버핏연구소,0,
010950,S-Oil,"S-Oil 주가, 9월 14일 장중 148,000원 1.33% 하락",https://news.google.com/rss/articles/CBMickFVX3lxTE9ieFJlb240M0NEWHVHcVJLdEk3WUp1Vkx5TkMxT19iMU4zVDF4UFNUeWJJWktjc3BnYW5RMVFfNGZidnBtTkItLVIxNWpMeUMtUWN0aHR4TXNoQ24wa296OUl5YU5WWGt4V3BWZ2hmRFhTZw?oc=5,2026-09-14 11:24,중앙이코노미뉴스,-1,-하락
010950,S-Oil,"S-Oil 주가, 9월 11일 장중 150,100원 3.10% 하락",https://news.google.com/rss/articles/CBMickFVX3lxTE5ZNkpWVUhtY3NBR042cEZQa3p0Znl6THFnYmN5UVRueDktWjlnNXoxdTZ3dTZMMHNOQjUwVS0wZFNmeTZydXRZQ3I2ODFGaUZXRTk5TzV1TnpsaW5ROTQwUWZOVEM1T3E4b2I2bGZrQUExZw?oc=5,2026-09-11 16:00,톱스타뉴스,-1,-하락
010950,S-Oil,"S-Oil, 고금리 ‘땡큐’…정유설비 몸값 더 뛴다",https://news.google.com/rss/articles/CBMiW0FVX3lxTE9DcHozVnJsd000QW90ODhRSjVldTZXUWd4R2I5WW9hRHF6WGNOU3JGU0I4cG1CbHRoRVRuY0dSWXVUaEZiS21fcW01ei1CdTd4X3VWRFJvMTFjbjg?oc=5,2026-09-11 16:00,에너지경제신문,0,
010950,S-Oil,"S-Oil 주가, 9월 10일 154,900원 6.63% 하락 마감",https://news.google.com/rss/articles/CBMickFVX3lxTE4tdmZFeEdZclFQQm95RlRHcm1Gb3l3bDB6d3h0OF9saU12eUwtWUs1MnctNnFIbHlYX0VURDRla3Zxc1E2cUpVNjFnOURlWlMyZm56TWRjLWtCT0FrOU9tcHUzdEN4N0hlZkVWMjZESHpSdw?oc=5,2026-09-10 16:08,톱스타뉴스,-1,-하락
010950,S-Oil,"S-Oil, 높아지는 실적 눈높이…""금리 인상 오히려 호재""[애널리스트의 시각]",https://news.google.com/rss/articles/CBMiT0FVX3lxTE9aYVNxQTVOQmRYR3YwX0lydldkRUU5S3B6WGhTNnFVV254bXlEUEI0NXZXYU9FOUtQV1JvcDJvdl9tbUZtbENLa1ktNzVYdFE?oc=5,2026-09-09 08:54,v.daum.net,0,
011070,LG이노텍,"LG이노텍 주가, 10월 8일 장중 575,500원 2.62% 하락",https://news.google.com/rss/articles/CBMickFVX3lxTFB3UHhjNnJRTTd6LVBiMDlRMklIbHdleDYtQ3BZNGtQM3dsQ2FNaFNucW5Nd2lHZXZHTEtfcWx5YzhMY0RWb1RJOXJHeEZSMHhSTnJWUWsySnQ1UkdIMWJ6TjAxTzZCdzNVSHhKQ1F0OUJ4UQ?oc=5,2026-10-08 11:11,TopStarNews,-1,-하락
011070,LG이노텍,"[코스피 현미경 분석] LG이노텍, PC CPU용 새 거래선 확보로 주가 재도약?",https://news.google.com/rss/articles/CBMib0FVX3lxTE5lY2J4YWNWMVFkbDJQVjcxLXRRaVRrdk1GbXhmZ1g2TVVvRUllaldJS3VIOHpjYm5RcVVNeXZkUHZiX3VJUFV3bmVKbEoybjZiX1M3NVVsQzBmd3pHZGpoRGFVOXZ1aTBJMzVjcjctb9IBb0FVX3lxTE5lY2J4YWNWMVFkbDJQVjcxLXRRaVRrdk1GbXhmZ1g2TVVvRUllaldJS3VIOHpjYm5RcVVNeXZkUHZiX3VJUFV3bmVKbEoybjZiX1M3NVVsQzBmd3pHZGpoRGFVOXZ1aTBJMzVjcjctbw?oc=5,2026-10-08 09:17,데일리인베스트,0,
011070,LG이노텍,"LG전자, 이노텍 부진에 영업익 기대 밑돌아…주가 9%대 급락",https://news.google.com/rss/articles/CBMicEFVX3lxTE1tOU1zOExwTUxDeGpFOGRqZ1l2cjU1VGwtSDFsd1loclU1ZHZhdDlaTXV4VjA0Z0YtQkpTMTRQMTV4YzhrMDJLNTJORDd6RlNXRl9KTGNEaDBkaEIxZ2dBRkxuaFI1RXFIRWkzYW93MFE?oc=5,2026-10-07 13:46,연합인포맥스,-3,-급락 -부진
011070,LG이노텍,누리호 타고 우주 간다…주가 12% 치솟은 이 종목,https://news.google.com/rss/articles/CBMiWkFVX3lxTE8ydTZLVkttM2hSdzhaYmkydGlWOTJXMFluWkF3U3doRER1NDQ4SkFfUDFRbGp5ZG1SMkFTU2RCUUM3ZWVIUUhtSEJiZjlDTnlzX3NBeUVBSndndw?oc=5,2026-10-06 16:17,한국경제,0,
011070,LG이노텍,LG이노텍(011070)밀릴때마다 물량 모아둘 기회로 보이며 이후 전망 및 대응전략.,https://news.google.com/rss/articles/CBMiXEFVX3lxTE9uckE4d19xLVpfaWNoTVQ0NGEtOGVYSzdBV3FjX1UxVmdSYzltcWF1Wm9hV0huTVFqdVh0SmdVNFBVcTlTbXRac3VVdHhhVXp6azFYSG9KdTR2aVNU?oc=5,2026-10-06 14:22,ThinkPool,0,
011070,LG이노텍,"LG이노텍 주가 장중 9%대 올라, 미국 기술주 훈풍에 삼성전기 주가도 강세",https://news.google.com/rss/articles/CBMic0FVX3lxTE4tOTVrdGJQZmZ6MWtTNUZNQmh0SHVnNnhJR3hETUhrTXk5eUlVT1lVNllRLVRkb2NEQnQ1TkR2UE9salp2ZUlGRGZWVnlHaFZwaWM1bzQzOF8ySGhuQnkwSzNWdi1lYUc3ZUNCTXFkb25wZ0k?oc=5,2026-10-06 11:13,비즈니스포스트,1,+강세
011070,LG이노텍,"LG이노텍 주가, 10월 6일 장중 620,000원 8.01% 상승",https://news.google.com/rss/articles/CBMickFVX3lxTE5hV1hLNmlhXzR4SnNoMWpuWWwyNUdTNENOVnhYREpoYkZuVXkteHZURzBuZHpYYVllb0x1ZGZfeVd4Ujc0S2hXUjI0RkFtY0RraVNCNVZNYmExd1pneFNDZWNLV19mdkMyVUlLVXhJWnBzQQ?oc=5,2026-10-06 10:34,TopStarNews,1,+상승
011070,LG이노텍,고점 대비 67% 빠졌는데…“LG이노텍 110만 원 간다” [줍줍 리포트],https://news.google.com/rss/articles/CBMiYkFVX3lxTE5IbVRkLTJUTzdXUlRhRmc0WEM2VEVDcmt0UU82a2VRT3lKdXdFSkNaRkFZLS02WEtoYU0zY05qUk5CVW5EdE4yaDUzai1WcGhiRGZqWU1xTWJYRkg3alJBMzNB?oc=5,2026-10-06 09:15,서울경제,0,
011070,LG이노텍,"[모닝 리포트] ""LG이노텍, 악재 반영…목표가 110만원 유지""",https://news.google.com/rss/articles/CBMiXEFVX3lxTE5qRUJnSzgtVnJUWlhZSlZRaGh3cTFpeWlJb1dzRFpaczJtYjRuNnFWdHZ5UnlvRmc2UkFfQ2o2N3FsLUNQUTJTRENzdkdDNmhaVGNwSi10NDNBM0hQ?oc=5,2026-10-06 08:28,뉴스핌,0,
011070,LG이노텍,"국민연금공단 등, LG이노텍 지분 10.54%→7.44%로 축소",https://news.google.com/rss/articles/CBMic0FVX3lxTE1yVVViN2xwczd5Q2F5Rk9uTnZmdV9VQ1ZheHZHUTlsMUNWbm5JTkhBVWxPbGtFTHZaVURtVTlQVDBrYTR4WVVST1d0ZlNFeUwzRnlOVlVEaUJmVDdtU2lsb004NTVibDAxbXlzcXBtYTJ0aVU?oc=5,2026-10-02 16:40,데이터투자,0,
011070,LG이노텍,"LG이노텍 주가, 10월 2일 애프터마켓 574,000원 1.71% 하락",https://news.google.com/rss/articles/CBMickFVX3lxTE1UUk9KQ3FWQ1FMdGFzb1NRRzlfRDNPcjJLemhSVTNxS0tSbjd0bW5BNW9OUVZzY2dKcTlSTHQ0VTI0MzZNNjRtb2ltbkdoVHd3a25pX0x3cEdtSmxhWnNaeVBSU2drWFdiX3N6MDhMdHRWUQ?oc=5,2026-10-02 16:01,TopStarNews,-1,-하락
011070,LG이노텍,"LG이노텍 주가, 10월 2일 장중 567,000원 2.91% 하락",https://news.google.com/rss/articles/CBMickFVX3lxTE5qUU80YzlreG1hLWV3Q19nY3BUVFJCVkNpQ003WnRHNDBaVV8xTHgyalhvM1Ztc1ZLV3cxMWVNRTNfQXpubHYxdTM1dGUwenZnX2Y2TkhKQnI5alFGa01PcnptR3ZZQjNVZjlTXzM4RmJsZw?oc=5,2026-10-02 14:03,중앙이코노미뉴스,-1,-하락
011070,LG이노텍,"LG이노텍 주가, 9월 29일 장중 576,000원 0.35% 하락",https://news.google.com/rss/articles/CBMickFVX3lxTE9vSlhkT0FSUGRucThuUEdidDRiS3FxSlZzTllReEhlTVN0RGg0UktSR3hGdG5KRktNek9aOUVqS1BuRXZTN3ZtNXQ2Ym1kcnlwVWFucUtTLUpaR1RXR3BXZnotYUFBREZNZ2ZTOVFQdzhhZw?oc=5,2026-09-29 10:40,톱스타뉴스,-1,-하락
011070,LG이노텍,"대신證 “LG이노텍, 3분기 영업익 기대치 밑돌 듯…목표가 92만원으로 하향” - 조선비즈",https://news.google.com/rss/articles/CBMiiAFBVV95cUxOM3ZFNHN2cGxHMk5XbUdaS3FVWlRhSkd1Q3hvZW53Mi15eVk1aTNJbTZjbVdLaDNsWF94VjNiTjRxLVVYbXdOdHp2R096ZWV2cW9oTkVYT3A5b3NvTV9Nc0Zzd3VFamVyMno4a0U1RFdJTFJKWGpqR0xUQVBGZHpleDRNeU1kbklQ0gGcAUFVX3lxTE1zUzlBOEFMUFpReF9oOXY2ZGw0ZEY3Yjd4X0NkNU8yX2VFa1l5SGEyWms5VHNKSk91Szd5MWNrYnE1VXB4eTlkUDltNGV1WGs1bDJXWHZXZllBbEJNMmJjdUk5NnVuNjBod1J3NlBlbm8wbVdQei1hOTVsVENQaXdFaldOOWdVLVlTeERHdlhfT29MY1hpV2E1d0FoZw?oc=5,2026-09-29 08:50,Chosunbiz,0,
011070,LG이노텍,"“LG이노텍, 환율發 부진보다 기판 리레이팅 주목…목표가 130만원 유지”-DS",https://news.google.com/rss/articles/CBMigAFBVV95cUxQV2FmNFpEY0o1TXJ0dF9FdFdHQzFWMzJ6WFNNcUVXRjdOUUxHZks2YnF4ZXlhZFZac21KMk1TMFRoeG1XLW1EQ3hLUVJFU3dJOWFPN0FacDFLa2RUWjItS21YbVAyTGJ5cUY5YmpwdnVoX2dWcE5QWU1mU2dWMnJfeA?oc=5,2026-09-29 08:37,edaily.co.kr,-1,-부진
011070,LG이노텍,"대신증권, LG이노텍 목표가↓…""3분기 수익성에 환율 부담""",https://news.google.com/rss/articles/CBMiUkFVX3lxTE9DTVVXRDkwSUhfUjJrSXhaby1yV3lBdmxnS2xSYWRpaWxMb2JJOVkxd0FGM29lT01QZ25TeWhBWkpvVTdIazh3WURfdzAwcDRQanc?oc=5,2026-09-29 08:28,매일경제 마켓,0,
011070,LG이노텍,"LG이노텍 주가, 9월 28일 장중 579,000원 8.22% 상승",https://news.google.com/rss/articles/CBMickFVX3lxTE4zZFFSTmNwRERWOWt2NEZ1MmZ1S3B1bmhVeFl2YTB3UGhzSkRXUGp6QS12NWoxN3RzdDFDVXI2eEJFbTNLSzhUWUUyVnhpajE4ZkRXd1JscWY5MFAzeVFmb2FLbG1QQWJtTV9vdEkybXoyUQ?oc=5,2026-09-28 09:58,톱스타뉴스,1,+상승
011070,LG이노텍,"LG이노텍, 美라이다 업체 베팅 ‘결실’…지분가치 60% 급등에 내년 첫 양산",https://news.google.com/rss/articles/CBMiUkFVX3lxTFBmNjg2UG9ZeXJCUW5qVGgwR3lDaUhlWDlXTHBiX0o3OGx2X1BBdFFVNThIMFZmTmNSbGRFVEJ6Q3A0Tm00UUhSREQ4VWc3UVZZTkE?oc=5,2026-09-27 11:54,서울경제,2,+급등
011070,LG이노텍,LG이노텍 1.29% 약세…52만5000원 찍고 낙폭 줄여,https://news.google.com/rss/articles/CBMickFVX3lxTE84REctZFd2NGN4c19WcmdVOE1wczF4Zld5RlF0SjZYNkZzWnl1REo3WjBNQW1yMDFzV3MzRy1PcVd5d3c4UWl1eFBSanFMb3FBaEVtNjIybEJ1eEZGOUdwc3NzQ2hWTnZWd2QyVTRZMm9SQdIBckFVX3lxTE84REctZFd2NGN4c19WcmdVOE1wczF4Zld5RlF0SjZYNkZzWnl1REo3WjBNQW1yMDFzV3MzRy1PcVd5d3c4UWl1eFBSanFMb3FBaEVtNjIybEJ1eEZGOUdwc3NzQ2hWTnZWd2QyVTRZMm9SQQ?oc=5,2026-09-23 14:34,잡포스트,-1,-약세
011070,LG이노텍,[동영상] LG이노텍 54만원인데…100만원 목표주가 나온 이유,https://news.google.com/rss/articles/CBMiakFVX3lxTFBWRUh6aUl0cERMY2F1a1N5QmQ0MzRucUJpcF9aMEJPeGVrdnB6RmxSNXR6X08tRE9WNlVwQ25MaHU5dG9PZEZ6NUNYcFFlNnc0TW1vaTNNczd0aFdvaDRVSVJUaHo4OHNCTkE?oc=5,2026-09-22 23:06,콕스뉴스,0,
011070,LG이노텍,[조타수] LG이노텍 적정주가 100만원… 22일 종가 대비 상승여력 85%,https://news.google.com/rss/articles/CBMiakFVX3lxTE1oRlZSNFMxNTRWd2hhQ2xUaHhSTjIyYVlvYmhKcVV0TUswakpwX2FfY0RTX0w1Ry1qd2xBTU04MUtMZ19lT0VNSWVaenA3M3A3YU9KSldYRE5lMDloTVF6dU40b2hEdWF6YUE?oc=5,2026-09-22 21:20,콕스뉴스,1,+상승
011070,LG이노텍,"LG이노텍 주가, 9월 22일 장중 549,000원 5.78% 상승",https://news.google.com/rss/articles/CBMickFVX3lxTE9XVEJZdWlwWG44N3NTZGt3S3R3enhwQWFuM0FRU3RXWnpScEU0Nl9KWlJodkk1WEV0WUtpdmM5TjdfdVpSZXB2Mm1OTDhRZmZCbEN5ZnoxZlVscWdodFk4RnR1bzhCTThoMk1HV0VzZVgwdw?oc=5,2026-09-22 10:44,톱스타뉴스,1,+상승
011070,LG이노텍,"“환율 악재에 발목 잡힌 LG이노텍, 3분기 실적 경고등…기판은 성장세",https://news.google.com/rss/articles/CBMib0FVX3lxTE01VGNnZmI4dTR3NS1iVDk5YzBnd3c1aXc4RlQzeENaQnFZSWMzdTlvVGtKZTV3Wlk1elRqX1lwUUdWZWJMejBDc3VwX1BHcjRmSVZkczRxUTV6dHRHSTY5cFdXdDBIT3pXZEZiVTYwSQ?oc=5,2026-09-21 17:41,뉴스퀘스트,-1,-경고
011070,LG이노텍,"LG이노텍 주가, 9월 21일 장중 522,000원 1.88% 하락",https://news.google.com/rss/articles/CBMickFVX3lxTFBDZzczYzhId3NwVVJCLXhkaTkybm1CODM3dENrNWFsNGdjRS1FU2otT2xQamczb0U5NTdrXy16bVBNakxCMHJibG5jUkN2ZEZoejgzQ1Q1akNkUlJMUU55dUp4bHI5dWtNVzhaN0VwNFVPZw?oc=5,2026-09-21 10:48,톱스타뉴스,-1,-하락
011070,LG이노텍,"[리포트 브리핑]LG이노텍, '파도는 높아도 항로는 그대로' 목표가 1,000,000원 - 메리츠증권",https://news.google.com/rss/articles/CBMiXEFVX3lxTFA0blFTVXBJbTZvRzFuTHdnWnlRUVFfUUk5eDA1ODBXOUxtWXlnOUo4eVA4dGJ1UXdQcWhXTDY0dVRIcnZBMnByMl9oVmlEQVd3WlZteTBzU0xtTlI2?oc=5,2026-09-21 09:14,뉴스핌,0,
011070,LG이노텍,"LG이노텍, 고점 석 달 반 만에 시총 23조 증발…'어닝 서프라이즈' 2분기 이익은 전분기보다 17% 줄었다",https://news.google.com/rss/articles/CBMisAJBVV95cUxOQ1d2eVJrRE8ySzk4UlRFX0FZR0NsUEhlNVlYWjBDLTBFamp5ekdFMnBlYXR0c0NuX2syUERKTFlVdThoQ2QyZ3Y1dkJ3ZW4xNElnTFdrOW9jdWpNUXFHdzNXbFBYYkZtZjdYb3l4R0xmZEFCaXI3WGM3N1FJcGhhUzJxTWdKaWhUUHNnc09semM1Y0twa2lhVFVyeE9rRTZCaGxEek5PbnZ0MGZzU1E3NnRPVUh2VGRlMXhMaTRDdGJ0WHR1VHZtNy1kQUkyczhKYUtrQ3N6cHJfZ3pPVFNWaThBeWktTEtvcFNYY1IxLWFLREdpY0JMODA4Z3M4YWYyZEczMmNxTlQ4VTVOVFh4cDZaTmc3Y0xxeGpZTnhMUlc5bXRybjVTc1BYQUhPd0Uz?oc=5,2026-09-18 16:27,뉴스필드,2,+어닝 서프라이즈
011070,LG이노텍,"[장중수급포착] LG이노텍, 외국인/기관 동시 순매수… 주가 +5.33%",https://news.google.com/rss/articles/CBMiXEFVX3lxTFBJZGhLTWdXdVgzbVZyaDZMRG95UXROWXNoSHNTc2VZSTljSmNpZ1FydHg4alQxY2VwM2ppMHVYU05rNU5JQ2M4YTI1aUpJUzJGWHhyTm5CWjlDZHM1?oc=5,2026-09-18 11:31,뉴스핌,0,
011070,LG이노텍,"LG이노텍 주가, 9월 18일 장중 537,000원 5.92% 상승",https://news.google.com/rss/articles/CBMickFVX3lxTFBGZWVTNzJLZjlrTmR5WTU0Q1ptc0ZNUGxPa2d3ck0wNWtyLVFjbGFNZGZHWDkwLWp1QWItSTdfU3lDcnhDQW1vM3NaUWNueE1tTHVYXzFfQ3VSalpqLVBvTndua2pINGt5aDdJVzFqa2Fudw?oc=5,2026-09-18 11:17,톱스타뉴스,1,+상승
011070,LG이노텍,"LG이노텍 주가, 9월 16일 장중 505,000원 0.20% 하락",https://news.google.com/rss/articles/CBMickFVX3lxTFBoSnpoTjZrMUFwYkNvclFTTVhmdHZwUmZwSDA3THVuT1FlVVJnUC15X1VJaHlXQTBkM21OSExULXhpV1NxX3FqZUdBdGVQbi1UaGRNclhVWVNBb1NraFRyZGNsY3VuOTRZNm11SDJ5ZDhxZw?oc=5,2026-09-16 11:11,톱스타뉴스,-1,-하락
011070,LG이노텍,"LG이노텍 주가, 9월 15일 장중 514,000원 보합세",https://news.google.com/rss/articles/CBMickFVX3lxTE8taHNrSXY1WXJUc0JDWHdydEFPZEwxblQtMjhucVliNlFudG8wTXFqYXRyR2VzTW5FdkNRMGdZdDZwRks3TzlzNnpqU2F5UzRNQ2syNzF4Z0VEeVplekt3OHdSLUFPbXBmemJZM0VpSkdfUQ?oc=5,2026-09-15 10:50,톱스타뉴스,0,
011070,LG이노텍,"“180만원→50만원” 삼전닉스보다 훨씬 심하다…‘황제주’ 급락, 무슨 일이",https://news.google.com/rss/articles/CBMiRkFVX3lxTE9BN0lVOEd2OW9hRVRJbEhwTmlLWEV4UGpDSENuQzZENllEbmcwNHZoOTRnU0dkc1BHNGJhSTRxMHRNUGg5NkE?oc=5,2026-09-14 21:42,v.daum.net,-2,-급락
011070,LG이노텍,"“180만원→50만원, 이러다 다 죽어!” 삼전닉스보다 훨씬 심하다…‘황제주’ 추락, 무슨 일이",https://news.google.com/rss/articles/CBMiV0FVX3lxTE9ZNWV6WTJoV04xemU1NTQySWJZRllUSWt1VXIxR1RtOWdFdmctYklkc1FXeUlHdndiYlFiLWNBck03bTFRc0o0TGEtWWVLS2NzcnNOeU9vNA?oc=5,2026-09-14 21:40,헤럴드경제,0,
011070,LG이노텍,"LG이노텍 주가, 9월 14일 장중 521,000원 4.05% 하락",https://news.google.com/rss/articles/CBMickFVX3lxTE0wNURKYVZsT0RROURIV0JQMWYxSzdSZURhUU9CM2RBUXBwcjlEekdYM011MXV4blpSclJhaVloMmZVUHl4Z1NTdHNNOHVxeTBwVDN4MVVSYnhXWUtER2JDOW85M2xLTXNUQ0ZRZnFRSEJ4Zw?oc=5,2026-09-14 10:43,톱스타뉴스,-1,-하락
011070,LG이노텍,"'145만원→55만원' 주가 롤러코스터…""2배 뛴다"" 깜짝 전망 [종목+]",https://news.google.com/rss/articles/CBMiWkFVX3lxTFBGbll4TUlwdmdlbTdYY3lBQk5Zb3lDbF9fLTZ1TkdDUXBub1FQcmozY0hTNG9yc0lxRm9weHl6R0tfLVZDZmVFNjBDZ2E4NkhwMXk3Y1hVWTA4Zw?oc=5,2026-09-11 16:00,한국경제,0,
011070,LG이노텍,"LG이노텍 주가, 9월 10일 장중 557,000원 0.72% 상승",https://news.google.com/rss/articles/CBMickFVX3lxTE9hRUJyZndjN19ObHpsNDJoak10bHQtX0twRzBxZ0ZsTlJYQUhscUhzNHZ1cXlWZ2ZEZjNLNmJnc0FkZlNfTXhfMzBtQU9DZ3hPRUp1OEFiVG5Dendwd0RQUGFuZWt0dzRKNjhGWk9ncU16QQ?oc=5,2026-09-10 14:59,중앙이코노미뉴스,1,+상승
011070,LG이노텍,"LG이노텍 주가, 9월 10일 장중 548,000원 0.90% 약세 기록",https://news.google.com/rss/articles/CBMickFVX3lxTFBkVmYxYmMwWWtscEYxYkJWQWZpOTYyc2t5R2NoRFRFdHVtSENaRzM5UERBS1hjSWRjRk5jWDdJN0xkYkh2Zmk1d2dZSnNfTnN4TUtLWUZZSVg0UkpMdE1hQkRaSEJmZ3JSRXhfVi0yeWJRQQ?oc=5,2026-09-10 10:31,톱스타뉴스,-1,-약세
011070,LG이노텍,"“주가 비싸진 거 아는데 사고 싶어”...요즘 핫한 두 기업, 또 신기술 내놨다",https://news.google.com/rss/articles/CBMiT0FVX3lxTE50MklzNU5fZ3ZPaG5xX2JsNlY3OG1LWDdibkx5WWlpLUVFcmQ2VFhOeXlUcGV1cDh1eW5PamdkZWJhaElHZVRiSWdxWjFScWM?oc=5,2026-09-10 07:00,v.daum.net,0,
011070,LG이노텍,"LG이노텍 주가, 9월 9일 장중 551,000원 1.10% 상승",https://news.google.com/rss/articles/CBMickFVX3lxTFBvOG40c2swdGNiUEQzeDkydjd2UXNTcTM5SXZ4UEtjVWZ2Mkl6Y3RmSndBLVVpcXY4Rm1XbXhqdVd2aWxQeXM1RnRVN2RWT3k2YWppWVNIRE41RDU0VE1sd2pNek9KaU85UkdtbWxLejBIZw?oc=5,2026-09-09 10:52,톱스타뉴스,1,+상승
015760,한국전력,한국전력 주가 950원 하락 후 장마감,https://news.google.com/rss/articles/CBMidEFVX3lxTE84QzI0YThJZkFNM2trYk9GcEd2SXo1TnhmWEVvVFZKQy1hRVZSREV1YldmUnpHeU1jQTNmV1owWEVTZmNqU2ZDbnVmQWM0WXdzRC1JQU1HUm10aEhQSHZHR2hvN0I3ck1DQlVIcTA4TFhCQnNV?oc=5,2026-10-08 15:56,아시아뉴스통신,-1,-하락
015760,한국전력,"한국전력 주가, 10월 8일 장중 29,400원 2.16% 하락",https://news.google.com/rss/articles/CBMickFVX3lxTE9iQU0zUUVnd0diYjRraW5kMmsxc3F3SldLMDhmTWlzUnZkQXd3eGZWNHNzT2xrQmhZdDFJRFFDcFhnZ1ZvZ0Nkb09Xc1Z0bUJrU2Y5MGZGM1dIMVdfZ1E1SEcwRE9scU5IMjJWOTVVaVFEUQ?oc=5,2026-10-08 11:11,TopStarNews,-1,-하락
015760,한국전력,한국전력 주가 상승 중,https://news.google.com/rss/articles/CBMidEFVX3lxTE5nVV9DOTBOdHNENWl4Z1BPdVFVejhtUHFwRnZweU1PR0tfTmdpdVF6dHpaSXlXanUtN1QxRXhoQktNQllGX3IzdTJSQ1IxVm1yMTJHQXFrUnF2WEEtdTJNVXd6Skp2RkVyME1TRTJFX2E0bmJu?oc=5,2026-10-06 09:48,아시아뉴스통신,1,+상승
015760,한국전력,"한국전력 주가, 10월 2일 애프터마켓 30,050원 0.33% 하락",https://news.google.com/rss/articles/CBMickFVX3lxTE9ueEo0RTJrWm5INWpvQk9IYlkwVk8wX2RDRXVXdXRhMHJGVmIybzVyNUNiR1dYWDZBSUFkU3VRYWxkNG8xVGtuN05odk0tUEJiVTJRd0E2OWI2aXg5cmtxbmRER0Fxa1JvOWgtUGliTFprZw?oc=5,2026-10-02 16:11,TopStarNews,-1,-하락
015760,한국전력,한국전력 주가 100원 하락 후 장마감,https://news.google.com/rss/articles/CBMiXEFVX3lxTE5kRlRfU0RyYW5CeUp5RC1XMk9aTGhFZ1dfTG51bGtVQjI2VUNGR3dzVFBucVZkNUhrQmZFNzBnc18wUHJLTWpiaDZrQ3NyaWw0bGpkRnVadnNpVEFm?oc=5,2026-10-02 16:08,아시아뉴스통신,-1,-하락
015760,한국전력,한국전력 주가 하락 중,https://news.google.com/rss/articles/CBMidEFVX3lxTE1aQ1NFQzdCZ3NVV3M3d2J0MDl5c05CM24zUFlUUTliRWhlbzNSTFRaaHpBdTBLUVY2ZEF2QkRtOXJpOUtWX193ZndwVEV0T0VYZTN3T2FrTFpvb1l3NUlIU0hmdGpTaFZhNWcyaWZwcWlxa0xR?oc=5,2026-10-02 09:25,아시아뉴스통신,-1,-하락
015760,한국전력,"한국전력 주가, 10월 1일 애프터마켓 30,100원 0.50% 상승",https://news.google.com/rss/articles/CBMickFVX3lxTE02WVBPSTRyeDJobVdvUHBMck9EbmJrWEtfclFHeHZnVHBwWGN0elhQVXY0YTh5MHVsMHRNVFBvanJBNWxGWlJQSVRfbW14STlEUG15RHVDdHdHZHdyazRXQUZ4U0FBZk8yOTV3RlFqN3VzUQ?oc=5,2026-10-01 16:02,TopStarNews,1,+상승
015760,한국전력,"한국전력 주가, 9월 30일 애프터마켓 30,000원 0.33% 하락",https://news.google.com/rss/articles/CBMickFVX3lxTE9fdTE5YTVkQjVzS3BVSC1XQThFV3pweC1JZUx4dHYxa0dScl9jUUNsLU9nQ1NfVzdNVW44LVNSS244ZEZ0UHZPMUFsRnhESExHV3k3dHdDcFZuZDZZMk5XbTJUeUdxS19pb2ZXd1pvYmZidw?oc=5,2026-09-30 16:09,TopStarNews,-1,-하락
015760,한국전력,한국전력 3만원선 약보합…상반기 영업익 16.6% 감소,https://news.google.com/rss/articles/CBMibkFVX3lxTE5EdXYwY05ZbW0zR0RmRnhKUk5TNURJMHRzRFJqaFhybV9ySmFSc1I1ZWt4WUwtbWhFTnpITWdNLTRZZC1PbGN4eFRHWENrNkNKRUs5bU96QmU3NmJ0SmdsSElFYkdkMDVxNE9jdWVn0gFyQVVfeXFMTUpBQlRCbUJCLWF5SVA1cHpNdVV0cl82QjJkT09uS1lVTEpmV0FqSWZkYkQ1aDlJTlV4aDEzZkdXaU5NZ3h5U1Uxc1p2UmFVZGZpVG4yYVhSNWV3Z0NrcUxqM3hEMXAtX0NkYkJIa2R5QlZB?oc=5,2026-09-30 15:27,잡포스트,0,
015760,한국전력,한국전력 주가 600원 하락 후 장마감,https://news.google.com/rss/articles/CBMiXEFVX3lxTE9xdVlHTnFYZldDU1VPSUJoanRzUGNDMTIwa2hDZ0IxSEZIVmpDd3Q0a2pRYVV0eW5rLVNVQkZPUEg0eFgxMmFWZU12MHlZUXQ3QldJMk9WNzJnb1NU?oc=5,2026-09-29 15:57,아시아뉴스통신,-1,-하락
015760,한국전력,"한국전력 주가, 9월 29일 30,100원 1.95% 하락",https://news.google.com/rss/articles/CBMickFVX3lxTE1kZ25FLWpQNnl2SEVWV0FiOXJtcTNhYXdmMUdCM3I4N2ZVOHQzY2JsdHlwZ0JadVktRjR2dHNyOXdhNTRyRzZwQXliVkV1MmpYalZBMEdTU2NER3ZxUEVQWUtUcGhCWEhGMHl0U0dKNmEtdw?oc=5,2026-09-29 15:38,톱스타뉴스,-1,-하락
015760,한국전력,한국전력 주가 450원 상승 후 장마감,https://news.google.com/rss/articles/CBMiXEFVX3lxTE5BSDFHT2pIZ3lDNHJMNG9uQUNucGkwT0xOMlVZNjZZZG5TVDEwdWxtYnE2b0Y5YUZlcnRXYkVYZEZpRFZiV1FOYV9LYkcyRE1CeFFzSW9mbVNoZWc5?oc=5,2026-09-28 15:58,아시아뉴스통신,1,+상승
015760,한국전력,"한국전력 주가, 9월 28일 장중 30,750원 1.65% 상승",https://news.google.com/rss/articles/CBMickFVX3lxTE9IejFXcU12SERiZWwzY2lhaHBjZ051dWc1dVZzUV9tVUpIa3YwbVYyZG1DSUIwYTVkVkxpUlRKVzNjM2lyX2VPREJ5MkVadFhPRXl2SnFVZW95b0R1TGZiZDhjWEtFNjFpb2h6WTVtZlJZUQ?oc=5,2026-09-28 13:48,중앙이코노미뉴스,1,+상승
015760,한국전력,"한국전력 주가, 9월 28일 장중 30,600원 1.16% 상승",https://news.google.com/rss/articles/CBMickFVX3lxTE14Rk9JcXFEY0NSQ3NVWjBSV3kzY2laSjYwN3hHb2FQTVVKelQ1Vm43dV9leElmSnFYQ0loeFlqN1o2YUJRMkpuSFNCNFFqZTA4NEc0bnFjQmdfLThjWE1qdjhfeWFtTnEtaDVGNmdzOFIxZw?oc=5,2026-09-28 10:54,톱스타뉴스,1,+상승
015760,한국전력,원전은 뜨는데 한전은 왜 이래…유가에 발목 잡힌 주가[왜울株],https://news.google.com/rss/articles/CBMiYkFVX3lxTE1HODh1VVlNbUhUZ01veU10dDlFc1MzOGNlTm96X0VETUVhSjg0UmFqQVVZVnEzQVBoQi16LVV5U0ZNSUtWbmc3WVNic2dNZUFyVDJXX1dHT3dmTGt1Vmh3Unpn?oc=5,2026-09-23 10:04,매일신문,0,
015760,한국전력,한국전력 주가 50원 상승 후 장마감,https://news.google.com/rss/articles/CBMidEFVX3lxTFBWMWhpZWV6SVlocjVrLXh0MzVfZ01aUTMycnlSU3BaMGFGcm9oN2l5ODNPWU5uUkdVcnBIbUctR0NNSENMYkk1cjBXOWt0R3NMemR4eUFaX3d4Sl9NLWc3YWlPOTRDOHlnNVJRUzZVbTdzbVR5?oc=5,2026-09-22 16:19,아시아뉴스통신,1,+상승
015760,한국전력,한국전력 주가 100원 상승 후 장마감,https://news.google.com/rss/articles/CBMidEFVX3lxTE1JYWZDZ3dOeW9sZHhSTTF2ejdCcjMwczFlZDczdkJROXFNZF80bVNnTk1LY3dFVGlXZElmM1pKZUZ5MFRWN0lFZDRWbk0xZk4wYldmVU1MTUdSbjhQbVEzazBhRHR5SFVXT3pXN0VPZGxlQzNw?oc=5,2026-09-21 16:14,anewsa.com,1,+상승
015760,한국전력,"한국전력 주가, 9월 21일 30,850원 0.33% 상승",https://news.google.com/rss/articles/CBMickFVX3lxTE1tVGpKYjhzV3RHb0JhQzFYNTJqYlJkRjVZY3doaUdGNWVVTVdwcEVhcGpSdU1HbWVPcGVHOXZGeGpzLUZCNlNFZy0yQlpycnhfNEREOVQ0VTFJa2hrQlplY1RCcUI1VmpvcTZpZG9ra3dzQQ?oc=5,2026-09-21 15:50,톱스타뉴스,1,+상승
015760,한국전력,한국전력 0.49% 하락…연료비 안정과 재무개선 속도 주목,https://news.google.com/rss/articles/CBMickFVX3lxTE1xc291WG4wSk1vRWFVd2RHYkx2VGdiUWhGSHNZNUNHU3V6aGhGLUh6c0N5blpCQWZkQzZFV3RKWW5fRUgzUzlPY1RsbWNqTVdCVzZFZ2EyYzV5X3ViWUswTkdqWE9QTG1Od1ZlWnpMc0cwd9IBckFVX3lxTE1xc291WG4wSk1vRWFVd2RHYkx2VGdiUWhGSHNZNUNHU3V6aGhGLUh6c0N5blpCQWZkQzZFV3RKWW5fRUgzUzlPY1RsbWNqTVdCVzZFZ2EyYzV5X3ViWUswTkdqWE9QTG1Od1ZlWnpMc0cwdw?oc=5,2026-09-21 15:17,잡포스트,-1,-하락
015760,한국전력,"현대차증권, 한국전력 목표주가 하향…""연료비 부담 상승""",https://news.google.com/rss/articles/CBMiW0FVX3lxTE1VYWcwc0VaY19zUHFNbkY0NURmOWhiRjRYdWpZRW1XYjRfR3FfUmgwTUxTOWR0TFkxdFpHQUZ0QlVtS0V4a1RHa2Jwd1puVkJiR3Z5T1BCdXBiZTA?oc=5,2026-09-18 16:00,yna.co.kr,-1,+상승 -목표주가 하향
015760,한국전력,"한국전력 주가, 9월 18일 30,750원 0.81% 하락",https://news.google.com/rss/articles/CBMickFVX3lxTE9XX0hMUFNmQlVTeWM2SEtzN19vM1B1LURMb2JvMXF0a2ZTblJkbG1rSndYSVJkOGcxQ0h2YVBrckc4b0M0OG9YOGNLMXhRRFhXMTY1bFdsVlJQMlgxQzNwYWxLaEVFeFB0cXNjQThqdEJudw?oc=5,2026-09-18 15:53,톱스타뉴스,-1,-하락
015760,한국전력,"현대차증권, 한국전력 목표주가 4만3천 원으로 하향… “유가 급등 부담”",https://news.google.com/rss/articles/CBMiakFVX3lxTFBUTnY2V0FoYzV0c282d0NHQW9fcHVldW5iT2N0NG0xVTltenVlejhMT0ExX01xT0VfLXdReXhpel9lSEtZWlJzaU5NcW9ZYnJWandibzBxdENsLTFKNE1HSV92aFdseTg5bnc?oc=5,2026-09-18 08:39,sisaworld.kr,2,+급등
015760,한국전력,"한국전력 주가, 9월 16일 30,850원 1.59% 하락",https://news.google.com/rss/articles/CBMickFVX3lxTE5Rd1VlZWd3b1Q3QVBJUE0tYVdlNDVkeUVxMktXUXVubmd5Zzhfa3JHbkp4RVo2MkpVU3k0b19jY0JnU3VmZlYtNHVWSlJFOWRzakhmdWZjZFMwdndlXzZmUXJFemoyVlR2d2tZUXVsS3Vydw?oc=5,2026-09-16 15:46,톱스타뉴스,-1,-하락
015760,한국전력,"한국전력 주가, 9월 15일 장중 31,500원 1.41% 하락",https://news.google.com/rss/articles/CBMickFVX3lxTE1xUFVIUkdOb1ZjcjBMbVByNUFoVWY0ZmJtbFNmN1RVX2xtQ1dNX1VITFVTNG1BclR4Q0lhZ2xoQW5Ca2JLUHJDdWNZYjdyQzRZVWZSRThHTUhTanE1c2pLMVEyZ3o4RWN2Q1RhdUJyN0tiZw?oc=5,2026-09-15 10:56,톱스타뉴스,-1,-하락
015760,한국전력,"“언제부턴지 주식창 안 켜는게 편하네요”...외국인, 하루 3.2조원 왜 던졌나",https://news.google.com/rss/articles/CBMiUkFVX3lxTFAxb2JMckFfdEdlOF8zbEtEOXF0cEN4N0RHOGJ0eEh3WVZOOUVYUGc2VWlNdGdYS1pfdklYTV9TTG03RjBmLXNmWWtHbGdUMXFpSVE?oc=5,2026-09-14 18:05,매일경제 마켓,0,
015760,한국전력,"한국전력 주가, 9월 14일 31,950원 3.47% 하락",https://news.google.com/rss/articles/CBMickFVX3lxTFBrOHJRYllTejBsYmc1ejkwM2luRHNzcFFrT3l5UkpnTXNJVlZFbWxSOWJWNFN1VThaaExzTnZlYUgtWHZTOE43Z250TGdPQnE2dk93Z2ltU0EydU1uTkNrWjJNakVQRk0tWFhQcGNJQ0pRZw?oc=5,2026-09-14 16:25,톱스타뉴스,-1,-하락
015760,한국전력,"[부산 변호사 한변의 리얼상담실 59] 한국전력 한전 삼형제, 주가보다 법을 먼저 본다",https://news.google.com/rss/articles/CBMia0FVX3lxTE5ldFBrYTdjWTRYQ1JMdEQteFdxdko4d0QyQmRBWEVSOFR4M3pvbFNZaE52NnFJVFItMWtSQjBRWUJPOWRaNXBKYlJweTc2NFI1bmN5VjJ1Y09MNm55MVFDTmF5YjQtdlIxT1Bz?oc=5,2026-09-14 11:06,civicnews.com,0,
015760,한국전력,한국전력 주가 하락중,https://news.google.com/rss/articles/CBMiXEFVX3lxTE9zX1pENW9vV3FXQnFrdlhEcHBCRFZ3bnVrWDFuc2RwRTBudmpOSmRoX1dTbi0yaGJIRzhjbzZPempqTFpIbTVEUzNUNmh1MDcwOW1mWWhLOFhyS2tP?oc=5,2026-09-14 09:33,아시아뉴스통신,-1,-하락
015760,한국전력,"한국전력 주가, 9월 11일 33,100원 1.07% 상승 마감",https://news.google.com/rss/articles/CBMickFVX3lxTFBrbFA1VlVQZFIteXQ5Q2hZdzZsX2lpdmR5UWl2Slp1X3JsRDJ0Y1IzRy1qZG0tLTJpUFVvWmFHb18zLUNDU0pGNUlfLTFYeU16UXd3MjQwMkZ3V2tJSVpqN2M5RHktR2pCS200dmpqT1d1UQ?oc=5,2026-09-11 16:27,topstarnews.net,1,+상승
015760,한국전력,한국전력 주가 350원 상승후 장마감,https://news.google.com/rss/articles/CBMiXEFVX3lxTE8wN2VjZ3VYTl9tajRiVy1sNjNseUw2UzVwRVI0VDVWN0RZa3dTbWNMZXYxOTlGNWN4X0VMaGFleF9xQnhqZ2xjbjBJZHdUN1VKellJZWlmSEF0NzJR?oc=5,2026-09-11 16:01,anewsa.com,1,+상승
015760,한국전력,"한국전력 주가, 9월 10일 32,750원 2.96% 하락 마감",https://news.google.com/rss/articles/CBMickFVX3lxTE55MnlWNl9ySmtTSHRqN2VxclBBNjY4dUd0aU9uYUhkVklWeVNjWnJrVGlDMmJNUTNybHVubXkxVjhFUXFVam5WSDZRRVpRZFJaYTEyYjl3MnlqTVBFdm55MUJfellRdnZ0b0dDMGFVX190QQ?oc=5,2026-09-10 16:15,톱스타뉴스,-1,-하락
015760,한국전력,한달 새 5.2% 빠진 한전 주가…돌파구는 ‘이것’,https://news.google.com/rss/articles/CBMiWkFVX3lxTE1DU1VBeDNXQmJWb2ZvSHRuMFBkLUlLMWpYcUZEZkNNRDNVcGNFbmRERlNqQ1AwSF9xaTM4ZXFWdXVLYmNnUmxmRVNreTJUa2xZZEhac1NpRlpuUQ?oc=5,2026-09-10 16:00,hankyung.com,0,
015760,한국전력,한전 주가 하락에…전남광주 상장사 시총 1조2천억 증발,https://news.google.com/rss/articles/CBMibEFVX3lxTE94WUxJek4wTkoxbmk4VHBUa2k2eFRpQ0RCTUtrcFFuRVFmSy1kQWFQYTdfbUJKSTdyd1d4ZDhlTHBveTYzR2o3VjM2ZGs5blFhOXFsTEZFbmRHU1FVSTBIU09HdTdweFM0MUVlSNIBcEFVX3lxTFBTLTg0WUhrTDVVQVpsTlc4REotOVl0bVROVDBrdlNpUnpScGREbzFKYm5zenUxZG1iZmd0SW1zUlh0QW0wQXA0MFN6WDdlM0hJSjRrNlczampHdUxXSE1Yb25wRjFTWFMxdEVqUnctRUY?oc=5,2026-09-10 15:58,namdonews.com,-1,-하락
015760,한국전력,"한국전력 주가, 9월 9일 장중 34,550원 1.32% 상승",https://news.google.com/rss/articles/CBMickFVX3lxTFBpS043dFk3QXVoVXEyUFljUkJFTUxGYTE0Z0hyRU9WWGxUOVFfc21SR2x5Y1RXQk40YllBTkZHNUZiZlZna1A0Rzh5djNOZHdGQm5lSGpDWk9rRUtXbFdsR0tYOWxkc3FGOVQ4SVpVdURBUQ?oc=5,2026-09-09 10:55,톱스타뉴스,1,+상승
024110,기업은행,[공시] 현금ㆍ현물배당결정,https://dart.fss.or.kr/dsaf001/main.do?rcpNo=20260713800760,20260713,DART,1,배당 결정
024110,기업은행,9년 전 매각 접은 KT&G 지분…기업은행에 1.7조 '효자' 됐다 : 네이버 블로그,https://news.google.com/rss/articles/CBMijwFBVV95cUxNUF9FM2wyd1JFNWVId2FHNVhMcUZQUFpPRkdzaEkxbWdNT1NFb3F3eHZQSkhsNEhwWndQR25JMmJhM3Q5T2JtS29qS3VwRV8wVkc5bUtud1M5WmQ4d3JhaFNtMGNYMlIyRlUtbDJPRlYweXB3eUthLXcxR0hhc2pBbk1BX2FlbG5kOU1CNlZtUQ?oc=5,2026-09-28 20:40,Naver Blog,0,
024110,기업은행,기업은행 주가 500원 상승 후 장마감,https://news.google.com/rss/articles/CBMidEFVX3lxTE5sbXJ1dVF4LTVObVIzalF3YVpmTGkySFVTVlVfaE1YOHlzLUxscGU1YlZJMHdTc1BZYVFQNmpWODc3WGJuaFpPQWl6TlY3bUcxQ1U2Yk0tWGxaZ0VRd0lVLVlmSlZ1NUMyTXAyWm9zNXJfSUhR?oc=5,2026-09-28 15:57,아시아뉴스통신,1,+상승
024110,기업은행,9년 전 매각 접은 KT&G 지분…기업은행에 1.7조 '효자' 됐다,https://news.google.com/rss/articles/CBMiT0FVX3lxTFBQbjNPUkJRS2tPdlBMamdqdGNIUjZZbmkyQUxCajVra3R6d3B2VjhHdF9BbHlUZ0hnM2hjVXhDd2t2S29pa2dPSmhjY19ZRTg?oc=5,2026-09-26 06:25,딜사이트,0,
032830,삼성생명,"삼성생명 주가 12,000원 하락 후 장마감",https://news.google.com/rss/articles/CBMidEFVX3lxTE54U2Z1anpJYUpGMl9uRmJsQU1nVS1YekVWLTJWY2ZkNE93bjJndkV6V2x0SUZYQm15aW8ySzN3RU94eGVhLVFvMHJtMGNZS1RYVlh2R3BsU3lVZXpxSDNiWGxiYnpvd3ZyN2JmZWctaFg3SVZJ?oc=5,2026-10-08 15:47,아시아뉴스통신,-1,-하락
032830,삼성생명,‘실적 턴어라운드 착시’ 부른 삼성생명 주가… 삼성 제하면 여전히 -9조,https://news.google.com/rss/articles/CBMiZ0FVX3lxTE9qOW9DREtnV2V1VW1NdHBHSXFuci0xbzRLOVpSOUxDcFQ4cDBIa2xyN0xZbUx0RVNWaWs0SnFhbEo4QnNleTZJOHliNk85Q3RueGxtZVQySHE1a1ZwM3FvWVZjQkhJNjA?oc=5,2026-10-06 17:28,CEO스코어데일리,0,
032830,삼성생명,"삼성중공업, 최대주주 삼성전자 등 주식 1만4376주 감소…삼성생명(특별계정) 장내매도 영향",https://news.google.com/rss/articles/CBMie0FVX3lxTE8xdzdRTUV0RWFlTTlycGVlT01kR1Njb1Jmd2tUTXVnb2NMTTRFUlVCMHBralU4SlFENWpfSHU3LVU3djcwdVZ2QWw4eTVBcnFSd3Q2VnRCVWVDZFRLRFQxOF9oR1RGSkFmQVp6Z3loSHpLOXBfN1JURE5aVQ?oc=5,2026-10-06 15:32,디지털투데이,-1,-장내매도
032830,삼성생명,삼성생명 주가 하락 중,https://news.google.com/rss/articles/CBMidEFVX3lxTE9oMlh3YURZckh2OHdzRGZURmw4aWs1R011TjE0T2dOTXY0UzhJcTYyVVFCQzhHYWNzVkEta3FHR3FqOHNEREJHVVA2Ql8yVnRlM3p1X29KaGJwRWZmMktvc20xTGx0eUZ1UlQ3SG1SVmhZQy01?oc=5,2026-10-06 09:50,아시아뉴스통신,-1,-하락
032830,삼성생명,"호텔신라, 최대주주 삼성생명보험 등 주식 1219주 증가…삼성생명보험 특별계정 장내매수 영향",https://news.google.com/rss/articles/CBMie0FVX3lxTE85UkhEcE1fNG1qYV9nNUw4WlRIZHNhSHJPZ2VTenFQTVVDb3VtOUY3dWhtWUIxandoZUJrWmZuci12LWpCZnZpWk95X21neEt5TGpINDAtVnVhSmhjR0kwbzVGNEI0LWxKeFhjbkdJaFRYN3RRY0F1eGktMA?oc=5,2026-10-02 11:11,디지털투데이,0,
032830,삼성생명,삼성생명 주가 상승 중,https://news.google.com/rss/articles/CBMidEFVX3lxTE1FTklwVTFIYkEtWEptSGgxbjVQbk42Nk5CMlh5Rm9XbkJMQlFZcFhRLTA2OHRpRTdqYkFzeFdKcFJ5OXFMam5kRld5SFZKYXcyWXVXUlczemJLNmZEd2tpUWRKeXVfTElzTHlaVGFQZzlvdDVH?oc=5,2026-10-02 09:28,아시아뉴스통신,1,+상승
032830,삼성생명,삼성생명 기본자본 키운 삼성전자 주가…재무건전성에 미친 영향 보니,https://news.google.com/rss/articles/CBMiS0FVX3lxTE9GX3pLZ2FLRGctOXF4MFNsZWFEb3pvSmkzeW14dmFsbzU2WnZTam96dmlUakNSNFpwOEJWOTM3NVpDVG1yN0JRbDdkWQ?oc=5,2026-09-30 18:06,v.daum.net,0,
032830,삼성생명,"삼성생명 주가 5,500원 하락 후 장마감",https://news.google.com/rss/articles/CBMiXEFVX3lxTFBxTFQzejNQR09zSVA5Ynp1YkZKZE1qLVVDN0hyS29Sc3htZ0p3Q2VEUVNJTTloQ3BiejE1UVB1d0pFN3BjUkd1MlBpbUJTN0Z4cGgyTjdVZlpRM0lX?oc=5,2026-09-29 15:53,아시아뉴스통신,-1,-하락
032830,삼성생명,"삼성물산, 최대주주 이재용 등 주식 2053주 증가…계열사 삼성생명보험 특별계정 장내매수 영향",https://news.google.com/rss/articles/CBMie0FVX3lxTE1vQURuT29hNVFzQ3E5c2l3cG5LeU1aUnRLa2ltMVkxSXZLWWxIcUhfU2lfa2NHVjB2NFZlVE5udk15U24xSVFUcktKUG5BSVdZRFBPSENSR3hVeGwyT21fUWVtU0RoSW5yUjNXcGxFUEptZWotY1dMbTRvMA?oc=5,2026-09-28 18:35,디지털투데이,0,
032830,삼성생명,"삼성생명 주가 1,500원 상승 후 장마감",https://news.google.com/rss/articles/CBMidEFVX3lxTFAtYTRSbVN6ZzR6UzdWbnY4ZWhZQ3Vmbk9mOGJVSkR5OWtfRlp3NXIzV25nM0VoZHZtTXZubDVwTmFRTjRUeVgybUdSejFsZnBlSW1RejN6RVAzYUtFcVNRU2YzdWdZZ1Y0bUd2MFN0MWw3ZEtK?oc=5,2026-09-28 15:54,아시아뉴스통신,1,+상승
032830,삼성생명,삼성전자 오르자 삼성그룹주 들썩…삼성전기·삼성생명도 상승,https://news.google.com/rss/articles/CBMic0FVX3lxTE52dkw5eHltUW03QXRhS3NTWDduZmxtT3BrbkZKLS1zUnhBU1c2LV9QNjRiTC1FcE13cjlGdjAwM0wtYllIbVhsamQ4THFnUTdVYkhLS3lua1RWcU5jZGZEejZBWjA1U2d3d0g4NkxXMmwxVlXSAXdBVV95cUxOdnZPZERKSzlpa0xaWmZKNmkyMlA0Z1VMUkF6QVhUbDVfOXVIclIySnpvZkN0QUdzLWNITEc4Q2hvTzVoZ3pCVjR6VERjemU4UmE3OEQyNEY5RjNsZEs5N25uZmI1RDJhS1V6dTIyMFR2V2FoUzVTcw?oc=5,2026-09-25 09:11,핀포인트뉴스,1,+상승
032830,삼성생명,"삼성생명 주가, 9월 21일 장중 290,500원 2.47% 상승",https://news.google.com/rss/articles/CBMickFVX3lxTE1USjYwSjl5M0U5LUNFV3BiT3JTdWlKalQ2dWE2TzlPSEVpV2MyMFpMOWJSTEJ3ZmdFV0d2eVBvNlBkcjF2UUFDVFA3WVQzbnpPT3VLTXpzY0ZPQzJnN2xKcDVadFotWVc3RUx0d0t6TXVsUQ?oc=5,2026-09-21 14:18,중앙이코노미뉴스,1,+상승
032830,삼성생명,"삼성전자·SK하이닉스 '뛰자', 코스피 '활짝'...삼성생명과 현대차는?",https://news.google.com/rss/articles/CBMicEFVX3lxTFAtME9FQTk1VkZVWHc3YzcwbUZIOHJOZGl0THZOZDM3ZkdmZVdSTk5rbTRFaXlQRjhnQmxRa2RZRk1vQkllSnpnVVJMVmcwa3ZyWEk1WWE3WVItam9wemFfU0JOYW1MZmROUHVfNDdRcjbSAXNBVV95cUxNSXJFLVA4UVdEOTFuOWZZb0JiZnRGZzJEeW92Q1dGUTdtS185QjQwVC11MGk2ZldxeW10R2FGTVpMbnczNDhxQ1dnbVFIWWFBMkNQMmpIVmg2RmtiNEplZV9YQW9qb3VWZmlMeWx1cjhwcVlJ?oc=5,2026-09-18 16:06,초이스경제,0,
032830,삼성생명,"삼성생명 주가 2,000원 하락 후 장마감",https://news.google.com/rss/articles/CBMiXEFVX3lxTE4xbDRBaDB5SVpORDNtSEoxblZrOURsS25tZFhPaHVEckhoMTRnckphaVJfZXVpMVVBejBfMnJSZjAxeW1Jb2Y4U2otUVdrcExXSG8xb2QyejF5UHFR?oc=5,2026-09-16 16:04,아시아뉴스통신,-1,-하락
032830,삼성생명,"삼성생명, InvestingPro 적정가치 경고 후 42% 폭락 By Investing.com",https://news.google.com/rss/articles/CBMidkFVX3lxTE43YjlpY0tuYlpFQUZscjl2Z0d1MGc0RGZLZ2Y3Ql81QmdqU3hsSnZOcTNGQURDOE45UlpFejRFWjJuTEZPa3JmRmhxYkZiWkpIalJxTW83ZVVQV3hMVElkaS1fWGxONVRuZFJtODBqWDZVYVhRUEE?oc=5,2026-09-15 16:00,Investing.com 한국어,-3,-폭락 -경고
032830,삼성생명,"[강대권의 시시각각] 삼성생명 10%룰에 막힌 삼성전자...""우선주 소각이 답""",https://news.google.com/rss/articles/CBMiWEFVX3lxTE5yNnlJMmN5eDRKVEl1MGdyT1dzSE1XOFp0VHc5TGhISWJVaW9uSlNXNDdUZW1DczRCdk9RdHF3MnZWTE1aTDRieGZMeFBHR29aZFZFdGJITlk?oc=5,2026-09-15 11:00,뷰어스,0,
032830,삼성생명,"삼성중공업, 최대주주 삼성전자 등 주식 4만3379주 감소…삼성생명 특별계정 장내매도 영향",https://news.google.com/rss/articles/CBMic0FVX3lxTE85UEkzRGxtUWFDMkMtOXhac3d2RkpTTzJZYlgyQkJwbk1NZnJZQzk0cDZKaHpYSXlqSEVuOHlGQkkzUGxmMFFQc1gxT05tU0VIVHZMSDJZZEhBcWxwaDF5c0xoSnNTV3ZMMnh3MHJnRVFJNFk?oc=5,2026-09-10 16:14,디지털투데이,-1,-장내매도
032830,삼성생명,"삼성생명 주가, 9월 10일 장중 302,000원 0.49% 하락",https://news.google.com/rss/articles/CBMickFVX3lxTE5mNE9LNHpnVmdfTjcyMlM4bG5wY2dWQTdiZ2ozOGxuRUV0LUwwakVMUUllN1ZvQlhZVWVhVElNdGFJcEZ0aVpKLXlHMFpyVzl5eVZKNkZCd29tTEIxYU04YjV1THV1d2RyYWJMVHdQUWFMZw?oc=5,2026-09-10 10:39,중앙이코노미뉴스,-1,-하락
032830,삼성생명,"삼성생명 주가 4,500원 하락 후 장마감",https://news.google.com/rss/articles/CBMiXEFVX3lxTFBXUjBuX2tadFFvVFFsS3B4OEFqTFhKM3RKOHZwZmF3QXpUQVRHMkQxQkdVVTB5dGxfck9OUi1vWnQxeXVwWHNicFpVVkxLY2pGTy1lQ2VVeTRLZkI5?oc=5,2026-09-09 19:09,아시아뉴스통신,-1,-하락
032830,삼성생명,[이슈] 삼성생명 해약환금준비금 3.1조대...석달새 1.4조 늘어난 이유,https://news.google.com/rss/articles/CBMic0FVX3lxTFBwSHRFYmJ4WHdEaVRuNWU4RXJobjlfTzBJeDktSGdLWkJnU3pjMWJqVFpzMDZmRFdRcWpmOHc1UnZ3aTUzUnNjcVp4MVNzMnVtRFBNMW9BQVdaM19NQng3dUJJZjFQa1B5WXRWeENWLURlT0E?oc=5,2026-09-09 14:29,오늘경제,0,
032830,삼성생명,"삼성생명 주가, 9월 9일 장중 302,500원 1.79% 하락",https://news.google.com/rss/articles/CBMickFVX3lxTE1qd3VKRmxtRFVXLUFmWHF2clA3R2szakdtN09VdEUxUklwVUdFY2NWWHFKQngwek9nTnpsRk44dUhQWXJuTHlYYmcwaGxFQWtKMUE5Z01PeHFQdjBENGV2SmVMdWVrX0lDQ2oxMHhxR2pldw?oc=5,2026-09-09 14:13,중앙이코노미뉴스,-1,-하락
034730,SK,[공시] 단일판매ㆍ공급계약체결(자회사의 주요경영사항),https://dart.fss.or.kr/dsaf001/main.do?rcpNo=20260928800431,20260928,DART,2,대규모 공급계약 체결
034730,SK,[공시] 주요사항보고서(전환사채권발행결정),https://dart.fss.or.kr/dsaf001/main.do?rcpNo=20260803000002,20260803,DART,-2,전환사채 — 나중에 주식으로 바뀌어 희석 요인
034730,SK,[공시] 현금ㆍ현물배당결정,https://dart.fss.or.kr/dsaf001/main.do?rcpNo=20260803800012,20260803,DART,1,배당 결정
034730,SK,[공시] 현금ㆍ현물배당결정(자회사의 주요경영사항),https://dart.fss.or.kr/dsaf001/main.do?rcpNo=20260723800523,20260723,DART,1,배당 결정
034730,SK,최태원 4000억 조달이 배당 변수? SK(주) 주주환원정책 주목받는 이유,https://news.google.com/rss/articles/CBMiZkFVX3lxTE1MT1BYdlUxSG8xb0VMRTN6UjZqRnpzSkpyejNUdWZjalVrSXEwUVQ5WENTVERET3ZfZUZOTkNsTEpDQ0NNN0tYdmtfQkFUSTFMZFpwTUVBSU9sTkJIWG1qRnZJQnMwQQ?oc=5,2026-10-08 17:42,일요신문,0,
034730,SK,"삼성전자 ‘분기 영업익 100조 시대’ 열었지만…주가 2%대 하락, SK하이닉스도 동반 약세",https://news.google.com/rss/articles/CBMiZEFVX3lxTFAwMXF2VFhLQ2RVVk92U01aOHZhQ3dsZ2RLZ0FiNUFnNFhEY1NNd09GQzFqSVJoeFFHYmdjNWFPZlExbnYzWTAwblUzVlVaUHpDTHlPcDV2elF5dU8tTmxaUjRjUXQ?oc=5,2026-10-08 16:34,베타뉴스,-2,-하락 -약세
034730,SK,[오늘의 삼전닉스] 마이크론 오르니 SK하닉도 상승 '주가 커플링' 어느 정도인가,https://news.google.com/rss/articles/CBMiYkFVX3lxTE53X093dTFBdlY5NnBwNmJ6c2dldC1FNzlYdWpHQW9HSllldzFMUWE2V3hyZXp4WEM5QlZsZkotMlozYU1jU2dXRFNRcERlLWpneGR3M3MxN25GZVBaQnhuUkl3?oc=5,2026-10-08 11:29,이코노미스트,1,+상승
034730,SK,[미국증시] 마이크론 목표주가 3000달러…삼성전자·SK하이닉스는?,https://news.google.com/rss/articles/CBMiZ0FVX3lxTE44V3pFVUFva0s4WlJZSUxfVUI3TDN0SGltMFRFUnplZjJZODM4LTkyQlNPdzN1dG82Zmo3QkFCX1I2RmRKVXJzWDlmMHFZaGlvZ3QyQ2w4Y0NZMjJxdVRXTFppbWJGZk0?oc=5,2026-10-08 08:30,자본시장뉴스,0,
034730,SK,"""SK하이닉스, 목표주가 400만원 유지…메모리 수요 지속""[클릭e종목]",https://news.google.com/rss/articles/CBMiYkFVX3lxTFA3S05VbjJOTGZhUzlKQ3NncFNJY2Z0MWpSeEs4MjQyYWx1T0lIWUFpTUJ5TWxSbWxBeWMwQTVkZ3RUVFhNWHNrMnZpVUFZR2RINDdmZWhKZGFrSE5XUnk5MWlR?oc=5,2026-10-08 07:10,아시아경제,0,
034730,SK,"""SK하닉, 현재 주가 지나치게 저평가돼… 목표가 400만원""-IBK - 머니투데이",https://news.google.com/rss/articles/CBMiaEFVX3lxTFB4eEo2N3p5TTNVZExKSEVfYWNUQmhEdTQ4TWY2Q1JsX1E2QlprTHl0SDVZU2o0b2lSTW5ZNTk5cnZJVTNSSFhrRERZSWhGOFgtUmJNUDNZSEhEWUJ1ZVU1MlB4dmV3b0ZH0gFuQVVfeXFMUEtFRkhPcHNOTXlNQ094MUpSZzEtN3FaNlJQUXIzZ29HVnNYY0RPZTZtalJadmNhRExnd2IwZ09zMEkyMWs1WjAxaWc1UTVvbVZfX0hCckJYbzVCdEF1SWV4bkpiZGtxYlVPQ3Z5U3c?oc=5,2026-10-07 08:50,머니투데이,1,+저평가
034730,SK,"최태원, SK 지분 2.3% 팔아 9440억 확보…의결권 30.5% 유지",https://news.google.com/rss/articles/CBMiZEFVX3lxTE5lTGxLbTlOVk5LVG96SHphQVNQLTFWelp4WUplcXlvUm9kX0Y3VzNBTDFMclFURjlaZ2hiWUNkX2ZDbDZaaG5vV2tQOERBeU9rWlZ1OWNqamZpLUQtUm9jdEc5VGw?oc=5,2026-10-06 11:31,PRESS9,0,
034730,SK,"주가는 빠지는데 목표가 310만원…SK하이닉스, 무엇을 믿었나",https://news.google.com/rss/articles/CBMiWkFVX3lxTFBuVmw0NEFZRERKblJVb0JLSjNVRXAwby1ZaHQzOHB3Yk43TU5pcnB3WUlFZ0o2bjFqZVMwY2Vfbm13aEtEem51RTlKWXdOV3d4QUh6aGktNi1fUQ?oc=5,2026-10-06 11:10,fnnews.com,0,
034730,SK,"SK하이닉스 ADR 주가, 195.02달러 0.06% 하락 마감",https://news.google.com/rss/articles/CBMickFVX3lxTFAxS2YxcC1RWFdneFg5UGwxb01oZ1hEaF9UZWo5bmxER2N3bHFRN1pIaDBnSzdiUnZoTDBaekkwWWxUYWR1TFB1WDdERFZQREhGUnZlZWhFNHo2SDdQcFhWZzNzS0M3QUpFc3FKUE9yYmFWUQ?oc=5,2026-10-06 09:46,TopStarNews,-1,-하락
034730,SK,"SK하이닉스, 솔리다임 상장 왜 논란일까",https://news.google.com/rss/articles/CBMigAFBVV95cUxOR0NKdVZhWFRPQ1JpZ0ZDa0VUY3FHY1BlN2ZDdWNNU2tiUTF4VUxqbjVDb1J5MGZ0dU1OQ202bUZ2RnRGX3pqQm5PbWhTa0JrSEIweWc5blJ6aVhPaTgxNEQ0dzg5dGx5RWY5MERoR01EOWlOaDctT0hXcHZydmF5MQ?oc=5,2026-10-06 06:00,네이버 프리미엄콘텐츠,0,
034730,SK,"최태원 SK 회장, 9440억 지분 매각…‘주가 충격 최소화’에 방점",https://news.google.com/rss/articles/CBMiYEFVX3lxTFB2WVdKT29iZ192bnlBV2FIUExBeHFWQ0k4R19Pa2RhMUliS3Z0dHZqTXhnWnBLMk1wOTUyeEtycHdxWVl1Ni10MUJsNjdmTVJBWldBNFZDS2Q3dGZTbE5RMdIBeEFVX3lxTE4tUHZlMjVhbUcxbnNWR2ZuMWFTQmZiaWstS2lwT190VXMwTnhhYjNCOEpFY0pudWtsRlBZLTVCNVp0d0I5ODJ5Z2VFVVNkSVJzNl9Ldmt1OVFoc243bXBGZ0lSUXhxT0FENW91bzRFZUdIcFNmZ2FmbA?oc=5,2026-10-05 11:05,뉴시스,0,
034730,SK,"[그룹 PRS 진단 ①] SK, 7조 조달 국내 최대…배터리 집중된 잠재부담",https://news.google.com/rss/articles/CBMickFVX3lxTFBueGRRTThSbVRXZkZEYnBhS3NXZ3d6TWhPQlcwNTYxUVhzSDVwaUNqQzJleGozUnIyd09XR0VYWm9kcWtaZ2pnMmZYWGwtMnZjQ2lfZzFKWS1XbnhpbFVYNGhnSmFzS3VYeU4xc21Td3NIZw?oc=5,2026-10-05 08:00,kbthink.com,0,
034730,SK,"최태원, ‘주주가치 최우선’ 바탕 지분 매각",https://news.google.com/rss/articles/CBMiT0FVX3lxTE90UWt6QXBsNDIzWG5LQ2RTTzEzZFExQXRPSk82cldoMHZYUmsweGNQcTUxU2JjeWlZdU1MNkZ0YnViemFaVzM4MzR1OFN0OTQ?oc=5,2026-10-05 06:03,v.daum.net,0,
034730,SK,‘몸값 200조’ 솔리다임 美상장설…“주가 꺾일라” 하닉 주주 반발,https://news.google.com/rss/articles/CBMiVkFVX3lxTE1sUmtLRGpDRFptcFFTbFVVLVVqNXZZYzZSdkw1V2I3M2ZfWFVLcFBYYkNMZHdubjV0WE53R3NuMDlUUTVELWdFcUk3VDJTcFRkMUQ2MHhB?oc=5,2026-10-04 16:53,중앙일보,0,
034730,SK,"최태원 회장, 지분 9440억 매각…SK 주가 불확실성 해소되나",https://news.google.com/rss/articles/CBMic0FVX3lxTE0yZzBwcXYzSjJ1Q3VsSlR2b0c5VlhtUjNGVU9uMkJtY1RmS2t1bmZCYW03M0lUVTZsOTl1LUs3NUpVdnNCb1JoMVFvUURLUnowdkRqb2Vqem5zWEM4bjU1Y25LSFFqelJ5S1Mtb21valZFMlnSAXdBVV95cUxQM2FKU3dZNzZwNmQ0Q3JiYnRUdUk4ZlBWVDhWS1FWSFNkMXhSQ3Z5UzdjZG9VTmYzWUhTdU9MdlIyWmJ3eFUteFE1ajhmbjFzLWpiUm80bGxNaldXMUZZOGl2ZkVuQU5sb0FzdEJraEJkQkczVXUydw?oc=5,2026-10-04 14:31,인사이트코리아,-1,-불확실
034730,SK,"최태원, 이혼 재산분할금 충당 위해 9440억어치 SK 주식 판다",https://news.google.com/rss/articles/CBMiakFVX3lxTE5aR3V4aTItSTZncVJ6NnpmRnc2OUN1b3BZOTg3aTNaa3NiWUFadFBiX1oxMXRnYkhqelJnbGV3OHdvQ3RUaDNzWFREbE1xclR6TnVnT0FlWnVsaEItVkRhODlLcE9QSWN6dmc?oc=5,2026-10-02 22:11,hani.co.kr,0,
034730,SK,"9440억 재산분할 청구서에…최태원, 결국 SK 지분 판다",https://news.google.com/rss/articles/CBMibEFVX3lxTE1OODFwMERNZi1LN0lkYVlOMTlfaUNGa3lYSlo2VkdtaFZnUDI2eVZFMjhrZXJ0bjNTbUlFclJScWlDdVU2ZThldVlXN1ZrQzh5c2JyMnZ6YnFWck9SYWd0bDBCd0xMMlF0RXlVRQ?oc=5,2026-10-02 17:46,news.bizwatch.co.kr,0,
034730,SK,"최태원, SK㈜ 주식 팔아 '이혼 재산분할' 대응…지분율 17.8%→15.5% - 머니투데이",https://news.google.com/rss/articles/CBMibEFVX3lxTE04U0VGTkZlY0VqX3FhelJIUC1ERUZrb2R5Q0s3U2lGenJmamg4M3NWZGlvSzdpTzNYazhqTlVreVIwQlNvX3pvYjlwajZ3SGtUR2VSUE9HeDVBM0tYT1RZaWNZazZHSzdPUXl4T9IBckFVX3lxTE8wbUhaNFE5NjFpM0lHUWJRZS1yU2JWNWFmUkV1NEkxZTBOOHN4QUotWndmZTVKc3FETXdjRUg1VVFqVW13SS1VQ1hyTUlEZlZxODBOTk5TMjV4ZWtMWEpqX2FrR0gwSDNSRVZpV3lBOF8wQQ?oc=5,2026-10-02 17:43,머니투데이,0,
034730,SK,"한국투자증권, 4천억 규모 SK㈜ 지분 취득…최태원 회장과 PRS 체결",https://news.google.com/rss/articles/CBMickFVX3lxTE45SFlUUXZDenpYMDlsZkluMThUczkxZXF6TWNNb1RBRkVvV3NCZTVhSVpIQ3JWM3ZhQ3hVcDBPRGdOSi1keTVLTjBMYUE1VEl3LXd4WHR0VWhXMEtpdkdSVEtGVm9US3VsTG9nV3h3NkhzQQ?oc=5,2026-10-02 17:42,KB Think,0,
034730,SK,"최태원, 이혼소송 재산분할 위해 1조원 SK㈜ 주식 매각키로",https://news.google.com/rss/articles/CBMijwFBVV95cUxNUzV6WnlKNEhBdDM4U3VQeElPbTNtcDlVdDRiQklIUlozUVo5dVp6RHFveUJHSnVRTzJWdEdxMnp2Q1lwSTJjZk04Nm84QjBicVlQR1JXOERFRkJLeTVkbWFMMGdfYi1xbURSNFd1T2tfdTBZUmtSR3pMX0pxd1JjVkVPMGtaUkx5aURKMWt2VQ?oc=5,2026-10-02 17:28,조선일보,-1,-소송
034730,SK,"최태원 회장, 9440억원 규모 주식 매각 추진…노소영 재산분할금 마련?",https://news.google.com/rss/articles/CBMiYEFVX3lxTFB6V0VFYmVVaW9qN29WR3VPUWF0dThhUEg3VDE4cHR1SzVSdlNRWnZUbHZMQVFoQU1CNXlBSFhuSEJVVXpaOGU4XzRXNTdsQmE3SHZWZDhvcGZFeEtPMFJJQQ?oc=5,2026-10-02 16:54,조세금융신문,0,
034730,SK,초라한 주주환원에 중복상장 '포비아'까지…SK하닉 주가 고점서 40% '뚝',https://news.google.com/rss/articles/CBMiT0FVX3lxTE1sR2xaTHI4TUQwdGhpLVpkX0llZTZ0b1ZjSGYxNDM1bEotT3JfTkFhNHltUmZsUUVFWk1jeEZHeDNXRU5QeFl2bEUzTWhJU28?oc=5,2026-09-30 11:09,v.daum.net,0,
034730,SK,"SK스퀘어, 'SK하이닉스 자사주 소각' 주가 재평가",https://news.google.com/rss/articles/CBMiU0FVX3lxTE9TeU5LSllPbVF0NVd2Y2daa2U4RGEybjNYMF9OM3NudDhSSW1pdldDdnU5NGpBV2lUdmtKeFplVElmQjNsUzRnZnM3d1dUNm5MM2RF?oc=5,2026-09-30 10:08,경제타임스,2,+자사주 소각
034730,SK,3분기 영업익 188조 전망…삼성전자·SK하이닉스 목표주가 고공행진,https://news.google.com/rss/articles/CBMiakFVX3lxTE5UZlNnVWN5VjZXNnZ5XzM2OFFfcXRNbnAzTDc0NEMyVlpTZENnNFpqMHhIWGlMMnIwVnVRem93SXdKa1JnXzdRa0J1c0Jpc2VUY0w3UHk3VmFUZmQ3S0FvU2hPZDdkMzFLNGc?oc=5,2026-09-30 09:36,nbn 시사경제,0,
034730,SK,"해외 투자사 SK하이닉스 목표주가 하향, ""삼성전자 대비 HBM 수출 저조한 추세"" 반영",https://news.google.com/rss/articles/CBMic0FVX3lxTE11bEhmNFQtZGQxcDlZV09HaUs3LVBFNXRFN3BhQUgxSXFDU2NQTWYxYUhlTWplRHE5ZGdoUi02SWIwck42Vm9pUVRKTC1ydkgwWjJKMVM5ZkF6OVlsTjFxTDBTT0N5alZTT04zTy1qUFNEdUE?oc=5,2026-09-30 08:43,비즈니스포스트,-2,-목표주가 하향
034730,SK,"3개월 만에 40% 넘게 빠졌다…SK하이닉스 주가, 맥 못추는 이유",https://news.google.com/rss/articles/CBMiUkFVX3lxTE9OdU92UlRnVXVNUlFaX2p5Nm1jYUJMMnYwaEFBblJLX3FYOHl1Nm5TaGR6V2dBTmpiVy1iX0o5VGVUOTlUUGt1LXJmWi15UmNGVHc?oc=5,2026-09-29 14:24,매일경제,0,
034730,SK,솔리다임 미국 상장설에 SK하이닉스 주가 '흔들'... '투자금 확보' vs '중복 상장',https://news.google.com/rss/articles/CBMiZEFVX3lxTE1Qc0s5X05UMFNwOTF6X09kWW5DaklueUxlTno4Nms0bVljR0JNazh5eFkxVFh3NXhBRHhXUDVLdWNWWUJYLXhvdGRrX0xGaWpWbVVGZjZWRS1WVmY2SWhHc1FRejQ?oc=5,2026-09-29 10:36,법률방송뉴스,0,
034730,SK,"SK하이닉스, 솔리다임 IPO에 주가 '추락'...""확정된 것 없다지만 개미들 불안""",https://news.google.com/rss/articles/CBMiSkFVX3lxTE9DeVZnNk1HNXlfa3ZzS1BRanhuZWJLQXJjckNqWWZ1TFV3Tkx0UENWb19JMmJUdHBqOTFLR2ZidXZkVldGY3ctUlVR?oc=5,2026-09-29 08:30,코인리더스,0,
034730,SK,삼성전자·SK하이닉스 주가 5% 급락에 개미들 '철렁'... '삼전닉스' 증권가 전망은?,https://news.google.com/rss/articles/CBMiakFVX3lxTE1qQWpmeHduVWtPNnNMQXNkT0RQM003VzJxUmpFeG44NUxKV090UWlrSHBCZUd3OUdrR0taRUJ6anJOZ05XbHRTdWJqQmVvdzZSUEFoSU1ER1pyX3QwY1ozbmg1WHBnc2Q4Smc?oc=5,2026-09-28 18:06,ggilbo.com,-2,-급락
034730,SK,"[클릭 e종목]""SK하이닉스, 솔리다임 우려 과도…주가에 업황 강세 미반영돼""",https://news.google.com/rss/articles/CBMiYEFVX3lxTE5Ed3hxM0tkVlZzSThFOV9TSnlJQWJQN3g5R09vcFlCQVA3OVZnbzdFeEF5aURmbUFGeWtxWkhmM1J2SHBtMWFvSjBRZzE0X193WFRaU2xOU0hLSm5LQ3Z4OQ?oc=5,2026-09-28 17:46,asiae.co.kr,0,+강세 -우려
034730,SK,"솔리다임 IPO에 SK하이닉스 급락… ""이러니 국장 떠나지"" 반발도",https://news.google.com/rss/articles/CBMibkFVX3lxTE9pM01tTGN6ZXFCb0Mzd0pTb3plaGpPd3B6TXdPN2Nvc1I3TFlVbVpzMkt6alRTOFhjYUJNa1M0UVRHQVJPcV8yRU45ZFVkOERMTFJSVGVwZ283RmhKSjFYNUliQl8zUlBmbG1hTzFB0gFzQVVfeXFMUEkxVjNFLUlqc2lxUUdCQTBXaGNQV2FRT2pKVHNNVEFiRFM2b1RhZUp6aTl3eEVWRmtpQVVFMlhtZnFqSVhwZWJTRks1aHllRTJJTzVVOGMyTU9hOEZ6NnlmNi01eV9sMHBlUFc3SXhNdVBJWQ?oc=5,2026-09-28 17:30,hankookilbo.com,-2,-급락
034730,SK,솔리다임 중복상장 부담에…SK㈜·하닉·스퀘어 동반 급락 [이런국장 저런주식],https://news.google.com/rss/articles/CBMiUkFVX3lxTE8tT0M1QjNkRkhsLWVwSWhUUmVjRXUwM3hnUHRGemxhN1RFUnQ1V3hFY0d0ZVU4WXlBOXR2UGplQlBtWlMtOVZNc3lNcGZQQmVYeGc?oc=5,2026-09-28 15:26,서울경제,-2,-급락
034730,SK,"SK하이닉스 주가, 오늘 하락하는 이유는?",https://news.google.com/rss/articles/CBMid0FVX3lxTFBQVTRIMEpyQlJabVBDd2NtTGQ4QWtFRjdPU254Wkg4UGZCQndyRnAtOW5wM0JjLURxTk92RHY4c2JmMEN6TlhWMVFiYTNETFFVa3BuMXJES1BnMEg2TER0UEt0QzliaFByM1M2NkY3TDd1cmthcUln?oc=5,2026-09-28 12:02,Investing.com 한국어,-1,-하락
034730,SK,"SK스퀘어 주가 장중 6%대 내려, 미국 채권금리 상승에 대형 반도체주 약세",https://news.google.com/rss/articles/CBMic0FVX3lxTE90TkZwNkFUN2JYUU1wRWJ0VGpGZlBoalE0aWhmN3lwZ2x4Szk3RXhpcXQ0cTlxRDc5LUNMTWwwTW0zVGN0MjhHd09jeXNCM2dPb0tZR29QaGRZa21KMmdCdTh2clRFV1BuaWFCTWhkSnhhQlE?oc=5,2026-09-28 10:39,비즈니스포스트,0,+상승 -약세
034730,SK,"""한 달간 90% 폭등했다""…하이닉스 8% 오를 때 대박 난 곳 [대기업 협력사 전수분석]",https://news.google.com/rss/articles/CBMiWkFVX3lxTFBiczA3RmlHNlp6M1VOWjh4OEZBS2M3NEptTWlubW9NanVRMjFVVmJiS2hnVmMxdFk1YUNDck10QnRSbGtudXlHYS1OVkxEQVJGSEhhdkZsMXZFQQ?oc=5,2026-09-27 10:23,한국경제,0,
034730,SK,"SK하이닉스 미국 상장(SKHY) 주가 전망 2026: 목표주가 $245.21, 본주 대비 프리미엄의 의미",https://news.google.com/rss/articles/CBMijwFBVV95cUxOdGc4VW4yZXRWWllhSVhHcmtIdTBhdk9wNXNVa1pXcFkwZjVPZ2pHNFdQTkRPTmUwZjg4bUtzU2RJc05INUgzaW10TEJ2d3VObDY4eVpOdXQyT2laZk5STjdBb05KVFkwNTUwdTZBQnlYRXJOWm5qa0NDUW5TRVB3SUhZQkxwQlMyMGRTMGhqQQ?oc=5,2026-09-23 16:00,Mitrade,0,
034730,SK,"SK이터닉스 주가, 9월 23일 장중 50,700원 0.40% 상승",https://news.google.com/rss/articles/CBMickFVX3lxTFBsN2Z5cGM1OWlpaElGZUVSQjcyQS1SX25xMDljaE9iRHc4cHdXVVEySTc1NFo1NVhSaUFkQkRjeExyLUNNOFRrZ0dSLUw5ZHpuVENWS096S3JldlAydEJYMlJIMGtmTkkwWE1xSTlhSXpOQQ?oc=5,2026-09-23 10:47,톱스타뉴스,1,+상승
034730,SK,"SK하이닉스 주가, 오늘 급등하는 이유는?",https://news.google.com/rss/articles/CBMid0FVX3lxTE90XzBTZUt1cnJWNVVXM2RrQ3UwRlJ3bklwZVdNR3FDTjhmX0NYRGptdEZ2cUVJRkY1cWJNeGtYM0NLc0pUT0tlWl9vaktpUFd5RzBxZFlfSXh6RHBmQmh0VFVoQ0RCMnVZcWNUeDdQdF9aZ1F1NG9V?oc=5,2026-09-22 17:18,Investing.com 한국어,2,+급등
034730,SK,"SK하이닉스 ADR 주가, 188.86달러 0.73% 상승 마감",https://news.google.com/rss/articles/CBMickFVX3lxTE1xRkFxU0pocy14QnZJd3ZrRFdnLS02UEdaS1FnY1gxN21oUkNpbC12VlNkSlB3clVCWGJwMmZpWHdweVlVdmFJN3Nralo4RHRaRGt5dmNRUjM4VFdNQi1WRW5LUHBpeDR4bHJ2bGRET1JnZw?oc=5,2026-09-22 09:46,topstarnews.net,1,+상승
034730,SK,"삼전·SK하닉 주가 연일 상승 ""범용 D램 공급 부족 장기화""",https://news.google.com/rss/articles/CBMibkFVX3lxTE5DY1FaaVZPZElFcFVFR1pIOVpiM1RZVGx2aGxFeVlDbUFLeXBBOTJQVmJzYUlySzgteVpUaFZmc3ItUklndXhZLVFQQTBsLTdJTnhUNzRRTmg0ZFE0eUN0Z3drWmt3YW9OVFFvaFln?oc=5,2026-09-22 09:11,gukjenews.com,1,+상승
034730,SK,"SK證 ""스트레이키즈, 월드투어 실적 기대…JYP 목표주가 '유지'""",https://news.google.com/rss/articles/CBMiT0FVX3lxTE02X3pTV1EzeFBsb2lxUmNmcm5JOWRIX3dzaXhpbWZRTFFDb2hBTllHWEZGUk5PLUlnT1V6Q2owZHpmVDdRNm5oZjhBc0xSYU0?oc=5,2026-09-22 09:04,v.daum.net,0,
034730,SK,"[코스피 현미경 분석] SK텔레콤, 코로케이션·GPUaaS 등으로 주가 다시 뛸까",https://news.google.com/rss/articles/CBMibEFVX3lxTE0tbHhYTFVWTHBkWmlOVURyb0I2WWk2UE5WZm9wS0kxR2JlUVJMRTJiMEtPUDNZcC1SNkRqLTZiaDNHX3N5eS1uR1hVNUo2aVNGVF9GekQ4cFkyOXRXNGFQZ2dCVGtTem44azNDdtIBb0FVX3lxTFBTQlp1aVJMSDdIRS1KTlZqc2tUNjc1N0RwcUt2Y2xzazY0SDNQWTVLVmtmQjN1UzBaYmFqbGVlT3lRRFlwV3BzcXk5SVBsMFpMZXNyWWp0ZF9CVnpoU1RhZjJKTXV2X3FNVVdMbmU2RQ?oc=5,2026-09-22 08:45,데일리인베스트,0,
034730,SK,"상성전자 SK하이닉스 한미 기준금리 인상에도 주가 굳건, 다음 관전포인트는 미중 정상회담",https://news.google.com/rss/articles/CBMic0FVX3lxTFB4NFpmcjBCakhOV2daMUoxN0l5R19EQXRGOFZEelIwRGhSekFoeWNTTEpKd1NoTUI1ekFQdVE3TjgyUzY1SkphSHV4ZERJekJwMHhVUF9CUUd0YkllejF1V0h3WFFnRkRWMjJrQVRjdFJhY00?oc=5,2026-09-21 16:50,비즈니스포스트,0,
034730,SK,AI주식상승확률분석 : SK하이닉스 (000660) 주가 전망과 상승확률 분석,https://news.google.com/rss/articles/CBMiYEFVX3lxTE1MZVR6VG1ZZnJkU3FKVEhTSExCTnliMDJSYUlHdGRPcGJJOVdaWmRHWktvTHo2U3VMUmJDY0RTLThkb1NQQkVSQTI0WXhLRER6MWFRZUhmRkVQRGdycURSZQ?oc=5,2026-09-21 10:55,Investing.com 한국어,1,+상승
034730,SK,"SK하이닉스 주가, 9월 21일 장중 1,865,000원 0.43% 상승",https://news.google.com/rss/articles/CBMickFVX3lxTFBxSi0tb3JXalZ1YnpDM3VhN3d0NXduVFZpRmdNU0diakxzbFdCOUlDRnVGUkl3ejgxQnFNTTdQTE9rRkRydjlMNHRzaXBjdVJhX1JIeGUtQkduV3BSQkdUMDZxN3AwZHBkTmxpWGdPdnc5dw?oc=5,2026-09-21 09:49,톱스타뉴스,1,+상승
034730,SK,"석유·가스주, 정제마진 개선 기대에 활짝…SK 주가 불꽃랠리",https://news.google.com/rss/articles/CBMic0FVX3lxTE5kNFVMaVpsdkg0ZHpWYTRBWjVfMzFoN0o5aFZmNWlDcU4tclZHeTlUX1VCUl9ndWgyc1B3Z0FzVFFkUkRHVjh1c0pXQnJta2VSNGJkdG02MDMzMzNxN1cwNXV2WDFvbXNVbnhvWXlUcldEY1HSAXdBVV95cUxOeExGd2MyNlRYbmRpSVdmMGhEMG1LSGYycjhQbU5tMWVHUnVYbUx0MVVMaG9RN1JGaHowMFZiMzZqVTBzWlp3QXhuZmNiQkVTYVctSjJmcVNzMjdyNUtSZmVJcWFNYVgzMXA0X2NvM3ZjUlIweUJhbw?oc=5,2026-09-21 09:10,핀포인트뉴스,0,
034730,SK,"SK하이닉스 미국 상장(SKHY) 주가 전망 2026: 목표주가 $245.21, 본주 대비 약 40% 프리미엄의 의미",https://news.google.com/rss/articles/CBMijwFBVV95cUxOdGc4VW4yZXRWWllhSVhHcmtIdTBhdk9wNXNVa1pXcFkwZjVPZ2pHNFdQTkRPTmUwZjg4bUtzU2RJc05INUgzaW10TEJ2d3VObDY4eVpOdXQyT2laZk5STjdBb05KVFkwNTUwdTZBQnlYRXJOWm5qa0NDUW5TRVB3SUhZQkxwQlMyMGRTMGhqQQ?oc=5,2026-09-19 16:00,mitrade.com,0,
034730,SK,"삼성전자·SK하이닉스 주가 놓고 ""오를 만큼 올랐다"" vs ""더 오른다"" 반론도",https://news.google.com/rss/articles/CBMiY0FVX3lxTFB2Wjhjek82NkRXMlFsalZYOUJYQmxHbFhvMGhVSnJzdEVoZHZVRFNVSzY0RFB1b2hLdEJYTnVROHV1anZxbkZPZ2p2dGxEMEVIaXcwOFA3U3pGYmpKdEkxN3FzTQ?oc=5,2026-09-19 00:00,더구루,0,
034730,SK,"SK하이닉스 미국 상장(SKHY) 주가 전망 2026: 목표주가 $245.21, 본주 대비 약 45% 프리미엄의 의미",https://news.google.com/rss/articles/CBMijwFBVV95cUxOdGc4VW4yZXRWWllhSVhHcmtIdTBhdk9wNXNVa1pXcFkwZjVPZ2pHNFdQTkRPTmUwZjg4bUtzU2RJc05INUgzaW10TEJ2d3VObDY4eVpOdXQyT2laZk5STjdBb05KVFkwNTUwdTZBQnlYRXJOWm5qa0NDUW5TRVB3SUhZQkxwQlMyMGRTMGhqQQ?oc=5,2026-09-18 14:18,mitrade.com,0,
034730,SK,"“SK 74만원 간다”...하이닉스 덕에 지주사도 ‘덩실’ [오늘, 이 종목]",https://news.google.com/rss/articles/CBMiRkFVX3lxTE5LRzFWLUxPZzZVdHRUellWaklieGxQd1JwZFlVYUltUXBLbWdNZUdZbnRuRVZmWlpkSm9GMXJyUi1KMER4ZlE?oc=5,2026-09-17 14:39,v.daum.net,0,
034730,SK,"“‘영업이익 3조+자사주 소각’ SK, 주가 상승 여력 충분하다”",https://news.google.com/rss/articles/CBMib0FVX3lxTE5lakE1bjBtd0RXV1VjRGpPZDVlb3ZPcWo5SExjc2lVZ3FPM1VubEluWC1JVTd5dG0xeWd3b3BFamthTE02Mmo3ZTl6SmFJSmViVzBwajVoblZrcXpzaEI2TzVnZTF4MElPbkwyZnRETQ?oc=5,2026-09-17 13:43,newsquest.co.kr,3,+자사주 소각 +상승
034730,SK,"SK하이닉스, 미국서 반도체 만드나...인텔 '골칫거리' 해결? 주가 급등 - 머니투데이",https://news.google.com/rss/articles/CBMiaEFVX3lxTFA5ck11LW5pMURKak90VWtIdTNNSHV2Vm9MaWR3VTZIRFAyd2R6NkNBQjQ0MHFqQnNkVFRIQi1HUWtYUE9FQ1dLbWlWb1N6c1RnOVN0WnZwZU0zNl9DbXBSc0RCQVFqa1JL0gFuQVVfeXFMTVp5eGJjWFBfQmttcTBjMWpNVDUwWTZIck5ndWpUX3BVeS1tbXFGT1lQMjhiWmRfYzF5R0wtTDJTdWcwbC10bFlqOENSY3FOeWVpRDJPVkQ3OFRoWk1YQUs3WFFJazRvWnFHckVEclE?oc=5,2026-09-17 11:42,mt.co.kr,2,+급등
034730,SK,SK하이닉스·인텔 美생산 협상 보도에 나란히 주가 상승,https://news.google.com/rss/articles/CBMiW0FVX3lxTE91aWJzUngwSktwcXpNRVlWNHNpU29aRnRRdE1jQVo4UFVsQkhUODhPV1NyZHIyellsTFNqOWozTzdvYThJYXNKbGVfUXVmanJSVnFzeUFrUlFJazDSAWBBVV95cUxObmlSY0VGNWZfWmYxSWpTeDJRYVB3OFNQRWpWNXRnV2VtV25Va0F4bnp5bWdycE92VzV5RXZMNmlpMlZKYlVDWHFtWHBCc256djRjVGRpT19yTF9wNk53eGw?oc=5,2026-09-17 09:47,연합뉴스,1,+상승
034730,SK,"키움증권, SK 목표가 상향…""NAV 증가·의결권 가치 확대 전망""",https://news.google.com/rss/articles/CBMiW0FVX3lxTE53dWd1d0VlZVBCVUJEbG1RMEpJcnFFT01iVy1iSTFEV3R6QmlQTUhLRjEzNlJQYmhHV3htbFlKQk1NRjJuR05aOW5wYTBMNnNvdWxiby1MNF8yc0nSAWBBVV95cUxPWEstMDFTZzdxOGJ4T0k4c0ROX3M5ZlNSU09PMnlILWZuSmpRdnhMU2M3VnJvUS03MWY0VV9RYWh6LUdILUR1QnlrV3RxNU1wYklBU3B6MjFpSUFNRkRUek8?oc=5,2026-09-17 08:32,연합뉴스,3,+목표가 상향 +목표가 상향
034730,SK,"SK하이닉스 미국 상장(SKHY) 주가 전망 2026: 목표주가 $245.21, 본주 대비 약 39% 프리미엄의 의미",https://news.google.com/rss/articles/CBMijwFBVV95cUxOdGc4VW4yZXRWWllhSVhHcmtIdTBhdk9wNXNVa1pXcFkwZjVPZ2pHNFdQTkRPTmUwZjg4bUtzU2RJc05INUgzaW10TEJ2d3VObDY4eVpOdXQyT2laZk5STjdBb05KVFkwNTUwdTZBQnlYRXJOWm5qa0NDUW5TRVB3SUhZQkxwQlMyMGRTMGhqQQ?oc=5,2026-09-16 15:05,Mitrade,0,
034730,SK,"한화, 인적분할 효과로 할인율 축소 기대… 목표가↑-SK",https://news.google.com/rss/articles/CBMidkFVX3lxTE4yNnZHc0lkcmR0bTlkVzBNbC1YYzF5aVh2Um9JcmlhQ0JaNEJBOFJRZjRuaWxIR09UX3NzMUF1OGFmdmRQbjRxOUhOVWh3Y3VTVjFyaG9aUng5aElzc05yeG4xUnMyTVFzZG92d01MQjNCWi1xMWc?oc=5,2026-09-16 11:42,infostockdaily.co.kr,0,
034730,SK,"SK하이닉스 ADR 주가, 174.83달러 0.46% 하락 마감",https://news.google.com/rss/articles/CBMickFVX3lxTE02dTY1RGsybmRZUi0tSmFYbEhUaEJPekt2Wm4yejFzSnloelJWX1g2UXJnQzFmV3h3bHVZUW1fNUxEdF9fUHdPc0tLRl9NQmw2a1lRbWlLWUJiVzdpNE1hc0dSZG5rWmRBQlU5QlE0X3lJdw?oc=5,2026-09-16 09:44,톱스타뉴스,-1,-하락
034730,SK,주가는 흔들려도 주문은 탄탄…AI 속도조절론에도 삼성·SK HBM '품귀',https://news.google.com/rss/articles/CBMijgJBVV95cUxQZkVPMm1FdU1FbmZUUXdPcnNGN3VJalZVQmtnVDUyNHhReUhveG1rYUs2RGdPb3pVczlZWHJhQXNpOVE3U2NKTUZzZnQ4V01iejBBRW5XQjZrdVRzc2RYNVhBelJoaG8wSGFkaTA3VHVzVWFGckRGLWJnWlhtM0xEdkNSUWkyc1JyM3RTc2k5NXoyTFhZZlYzQVdseHdrTk96dUFLd1BzN1F2cHNjTElQa05RTWYxQUFRLUxtSC02OXNJT0k0MWx2TUZ0SGxxM1FrTzZJWU1BMk5RZXdpblRjb1dJb2pwTUVlaVlZeDhVMl9KZ1VuNDZzX2cxc2FNeXFHeUFweTdiZ2VIQ0JkaGc?oc=5,2026-09-16 06:00,dailian.co.kr,0,
034730,SK,"SK스퀘어 주가, 9월 15일 장중 1,007,000원 0.70% 상승",https://news.google.com/rss/articles/CBMickFVX3lxTE5acy1yRXFuZE0tLWlJaTRqRlIzd25tYlZKSFoxVC14Tkh5a2pLeUFWbWlXbDB3X1dLZnc0UGk5RlRBRjVoenF2TjhOZi01NGpkc1R2UklyMHJqSDJzVTg4MmdpVVdUSGdwWHlmeE1OS2UyUQ?oc=5,2026-09-15 09:57,톱스타뉴스,1,+상승
034730,SK,“영업이익 10조 보인다”…SK이노 주가 지금보다 46% 더 간다는데 [오늘 나온 보고서],https://news.google.com/rss/articles/CBMiUkFVX3lxTE1VLXBneXBPeHRJYjBrUENnRjAzRHBUM0djM04wMDJkR1VxVGx6UVFQdThrN3Z0RzdqME9ITmg5c3RoRVlBNy04V3JnWXh4OEhjTkE?oc=5,2026-09-15 09:15,매일경제 마켓,0,
034730,SK,“SK이노 영업익 10조 전망”…목표주가 20만 원 ↑[줍줍리포트],https://news.google.com/rss/articles/CBMiUkFVX3lxTE5YQl9ZdzdmOG9oOEl4a1dIVWI3SFBlMmxkQkhvd1lkck1WNHhZRmIyUWlfb3F0czZac0dTVW02QnlvMGlBVXg3enpsa1Z0a2FuRHfSAVNBVV95cUxOMURjMnVlMXplT3FaRk1VaG1FX3JNb0lMaXZEWGFaa1RJbW1mMjlnRVFNbHNMcVlza0NTVGxoUXd2bS1wcG9PcFhYRWx4Ny1YM1JSWQ?oc=5,2026-09-15 09:04,서울경제,0,
034730,SK,"SK하이닉스 ADR, 월요일 주가 7% 이상 하락한 이유는?",https://news.google.com/rss/articles/CBMisgJBVV95cUxOanFfRjNiZElkRlV6SERQcmpEbVhZOWlMZFZtSVNRUXZPUGxZZm92b2VfQ2Nib2hPQzhmV3JaQzVHdUhzdVk3ZFpNVDctbFBENk95a2thX1NtMHlGUGVPUVFPdmdlZVlxUG82OGkxdDBLa05NWG1pajd5dnFqeUdFMlNUYlBuU2c3RkE3aEd5a2tSZGxxZTZrMjlyRUZkOFc4RWZSVHhjQ05rQnhiY1NKbmZSYURjb2lCeHFoamF2S0ZwR21sa0NXZUJBRzQ2U013UEZKcEpMdjZjZTQ5SzZheGg5Mjd3bDM1cm9mTkMzWTNKbUF3S000YVZoc2s4dTJreW5CcG5qaFgydUROWEVNb0o0RHV0ZTlDTGZCQ0NzeV9nQjB6RmYwU2ZNMlliYkp4OXc?oc=5,2026-09-15 08:38,Benzinga,-1,-하락
034730,SK,삼성전자 ‘27만원’·SK하이닉스 ‘148만원’...BNK “주가 상단 제한적”,https://news.google.com/rss/articles/CBMiT0FVX3lxTFBGcmM4SzdBdC16WGMtOGowLUlTUHpqVktDVUkyV1Z3LVlvREtCdWMxOXNkNGx2bW5mTm5xU1JKMXE1Zzg0M0JGMnljU2hRY3M?oc=5,2026-09-14 20:25,v.daum.net,0,
034730,SK,[이슈콘서트] 삼성전자·SK하이닉스 주가 다시 불붙나…반도체 수요 새 국면?,https://news.google.com/rss/articles/CBMiT0FVX3lxTE5LN3FQdXphdUlZa19CdTFJSkdsQjZnaTlUZnpqSHhVenJsbzZqY2dkY2NEVWZBcVJtaVBfVmQ4OFBaeUJDdW9LSmI5SHFmRGc?oc=5,2026-09-14 18:38,v.daum.net,0,
034730,SK,"SK하이닉스 주가, 오늘 급락 이유는?",https://news.google.com/rss/articles/CBMid0FVX3lxTE11S0hPOVI2c3dXX1hnV3ZvVjQ4cUpuNHY3MVhCV043aWhhbUl1bUl1NzRVUHBzOVJ0aDc0dkpPU281UTJROGdqWEZLVWJBYVo0VXFjekg2YjlVVTdPVklfRkhua1dvbWpKam5QWDk3UExfNzVzdmVJ?oc=5,2026-09-14 12:05,Investing.com 한국어,-2,-급락
034730,SK,"[리포트 브리핑]SK, '사업과 지배구조의 긍정적 재편 효과' 목표가 900,000원 - BNK투자증권",https://news.google.com/rss/articles/CBMiXEFVX3lxTE1JMDItLXRkNHRIVXlYQzFhWTZWS05QaXdtQ21pMFhYcDJWNndkOFF2YmtsNzVuanBfQkZabmdyOVNZVkZVYTZBaHpCcGNKWDNhQ0UyRHBqZDMtZTNQ?oc=5,2026-09-14 10:49,뉴스핌,0,
034730,SK,"SK하이닉스 미국 상장(SKHY) 주가 전망 2026: 목표주가 $245.21, 본주 대비 약 41% 프리미엄의 의미",https://news.google.com/rss/articles/CBMijwFBVV95cUxOdGc4VW4yZXRWWllhSVhHcmtIdTBhdk9wNXNVa1pXcFkwZjVPZ2pHNFdQTkRPTmUwZjg4bUtzU2RJc05INUgzaW10TEJ2d3VObDY4eVpOdXQyT2laZk5STjdBb05KVFkwNTUwdTZBQnlYRXJOWm5qa0NDUW5TRVB3SUhZQkxwQlMyMGRTMGhqQQ?oc=5,2026-09-13 16:00,mitrade.com,0,
034730,SK,"""SK하이닉스 주가, 여전히 싸다고?""...'파격' 전망 나왔다",https://news.google.com/rss/articles/CBMibEFVX3lxTE1nZ2UtTmpzY1hkSFZZUlVEOWtKVERtTkxLRmE4WC1sbFBJZm1hTmtHQksybUh3cVpnbTVMOGxPX2pncUR4RzdWZU1WbGN0NlR6WjRCMTlUbUFTT3RONGFPTDRhdm1oTFdicFBzSA?oc=5,2026-09-12 10:51,한경매거진&북,0,
034730,SK,"SK디앤디 주가, 9월 11일 4,090원 1.56% 하락 마감",https://news.google.com/rss/articles/CBMickFVX3lxTFBTQlBKcVl1X2J1NHB6YXlmclM0NmF3MmRKZkpzSjRTWms1WnJKdWlSdjJyYUtoeWkxZmtXdUh4TFZ4Rm5FV1RrbDNoWXAzSktGT2hQeWRtNW1yNEtfSmVya05YMXNKdkNKYlQ4WmJheXl6Zw?oc=5,2026-09-11 16:11,topstarnews.net,-1,-하락
034730,SK,SK하이닉스의 HBM 점유율 하락으로 주가 하락할까? 향후 전망 분석과 핵심 포인트,https://news.google.com/rss/articles/CBMigwFBVV95cUxOV2t1NXU4WWVJX2gtWm1tWk94OW5hSlQ3ZkQwZVpGbVJaazAtMmFqS2ZYd1FoakJYeUEtYkVnenBFTmNCVlotSks2THZTZWRXYUU0UU5YLTZob25jUURmS1B2cUp6MXZpOHBHcWt4ZENqMkd0OVVuNDhqWGpfSjc3SVVTMA?oc=5,2026-09-11 14:51,contents.premium.naver.com,-1,-하락
034730,SK,"""LS, 전선·전력기기 호황 계속…주가 여력 충분""-SK",https://news.google.com/rss/articles/CBMiWkFVX3lxTE4xNTJlS0U3ZGJFaGtEWWJLaFpvRXBIcHAzZ1hfdE1TZDVqdjh1Ri1QeW9adS14LTVRcnRqY1V3OWJJaElyRXRLX3FUZXVoMlppaWlfVzAxaTZrUQ?oc=5,2026-09-11 08:16,한국경제,0,
034730,SK,"SK證 ""LS, 보수적 평가에도 상승여력 충분…목표가는 54만원↓""",https://news.google.com/rss/articles/CBMiVEFVX3lxTFBXNkJROVM2bktlcWVRNjhEY28zU2l4LWtFS2IybmtNMG9FOFQzM2NKTEpDMDVfQ0E3d05DUk5ReFRNd3VFZlFJOUVKRVcxTnVxY0VQZQ?oc=5,2026-09-11 08:15,이투데이,1,+상승
034730,SK,"LS, 하반기 실적 개선세 지속 전망…보수적으로 봐도 상승여력 충분-SK",https://news.google.com/rss/articles/CBMidkFVX3lxTE9HSXZBX0RuU0NRa3dTZ1pra3YtblBOSU1WUlNHN09hQnVvdWFxZXJGY2phaWgzYXdBSHpPVXp2NjdYLWd6OE5sRFNYSlJNM1dSMk1oWkpqalNBT1F2RGljcF9UUnh4c2VKQlVabllWMHFPakJKbnc?oc=5,2026-09-11 07:57,인포스탁데일리,2,+상승 +실적 개선
034730,SK,"SK하이닉스 미국 상장(SKHY) 주가 전망 2026: 목표주가 $245.21, 본주 대비 약 43% 프리미엄의 의미",https://news.google.com/rss/articles/CBMijwFBVV95cUxOdGc4VW4yZXRWWllhSVhHcmtIdTBhdk9wNXNVa1pXcFkwZjVPZ2pHNFdQTkRPTmUwZjg4bUtzU2RJc05INUgzaW10TEJ2d3VObDY4eVpOdXQyT2laZk5STjdBb05KVFkwNTUwdTZBQnlYRXJOWm5qa0NDUW5TRVB3SUhZQkxwQlMyMGRTMGhqQQ?oc=5,2026-09-10 18:22,Mitrade,0,
034730,SK,미국선 날고 한국선 갇혔다…SK하이닉스 주가 엇갈린 세 가지 이유,https://news.google.com/rss/articles/CBMiaEFVX3lxTFBHbzdubjBoYUNBeS1HMkl0blpSbU50QzFReDM3RGtWSmE1bGR0cy1sMmFXenY0bXZSMGxOdHNnR2hDd3A5ZG5tWV8yUmZfcmtndDl5cVJta3NIaWlmaWNSSGtMYnAzRHFn?oc=5,2026-09-10 17:35,더쎈뉴스,0,
034730,SK,SK하이닉스ADR 상장 후 최고가인데...국내 주가는 약보합,https://news.google.com/rss/articles/CBMiYkFVX3lxTE9WN1BpZ0pmY2VDRmpxeVNhelZfRWV5Ti1Lbk9JcGJrVkVGZHhUUGhoZExKOFBUQlV4QXk4V1NQb0NrRXBqdFFQMnI3Wkpud3FWM3FKVDdFOVpHZmFOZHBlNjV3?oc=5,2026-09-10 09:29,이코노미스트,0,
034730,SK,"흥국證 “SK, 올해 영업익 18조원대 급증…자사주 20.3% 소각도 주가 재평가 동력”",https://news.google.com/rss/articles/CBMiT0FVX3lxTE9neDdGS1R0MjBRTjkzNUdjTHhpbUpZclF0a2YwNDRnVU1DRnpCTVZjYWRONHI3WWliaXBDV2M2RFZEcWtJZGpka01xRXVLYVk?oc=5,2026-09-10 08:31,v.daum.net,0,
034730,SK,"SK하이닉스 ADR, 수요일 주가 7% 급등한 이유는?",https://news.google.com/rss/articles/CBMimAJBVV95cUxNUTZIX2o0d3RWdS1iU2RhWVBmS0l2TVVwWTZ0eTh2UkNTUUk2ZDA3b1F4cFFLR3c1bnJlMGw4TEVzY1lyLVo5T3JkNF9fMUxSalBSNjl4aWdDNlJ2UE5KNWdIV3lKekc2TmlwZXpNbUFxell1WFJ3OHlqZXVMN2E5azREMW9KY0trWm5FNG1hUXktalBBQkhxcDJzYmxXWkJlNVh6OU1zT2Y3UUlsR3JuWlZJTUtsWklqbnotazJMUmZYMjE5S0MwaWsxUTNrSXNDVVhKd3lnMlN6ZkFWdGtOdjBCYlVFZmQ3ZjQxYzRaX3ZWUGREWkptMDRBMXAwYXViUzM3Z3hadzBQLTg1OU5jS3JidWJBV18x?oc=5,2026-09-10 08:25,Benzinga,2,+급등
034730,SK,"SK하이닉스 주가, 오늘 급등하는 이유?",https://news.google.com/rss/articles/CBMid0FVX3lxTE9ncUdfWmJPQVdRM0YyNGQ5T2x1R2o4cVRhZnAwZmlhaXNKbVVPajBrVUVvcnpnYUYyX3pIeUlGMTRtOElKd3E0dGdZSDQ3bjJJZU93cXJkRWpLTnhISzlRVDNjam92a1J0R2N5Z1AxdFpNZ1otaXA4?oc=5,2026-09-09 22:54,Investing.com 한국어,2,+급등
034730,SK,"SK하이닉스 주가, 9월 9일 장중 1,841,000원 2.68% 상승",https://news.google.com/rss/articles/CBMickFVX3lxTE55cnJBUXVVM21sWkxsUm1iSmwxT254eUFGal9xRmpVQzh3b3BMSlFCczd4Tjh5N1hIYnl6U2xIUGlqQ2RuRWNPZl9RcEpFbGVpd2JtSDg1Q1NyNnZDOHlYU1BHNkdwVVJ0cmJzRHZsLWozUQ?oc=5,2026-09-09 09:46,톱스타뉴스,1,+상승
036570,NC,[공시] [기재정정]단일판매ㆍ공급계약체결,https://dart.fss.or.kr/dsaf001/main.do?rcpNo=20260812800835,20260812,DART,2,대규모 공급계약 체결
036570,NC,"[ET특징주] “기대 너무 높았나”… NC, '아이온2' 글로벌 흥행 청신호에도 주가 5% 하락",https://news.google.com/rss/articles/CBMiTkFVX3lxTFBZRjNUZTFWVHVzcmI0ZGw4dnRsR3FneHNyV1lqanJ4MlZJNEhHRnFuYmpIQjkyaHJKT2g4aFREbFFMRFhkWWxZS1RSSDM0UQ?oc=5,2026-10-08 12:35,전자신문,-1,-하락
036570,NC,"[특징주] NC, ""아이온2 흥행 예상보다 약해'.. 7%대 '하락'",https://news.google.com/rss/articles/CBMiiAFBVV95cUxPU09kbWcteWpVT0hWaXkxd1BDRGhENzludzRsUVlfejFSbDJnd0hvaGNqVnM1Z3FDRHpXVDFucEVLUHJkUlFMQTNDUUsxVVE1WTZkai1jZG56b1FBQjRkZEQ5bDFrVlVLalRrRmluWjVMUlNVak5sOWU1akVWbHZ6aFNBczE3Zmx0?oc=5,2026-10-08 10:38,글로벌이코노믹,-1,-하락
036570,NC,"NC, 아이온2 흥행 기대엔 못 미쳐…목표가↓-NH",https://news.google.com/rss/articles/CBMidkFVX3lxTE4wRjRRNjhRSU1pem9mSnJWN0xXOGFwZ09YN01DWm1zaXVYRTdvS0tfVEdYdmFfU3hxbnZvaXQ3UkJ0YllCelZYRFpvNTRmYzgxUzRYelhCeFduMDFXOXB4YUtMeDNLUC1FVHZmY1hNUEIzUjZ1R3c?oc=5,2026-10-08 10:29,인포스탁데일리,0,
036570,NC,[특징주] “아이온2 글로벌 기대 이하”…NC 7%대 하락 - 조선비즈,https://news.google.com/rss/articles/CBMinAFBVV95cUxNMW4zVkk2XzhJaHByUlN6STJVcEYtcnI1OXJwanE2cVp0MDgzNW8yamJqR3doR21acktXOGZCQk9EMUNmMktHM2JGWHVxaFp1dHZZOUR1cU5udk1hVEFQSzlBY1d2SFFYa1RpWFBsNWNmQUtreG56SGZNeEtBUUtUX19sNDJvQXZpLTd0Ni1OVDQxT2NYWUlpaTlpejDSAZwBQVVfeXFMTTFuM1ZJNl84SWhwclJTekkyVXBGLXJyNTlycGpxNnFadDA4MzVvMmpiakd3aEdtWnJLVzhmQkJPRDFDZjJLRzNiRlh1cWhadXR2WTlEdXFObnZNYVRBUEs5QWNXdkhRWGtUaVhQbDVjZkFLa3huekhmTXhLQVFLVF9fbDQyb0F2aS03dDYtTlQ0MU9jWFlJaWk5aXow?oc=5,2026-10-08 09:59,Chosunbiz,-1,-하락
036570,NC,"[리포트 브리핑]NC, '아쉽지만 2027년 신작에 기대' 목표가 320,000원 - NH투자증권",https://news.google.com/rss/articles/CBMiXEFVX3lxTE9URE1UNVBMR19sV3F5bV9fdlJfRlB5S2l1OHFzaE5SRTRwUmJsdmVWVFVMd201ekFsQXhWODZHWkQ3ejFhT3praFF5TVE1WEpCYkJrdVY2MGdncjZw?oc=5,2026-10-08 09:37,뉴스핌,0,
036570,NC,"NC, 실적 추정치 하향…목표가 32만원 하향-NH - 머니투데이",https://news.google.com/rss/articles/CBMibkFVX3lxTE4zYUUtdFQ0azVrUzJyWE1hamtFOHJQdm1fYVJLYXZZS0ZGMzdWTU11MWpjUWVER3JidVBIWkdSTEFDLWtmVzlER29FTTNaa1hwSUJJUjF2bG4yNDgxWF9BaDFlckpuNS14NVlSMWVR0gFuQVVfeXFMTjNhRS10VDRrNWtTMnJYTWFqa0U4clB2bV9hUkthdllLRkYzN1ZNTXUxamNRZURHcmJ1UEhaR1JMQUMta2ZXOURHb0VNM1prWHBJQklSMXZsbjI0ODFYX0FoMWVySm41LXg1WVIxZVE?oc=5,2026-10-08 08:27,머니투데이,0,
036570,NC,"“NC, 3분기 영업이익 1133억으로 흑자전환…‘아이온2 글로벌’ 흥행이 불 지폈다”",https://news.google.com/rss/articles/CBMib0FVX3lxTFBKSjBoSlZyNHgtM0FHNE42ZnNIbnZiRUlmRTh1Tmw5YWpYOWRFUjlPZExiUzZCV01jVEIzd3ZJSE9LLWMxZHFjcXBPQl9rMG11VHBfSURDUTI0OGwwS0RuVHpWWUxiSklqWFQ3ZW0wTQ?oc=5,2026-10-06 19:34,newsquest.co.kr,2,+흑자전환
036570,NC,"[특징주] 아이온2 흥행에도…NC, 5% 하락 - 조선비즈",https://news.google.com/rss/articles/CBMiiAFBVV95cUxOZjl6Z1dzZFdtWTA5Z3FZb21mN3ZIcDBzQlhKTDlxR1E5aHA0bjJ3WGQ5NVlDaF9pdkt2bWZqOEt6NGpGcDYxNTJGaEk2UmlXQmhJS1BGWmp4ZzIyZ1hyekJwZGxtaDFtSjUzX3ozeE1wSjVTWHVCcDNGTnV0eWQxVDBlWnJjb21I0gGcAUFVX3lxTE1HcUtxWXd3Ti1vUlJZVXozay1YNXZRYTFoVDJXbEVWR3pxQ1F3czRkM1hTZVcyOE9kd0FkYXkyV1ZuNVVwQ0lzZDhyekpoa0V2R0QzMHl4Qll4MV95elZSNXhzT3FkSXdwNEFMWkdzbTcwRzJOeEM5SDN0TjBUUFlBaTF1Q1gzXzR0TXpUcEFJbjJpM29kNXYxbEFDVQ?oc=5,2026-10-06 09:51,Chosunbiz,-1,-하락
036570,NC,게임주 장중 혼조…NC 7%대 하락·네오위즈 상승,https://news.google.com/rss/articles/CBMiaEFVX3lxTE5vMkR4Ukp1bWdtTnB1OUJfVEdWdjZzR0tTTTg1RWJuMmNYX1pQc3d1anJKZHVDMk9iOU1VeVZDM3FwdlV5dkVGWFd2YUtzTmU2ZW1qVVFxZEQ1ZUFWeHpsMTFuZW85RkFO?oc=5,2026-10-06 09:40,CBC뉴스,0,+상승 -하락
036570,NC,“90만원에 샀다” “난 100만원이다” 10만원으로 폭락…너무했던 국민 황제주 ‘반전’,https://news.google.com/rss/articles/CBMiVkFVX3lxTE5BNTB3Z084VTJUTlFYZk0weUhidl9UMjNoMnl5Z1hNSHZFV3FWOEFDbXJyUDg3YkMtRS13ZXI4eEc0dl9IZklPRmhGbmF1Wjh2dXdOemtR?oc=5,2026-10-03 21:40,헤럴드경제,-2,-폭락
036570,NC,NC 주가 10% 상승…신작 3종 매출 5103억원 전망,https://news.google.com/rss/articles/CBMiYEFVX3lxTE1LdFU0TUszaWhDTUhqMEtxakhDaWdRVzcwZjZyN1ZBTnpxLUt3Vm8yZTBtcFdVOEkxekNzQlBfYnpZVHd3OFNrcGJCS1FWTWRjbU4wUTJTR0RzWDZvMmstZQ?oc=5,2026-10-02 21:08,제주교통복지신문,1,+상승
036570,NC,NC 주가 강세…현대차증권 목표가 38만원,https://news.google.com/rss/articles/CBMiZkFVX3lxTE4yeHBLR2dtUUNmUE1kdnpYQ24tbXdacVN0ZkV4V1pkbmJTVTlscXBFS0pvYjUycTBTOG94UkVQZ24yVGhNZVlwN1EwakFXRjlONXJudmlna1lXbVhJUkFWSGhnVi1DQQ?oc=5,2026-10-02 20:52,비건뉴스,1,+강세
036570,NC,"현대차證 ""NC, 아이온2 흥행말고도 좋다…목표가 8.6% 상향""",https://news.google.com/rss/articles/CBMiX0FVX3lxTE9fT1BNZHFkc0o3US10b2dDSnFXT0RCVDVta2pNVUMwNGZCLUl5c3dpUm0tSXhJVXNlVXVERFROdDJFLXFyMkdHYUl0Z29DcURXLUJhdmFpN2RSYWtDRk5N0gFkQVVfeXFMTlduTExhT1U4VGV5Y0RaeldDLTRDbzJRcFFuU3hqZS04S212U0NRTm1Pa0w4dFNNRU9XMFJCU2Z1NG5zY2h2SG9BY3Z4WTRuaFpzRDhhc3RIMXNncW5CREVlcEk0VQ?oc=5,2026-10-02 09:50,뉴스1,2,+목표가 8.6% 상향
036570,NC,"현대차證 “NC, 아이온2 글로벌 초기 흥행 기대 뛰어넘어…신작도 대기 중” - 조선비즈",https://news.google.com/rss/articles/CBMiiAFBVV95cUxOeVpfYjB5Y0N0anJhOGNXaEZWTXhGUHFOOHhsUGdCQmxEc2UzdGdoYWptWXNzel92aWZvN3lmZ1Bobm5pMDBFcWdRNVY5VVQ2R0dJNVpabVZrNmd6bEpGenlkcVZraU80Rk9INkZZNnUybHRYUTVablgwcFlvUmVRbTZhQXFEZGFY0gGcAUFVX3lxTE52R2c0bl9FbzhOWDlZdklhSnVSeDFPV2Jtalg1cEJxM0tjNW9NaV9uSkhoV3U3SkVjMjROMThjR0dmYXdLSnd4TXFheWZ5UUdXVjgwYW92b2xSYXZwSTB2eXlra0RTZGwtOVRBcnYtWXI4dld5Ny1mYzBkZFprMEpGOGhOQzM3N05qdG9MN0xkdUV3QXlIN0FKVEVzSw?oc=5,2026-10-02 09:07,Chosunbiz,0,
036570,NC,"NC, '아이온2' 스팀 글로벌 매출 1위 석권…'TL' 3배 넘는 흥행에 ""내년까지 주가 상승""",https://news.google.com/rss/articles/CBMickFVX3lxTE1uc0ZrMUw2WE9FbTlSWTF1RnpsY09mb2swbVNGYmZpTUJtWEtWQkZjdjUwRXVkdmNvejZETmFFbEZNUnAwc2dmU01HZHNxdkpPWDZWajdqd0h4ZURVa0VydWtfUmRZaHB5MUtYR05CaC1EQQ?oc=5,2026-10-02 06:42,프라임경제,1,+상승
036570,NC,'아이온2' 글로벌 흥행 기대감에 엔씨 주가 '고공행진',https://news.google.com/rss/articles/CBMieEFVX3lxTE1Uc29Xd0loUkdxcElReHpubnJDd0NuNlBDLWdtd1JXaGtodGhQQklkRkpCcVBHRUszbldOQ01oQjdzMmM3OVZlQk5YTFRISXliRC1taXg3Q05hZ3JpaU1Ld1AzV3dCZ015MXZPb042bXJ0RjJQcGplZNIBeEFVX3lxTE1Uc29Xd0loUkdxcElReHpubnJDd0NuNlBDLWdtd1JXaGtodGhQQklkRkpCcVBHRUszbldOQ01oQjdzMmM3OVZlQk5YTFRISXliRC1taXg3Q05hZ3JpaU1Ld1AzV3dCZ015MXZPb042bXJ0RjJQcGplZA?oc=5,2026-10-01 14:34,뉴시스,0,
036570,NC,"[증권言言] 하나증권 ""NC, 아이온2 글로벌 흥행이 주가 핵심""",https://news.google.com/rss/articles/CBMia0FVX3lxTE1wMDRORHFqWW5TRUthdjhnLUVrNkNoWDNyQnU5aXI4b2MzQkpmdUJBYmZ4d1hFRmtoMHlSbTZNZF83aVVSbDZybFhNRXR1eUxhM3ZrWDlFRmltaHB6SWwxMC1vVHZRc3dnTWxZ?oc=5,2026-09-26 13:13,마일드경제,0,
036570,NC,NC 5.83% 밀려 21만원…장중 저가에서 거래,https://news.google.com/rss/articles/CBMickFVX3lxTE5waTBxX3FzRVpCSmFGUkVwdGlwY0I2TExRcDM5dEtYcU1JelZ5U3ZMMzg1Q01FSmYwMHItLVBJeER5SlJXZWFJcG05d2NMcE9sTVNzVFNHSV9nODNXcmFSMnU4ejRKaHJXcW1jc1l4MjEtd9IBckFVX3lxTE5waTBxX3FzRVpCSmFGUkVwdGlwY0I2TExRcDM5dEtYcU1JelZ5U3ZMMzg1Q01FSmYwMHItLVBJeER5SlJXZWFJcG05d2NMcE9sTVNzVFNHSV9nODNXcmFSMnU4ejRKaHJXcW1jc1l4MjEtdw?oc=5,2026-09-23 14:39,잡포스트,0,
036570,NC,"[리포트 브리핑]NC, '서브컬처 도전 지속, 아이온2 글로벌이 중요' 목표가 420,000원 - 하나증권",https://news.google.com/rss/articles/CBMiXEFVX3lxTE1kM09Da2pzVWg5WFpPMjhvRzctVmhiSjZROWxIdENwenMxa3pVaXZrN2xwTHotaGlfYUpBSmxPRnhEVDc2WGhGNjhma0lCMTg1clFZT1ZWbWpiTWJv?oc=5,2026-09-22 08:31,뉴스핌,0,
036570,NC,"100만원→20만원 내려온 황제주...""아이온2 글로벌 출시, 변곡점 될 것""",https://news.google.com/rss/articles/CBMiWkFVX3lxTE1xc2hZUnFVYzZWY1duaTBLVTgtdkl6ekZQWlFIcGFuaUdCa1NXemxUa2NuODVIY3l5QnFOWFVTX203QVI0cTdzY3AyZDdlUUYwZ01RQ2VseGh3Zw?oc=5,2026-09-21 08:49,파이낸셜뉴스,0,
036570,NC,"NC, 강력한 신작 모멘텀 내년까지 '지속'…""탄탄한 실적에도 주가는 과매도 구간""",https://news.google.com/rss/articles/CBMibEFVX3lxTE51QkxsN05ycGdBT1MtZzkzSThpclN4SDcxcmNSOGtranVmUDRuLUNISVl6dnhEcDJ4T29zUU5tU1lWX2xrRExCVXJCLVZ5OXVVVkZVMEtfYkwzSEdlVDRDQUZHUjR0aXBUOU01TQ?oc=5,2026-09-21 07:43,newsprime.co.kr,0,
036570,NC,"[장중수급포착] NC, 외국인 8일 연속 순매수행진... 주가 +2.20%",https://news.google.com/rss/articles/CBMiXEFVX3lxTE44Mm5Hd2Q2Y0FZWWdrNjZlUzNVRVlLRERfdE1vUnVsMUYxMmxRRUZ4X2xHcFRibWtCTUJzTUp0ZHRoZzA0S2NVQ2JDZGV0Wm9qMVJVOV8zdkpmQlhM?oc=5,2026-09-18 10:18,뉴스핌,1,+순매수행진
036570,NC,"국민연금공단, NC 주식 28만4286주 ↓…지분율 9.76%",https://news.google.com/rss/articles/CBMic0FVX3lxTE5OdURURWl1OWFKbTI2S2NpQTNEdm5jME00Rjh1dHlxM1J2Y05RWDlIbGlRdExqSWIzZmY2OWtTZWlEVS1WbVZXR2V1Z09hTzRmMW1VUEhydUQ5V0RTZ2llMGdIbU5LNkZuSVNSQ1A5QTJSM0k?oc=5,2026-09-17 14:20,데이터투자,0,
036570,NC,"엔씨, 주가 20만원선 위태…호실적에도 반응 없는 시장",https://news.google.com/rss/articles/CBMib0FVX3lxTE5KUXl6VjJ6ZzlFcHFoVkV6R211TTdndGNtT3c0bDk5RkpLbmwyWmtwTmFETlo2R3E4NDZQSlIwYWxfUkZwOWJoamlHTnNnY1Jib3pMZm1wQndIRmlGNUlCT2Q4WFNiTTJYSVZNV1hEMNIBb0FVX3lxTE5KUXl6VjJ6ZzlFcHFoVkV6R211TTdndGNtT3c0bDk5RkpLbmwyWmtwTmFETlo2R3E4NDZQSlIwYWxfUkZwOWJoamlHTnNnY1Jib3pMZm1wQndIRmlGNUlCT2Q4WFNiTTJYSVZNV1hEMA?oc=5,2026-09-14 11:36,한스경제,1,+호실적
036570,NC,"[리포트 브리핑]NC, '매출 지속성이 관건' 목표가 350,000원 - 키움증권",https://news.google.com/rss/articles/CBMiXEFVX3lxTFAta2hGUW56TXZjcGM5NXRzRkFYbTZCODc0TVp1bHlzNmZ2RGN1RlYzd2hFWGtxcnhaa1JVdFE3cm1oTm42OTBoQnN5WTRrUTdSVm03eWJSOEJLRks0?oc=5,2026-09-10 08:49,newspim.com,0,
055550,신한지주,[공시] 주요사항보고서(자기주식취득결정),https://dart.fss.or.kr/dsaf001/main.do?rcpNo=20260723000142,20260723,DART,2,자사주 취득 — 유통 물량이 줄어든다
055550,신한지주,[공시] 현금ㆍ현물배당결정              (2026년 2분기),https://dart.fss.or.kr/dsaf001/main.do?rcpNo=20260723800287,20260723,DART,1,배당 결정
055550,신한지주,"신한지주 주가 3,800원 하락 후 장마감",https://news.google.com/rss/articles/CBMidEFVX3lxTFB0bURybk9fNU5uQjhEcjRqekVVTk83a0ZtXzFWTUJFZDZCVjh3d0ZkR3FmYzVKckpHRkMxdDdCMnl2eFlKekt2VHBzRy1IbHlfbUxRWnZJSm9Cb214YjdzRUN3NlZaMTdZXzBDc200Y1VLbVFW?oc=5,2026-10-08 16:00,아시아뉴스통신,-1,-하락
055550,신한지주,"“실적도, 신뢰도 흔들”…신한지주, 악재(증권 손실·해외투자 감액·고객 정보 유출) 겹쳐 3분기 감익 전망”",https://news.google.com/rss/articles/CBMib0FVX3lxTFBtbEpfbzZVRUhSdy1ia2VVZGl3NEtvNmt1RmxCLWpSTmthV1pITFkySDBjS1dxQlJMc2IzM3hRelFiNUhOTG5sWGtzLVg2VTVDWDIzTDJwazRxM0lwS0JKRmhjcDFyeW1La2FRRS1ZTQ?oc=5,2026-10-08 12:02,뉴스퀘스트,0,
055550,신한지주,정보유출 2만5천건 vs 1억건···주가는 왜 금세 잊나,https://news.google.com/rss/articles/CBMid0FVX3lxTE1vRDY3ZmtxRFc3aXNLeUxKSjdMVnA2NGpvWUVpVW81dE9EQmluUWkxVTcyX0VIZGMyaU42bDFZelJiRC1ZcGZwLUVOTHV5bTVOQXEzek84eVFOcTVXaEFvMl9DcUdTZGhrZmFVdzhVT0l0MXlTUjVB0gF3QVVfeXFMTW9ENjdma3FEVzdpc0t5TEpKN0xWcDY0am9ZRWlVbzV0T0RCaW5RaTFVNzJfRUhkYzJpTjZsMVl6UmJELVlwZnAtRU5MdXltNU5BcTN6Tzh5UU5xNVdoQW8yX0NxR1NkaGtmYVV3OFVPSXQxeVNSNUE?oc=5,2026-10-07 10:50,뉴스프리존,0,
055550,신한지주,"신한지주, 3분기 실적 숨 고르기에도 증권가 NIM 반등에 주목",https://news.google.com/rss/articles/CBMiakFVX3lxTFBLd1NvMFRSTUJBbjRJU0VoemZmSmxETzZGNm82MXdxOVpEYWdHV3lfU2pYdmJvaDF0NjFFNWdDSzN5azl4a1RyaVFrSS1CN2FpQVozTjBRNE9VazZFQVFkMXFPUy1INDBqN2c?oc=5,2026-10-07 10:27,뉴스포스트,1,+반등
055550,신한지주,"연간 순익 6조 눈앞…""신한지주 목표價 13.4만원""",https://news.google.com/rss/articles/CBMiWEFVX3lxTE9sUmpfZEw2YTBzNXR3MEMwZHBYRmR4RDZmWjJBbGdjamQ4YWxmeloxWEd1Y3NNMmtYRjZ3R041RjBKaWlOX1VRcEViX1BrTVpYYkZRbGtVVTc?oc=5,2026-10-07 10:17,경제타임스,0,
055550,신한지주,"[모닝 리포트] KB증권 ""신한지주, 3분기 NIM 하락 일시적…내년 상승 흐름 지속""",https://news.google.com/rss/articles/CBMiXEFVX3lxTFBCa0VhdkROTS1xSktYTHpGYVFIYzdlakU0clFQOWdJQ2c1LWhQX2ZNUnVCdEFFb2hseWpyQ0tIWEI5RWRfcXFsdC1TekMzeTk0c3BrYXpyRU84WjRL?oc=5,2026-10-07 08:16,뉴스핌,0,+상승 -하락
055550,신한지주,신한지주 주가 하락 중,https://news.google.com/rss/articles/CBMidEFVX3lxTE1JOUd6ckUybVIzTDE3cXkwRXFzdUdVVEozT21oZVpiUnFHMzNIbjN5RzY2YzJyYWQtVmNRRWk0clFtSnc2WDBYX0p3QXY3RVhoWWVNN3Z2c3RJMG1uQ0FLY1M2MTdEQXU1MjdGWmpoYkNZSThq?oc=5,2026-10-06 09:49,아시아뉴스통신,-1,-하락
055550,신한지주,"4대 금융지주 주주환원 10조 바라본다, 금리인상기 주가 기대감도 유효",https://news.google.com/rss/articles/CBMic0FVX3lxTFB1WDJidERVMy1ReG9sYUhFSGlaWUdkdW4zX1NLVXVMblhrSXBIS3VMakJXcDJ0aTZyalhITnctcUNlY0ZpcHgxWXBIVXVVaTNOTFUxUTBkQkwxcFJKRHQ4N3cwN3piMFZPUWl6TGRlWmREdzA?oc=5,2026-10-04 06:00,비즈니스포스트,0,
055550,신한지주,[포커스] 정보유출 악재에도 은행주 '꿋꿋'…고금리가 방패 됐나,https://news.google.com/rss/articles/CBMic0FVX3lxTE5zakJHR09xUFJrZ1hHS1pVSnFobFJiOXpKMWFjSjdiWlhxZXB0cHhtT284dWxkdFhxMGdaUU81WlZRY0NheXE4SjZ6UENINGxxQVlMU3hGT1NBbElNOGhsUEJFaWdqdGt3Q1lCOWZjVnNNMHc?oc=5,2026-10-02 17:00,오늘경제,0,
055550,신한지주,"신한지주 주가 1,000원 상승후 장마감",https://news.google.com/rss/articles/CBMidEFVX3lxTE5EMWtpemdGWi1YbmVWTFpqRzBGamZONXNMVUZkank4NW96X0N2emF2VUp5ZHlKTFhmWVRuRjZObW52ZWxOYWFTQkhpTHo0dVAycTJyY1pxbi14OHJhMjlCTzVqaW9hbnRRZW82UGNWYTlNY1Yx?oc=5,2026-10-02 16:09,아시아뉴스통신,1,+상승
055550,신한지주,신한지주 주가 상승 중,https://news.google.com/rss/articles/CBMidEFVX3lxTE5vOGlrdkREbVhfQUFXVVh0aWt3elMzanludWNDSzMxMVVXMWpQZ1NiZ1VJZmx0OUczTnRnRm5QVERnSHlJRHNmZHNsaERKaXllbEY5d2ZyVUZkYWFNN2dkYW1BS214aDcxb2Y5bWpRMGVYRnVL?oc=5,2026-10-02 09:28,아시아뉴스통신,1,+상승
055550,신한지주,K-밸류업 2년여…4대 금융지주 주가 두 배 넘게 뛰었다,https://news.google.com/rss/articles/CBMidEFVX3lxTE1OVU5aWkZQWFdoY2U3UXhWU2d2UkNueWU2M2lFa0hYUTdfbFZWOU5zdTRxNlBadFZFOTV5ZWNIUmJFdHoyai1aY2hJZzdPYkh0emxEZ1lYX2w3YUFPTFNVbFBnLTZxUUgwUkJfYkNVclNQR2NV?oc=5,2026-10-01 16:36,파이낸셜포스트,0,
055550,신한지주,"BNK투자 ""하나금융지주 목표주가 상향, 역대 최대 실적에 올해 총주주환원율 51% 예상""",https://news.google.com/rss/articles/CBMic0FVX3lxTFBhMDZOLTBUZ1lCMnJXS3lYMVhVMTNQeGIzMWk0Ny1RdU52T2cwOTFqazV2cWh1dTNFcjJGX3RiMXJxMk93MFpyN0hLWUFQYWtNcUpQdHllYmlVV0xIZTNTWHRsRU1sUldFVTRyay0xNktaeDg?oc=5,2026-09-30 08:58,비즈니스포스트,5,+목표주가 상향 +최대 실적 +목표주가 상향
055550,신한지주,“국내 은행 잔치 끝?…신한지주는 해외 자회사서만 6100억 벌었다”,https://news.google.com/rss/articles/CBMib0FVX3lxTE1fUFRSU2d2Vy1sb3FNQmFlVGFEUFBNZ0tScXJiYzhac1hGRGd3V2ZEaEtldlFUM3piT01EU0JLNDRnZUVLeFRRbmdaVmRGWlRVX25vNkt6WlB2WUQxclVPdUJjVFFXTllKdGxuRlZDSQ?oc=5,2026-09-29 18:45,뉴스퀘스트,0,
055550,신한지주,신한지주 주가 800원 하락 후 장마감,https://news.google.com/rss/articles/CBMiXEFVX3lxTFBlNjQyZ3ltV2otWTNmVnBhU1pkeXNZOE5xemVhMHBwLVcwM3lWcl9nRDRQTkx4RUtMamItVDJlVUpvZWI4UllzaHdHZkNVTlF6MEZvSzhhc0xoZ2pH?oc=5,2026-09-29 15:55,아시아뉴스통신,-1,-하락
055550,신한지주,"BNK證 ""신한지주, 변동성 대응 대안주""…목표가 7.7%↑",https://news.google.com/rss/articles/CBMiZ0FVX3lxTE4tTWxwd0NFNWhtV0x6NkR1anJRWUs2MDVBcDUtUzdiSmJId1g0Y0ZVZURlaHZHX1lVOFBuazNaVGhrdFR3ZFd4aEI0emxGd01vQjdUQ3RYQ08zaVJVNFdNdno1dVA3aFE?oc=5,2026-09-29 09:27,SR타임스,0,
055550,신한지주,"신한지주 주가 2,000원 상승 후 장마감",https://news.google.com/rss/articles/CBMidEFVX3lxTE5DMm5LenQwRFQ2Tm5yUVdZWHpGY2FKTEtsaU5YVVlqcURTWmhFYzdseDF4WEZoeEhJVEpEWWNPdnRheHR6dmNpc21nLXp0WjZleTlPX2FZN2Rxbm9GM01vY2NVTUVFbXRnRnB1eEVEZHlmTnRy?oc=5,2026-09-28 16:19,아시아뉴스통신,1,+상승
055550,신한지주,"곳간 여는 기업들…현금배당 확대, 주가 재평가 불씨 되나",https://news.google.com/rss/articles/CBMib0FVX3lxTE5Gbzlpdzhyc0Vvd2VBang1dWowTlp2NWtQSUlHQUxYZ2YtUGJuTXVMRkRLUE1QTFdMXzVwb3NZU1E3aVZrOVZOYTBudlprYnM3Z1JDSmxZX2hwV0dmbWpoNFZQaElNWU0yc2hKSGlBaw?oc=5,2026-09-28 15:25,피플투데이,2,+배당 확대
055550,신한지주,신한지주 주가 100원 상승 후 장마감,https://news.google.com/rss/articles/CBMiXEFVX3lxTE8xaXIxY1kyM3ZzbWJnQ3dpT19ZekY4V2RsRnRodTZjMjRoeDNtUldjVFN1S0d3bG5WNTNUMGxzZDNrYnpLQWZWd1RXMHVPUk0wYUw3WWl3ZlIta1Br?oc=5,2026-09-22 16:24,anewsa.com,1,+상승
055550,신한지주,"신한지주 주가 3,000원 상승 후 장마감",https://news.google.com/rss/articles/CBMidEFVX3lxTE1iUF85blRGMjNZVXZyNzdPd0NBZ1FJcTVDSXA5Ny11eWtVZlA3aHlLU3hlM3BZNzhHOFlDM1VqbUE4QWJ3NmtxdEVMTjNsa1YybkJGQnJPUjFyX2NKWS1vSk9rMWJENGhfQUU1ZGpXSkxKUWhC?oc=5,2026-09-21 16:15,anewsa.com,1,+상승
055550,신한지주,"신한지주 주가, 9월 21일 장중 112,800원 2.45% 상승",https://news.google.com/rss/articles/CBMickFVX3lxTE13Y3daaWZJSFQ0a19ibHBlcldpb3pObWpBZG9tNjM0TTM0WUFrTXJJLWlxSUpfbmtkSGYwXzNnRllKMGwxOGVrLVJPWGtUbHVXOVp2VGx0ck9JVWNTOVVMNWdKRTlYYUY2MlFES1B5S3N4QQ?oc=5,2026-09-21 14:16,중앙이코노미뉴스,1,+상승
055550,신한지주,신한지주 (055550),https://news.google.com/rss/articles/CBMiS0FVX3lxTE9xNDFhNmJCX2w4UXI5eGo2MlU0WnJWdnhpb0FTWm5oZi1JMDFCREFqNndrLWdYcEdsOE53ck9RRXUwR2RuWkdEWi1yOA?oc=5,2026-09-18 16:00,씽크풀 AI,0,
055550,신한지주,신한지주 주가 100원 하락 후 장마감,https://news.google.com/rss/articles/CBMidEFVX3lxTE5ERTl1T052X1VrTzRlakUyR19Fakh0OHZIZGowSTVOM2RCWnRhaEN3TjNubUtITFNIX1hlVmxPM2xoOVZEbmRULTdZbE1NRGRoZDNweVBFMjFkVnUtNGZuNDlCeVcySUdIakRtNXhsYkJrZ1Bi?oc=5,2026-09-16 16:08,아시아뉴스통신,-1,-하락
055550,신한지주,"신한지주 주가 2,400원 하락 후 장마감",https://news.google.com/rss/articles/CBMiXEFVX3lxTE5qb01hSjctS2xTZUFwTjZiTFBCSXhRTUc0TnpxbkZETmxDY3FhbzJrb0JfWVc0alRraU5GVVdaellLbHZtTFNDYkdac3QyeUh0WTJlb05IVGdnRzIx?oc=5,2026-09-15 16:06,아시아뉴스통신,-1,-하락
055550,신한지주,"“지배구조 일단락, 이번엔 주가” 임종룡, 자사주 사들인 배경은 [금융지주 밸류업 점검]",https://news.google.com/rss/articles/CBMifEFVX3lxTE9ZRFFDUzFmRnNoRmVTdWstYkt5amZIODlFd25CLW5hMDV4bXpJTkdmajg2QUIxUm83VFotcDJOTmpKMzNVWHA1dnkwZWRhYTZlSVhiZ1pTbGxsQlV6a095dDRqRk5IaTBERTJwbnIxS1pXb2RzZElHelo2N0c?oc=5,2026-09-14 00:00,한국금융신문,0,
055550,신한지주,"신한지주 주가 2,600원 상승 후 장마감",https://news.google.com/rss/articles/CBMiXEFVX3lxTE5adnEySDVkVHF4dU9HS0hlSXpjeUJJbXhuQUVla3M5UDJQTm9pRUxGa2dCcTR1M3FFVU9nb3lWWUs4ZUtfSVR0NDRVQXF1bG0yZVdVMjJ3aGx2Y0la?oc=5,2026-09-11 16:50,anewsa.com,1,+상승
055550,신한지주,방어주 부각 속...하나금융·신한지주·KB금융 '장중 강세',https://news.google.com/rss/articles/CBMicEFVX3lxTE0yV25McVBTN3U4c0g1X1lxTUg0U2RNSU1EV0ZiUWdoVUFFcXNqcFdVaTRIengwSVJqZXJJd0luQU5ZemVNZEJSYWlxU0lGdmQweEd0US1FdnZYTHQ3ZDBtTW1oM0V5bDBXZlNxRVdkd1rSAXNBVV95cUxNREpoZ2VzamFTbDRwcHJHa1gtSkpKQmJVVnB0WDlSNHdUMy1FdjR6M3lLUGFNMTFoS3VKb0FiWm8wdS0wa0NlcWRWanZJWjN4TGtvWmpUVXRVR1VneUJ2ZDhLczQwMHBEcWtVVjh4RzhMVGpj?oc=5,2026-09-10 09:55,초이스경제,1,+강세
055550,신한지주,[클릭 e종목]올해 최대실적 기대 신한지주…목표가↑,https://news.google.com/rss/articles/CBMiYkFVX3lxTE12amJFeHBKT1lfY1F2a1B2X0Y4ZWtDWTJ3TnR4Tm42Tk9PdjB5bjltcVF0bUp2S2tQMmlvV0tfMlFsakNYNnZxVWJ0QVlnWHJzMmYxT1Y4Wkk4Nzd2RmxzVVl3?oc=5,2026-09-10 07:16,아시아경제,2,+최대실적
055550,신한지주,"신한지주 주가 2,600원 하락 후 장마감",https://news.google.com/rss/articles/CBMiXEFVX3lxTFBKYUwzNC1HZlVseW1admhsMENmMGduTnlLdkcxU3J2ZXE2MXgtellreC1Cc3IyTklVaGZ4RVVvR25fblZTRF9YWHd3SEFBenpYMjJ4dmtTdmpFaWhO?oc=5,2026-09-09 19:14,아시아뉴스통신,-1,-하락
055550,신한지주,"“역대급 실적 + 1.4조 자사주…신한지주, 밸류업 대표주 승기 잡나”",https://news.google.com/rss/articles/CBMib0FVX3lxTE41UVFwVjQ5R2FQdkMtMVBfRzZhZV9TcGEzc2V0Z2NrMEdDSjJjS1phT3FPblVxV05lNGstYnB2N0NaWEtKR3JMeGI3UXdxRnNLSHBPb25IOTlnU1VDWk5pMTRNVkpWcVppZGRMTjRKWQ?oc=5,2026-09-09 10:42,뉴스퀘스트,0,
066570,LG전자,[공시] 주요사항보고서(자기주식취득신탁계약해지결정),https://dart.fss.or.kr/dsaf001/main.do?rcpNo=20260729000310,20260729,DART,-1,자사주 매입 신탁 해지 — 사들이던 것을 그만둔다는 뜻
066570,LG전자,[공시] 현금ㆍ현물배당결정,https://dart.fss.or.kr/dsaf001/main.do?rcpNo=20260729800572,20260729,DART,1,배당 결정
066570,LG전자,"""삼성SDI, 4분기 수주 발표 이어진다""…""LG전자 10% 급락, 낙폭 과도"" [株토피아]",https://news.google.com/rss/articles/CBMiWkFVX3lxTE50NHUyUUpYMWE4TjJ5Q0xyLXlzWXZHLXBIRWRpXy1QMk5DRFYtUk9HdjgwZmpPQk1Uc2drUG9SejY1eUxkQ0dvYjByZHRzOWJsZDBJSjItY1o3Zw?oc=5,2026-10-08 11:26,파이낸셜뉴스,-1,+수주 -급락
066570,LG전자,LG전자 주가 급락에 하나증권 “단기 실적보다 AI 냉각사업 주목”,https://news.google.com/rss/articles/CBMiUkFVX3lxTE9ROFVaUFFFamNIbUF3SlJ3ajdfTG1Pb3RhREx3SnlWdFhkaVJxSEdrcnJHeVNndGFrb3dSOGp2RUFyQW1FbXExWGtJd2ZBd0ZPa1E?oc=5,2026-10-08 08:52,매일경제 마켓,-2,-급락
066570,LG전자,"증권가, LG전자 목표가 잇단 상향…＂신사업 매출확대, 주가반영 시점＂",https://news.google.com/rss/articles/CBMigAFBVV95cUxOX2N3OTVYSzVIMHFyQl90TGFmYzZ3WS01THJzbGl1QUV4VFo0X0NTT1k4SVVHd1lRMUVQMUw3UGlfaU1Ld1M5cWFVanJqYTZJeXVfVlc3bng0ZjRscG1VLTZVQnhhZ3hKSWY2bG91UnhrZjg4ZG0tZHRkWlExeDc3cg?oc=5,2026-10-08 08:39,한국경제TV,0,
066570,LG전자,"[모닝 리포트] ""LG전자, 주가 낙폭 과도…목표가 26만5000원 상향""",https://news.google.com/rss/articles/CBMiXEFVX3lxTE1jSjFXUVBaaHRYWmNBUS02SjFZcWgtaXJGUzhfbzlNN1BYUF9KOUV4VGJDVGVjbHNCYXFlNUdaSUF4b21BMzlMQ0NhaHlyX1hhR2lFRC1iSzNlYnRG?oc=5,2026-10-08 08:24,뉴스핌,0,
066570,LG전자,"LG전자, 3분기 영업익 7818억원… 시장 기대치 하회에 주가 급락 - 조선비즈",https://news.google.com/rss/articles/CBMiggFBVV95cUxQS0N2Tk1EdmtJZ3VGV2xadnFaXzl6Ylp5ODNfUlJIUi10aHd5Uy1wTm55X2RGYXhiZWs5VnhxMlBWcmxObFJ0X0hZUm9LNktDNG9oYVZHcUZxSDVLYm9MNE5RYzZiVlIwZEdsS3lDRzMtVGNEU21OVXpkNDd5eVlJUTZn0gGWAUFVX3lxTE1PMjVFWTU2RVNkVk9ZUXVhWDRBUi1ta3FxU1hEUTVfV21ob2o0VGpaZE5ORUp1OUU4OVBsNDJrcVdfZUpyLV9DbTlfOVp1TG5MOTB6NzJSTFhMa3dtcm5tSjVabzZscEptTXd6LVRzbzFvQ09tMTNzWFlmMWpuQU14ckY2cmFxSnNKUFg3MzEzRVJHY2JSZw?oc=5,2026-10-07 12:32,Chosunbiz,-2,-급락
066570,LG전자,LG전자 3Q 어닝미스…주가 5%대 하락 - 머니투데이,https://news.google.com/rss/articles/CBMiaEFVX3lxTE9uNmxkbHp5Ynd5UG96TDlGLXNiQWI4VS1zNUxZbzZnNEUxY1lKSWE5THZHMGZ2YnVSVEdyQ1YxQlZ3V3dJNXVVWG90WnVZbTdPMjYxMkNqSTNmZnNDbHVxMFRuZXVrRF9z0gFuQVVfeXFMUEN1bEZ0V2hsN2pMN1ZEYVRpbmRfNUtDWHB3U2RaNnVfaFpKWmFDVTVPem4xUmNhRFdpT2VHc0EwbHJVai1Sa3dTWTBvY2tWeXUxc2hoTHUwSm9iZkNwbmpqZjF5V2FtbEZVaVczOWc?oc=5,2026-10-07 11:17,머니투데이,-1,-하락
066570,LG전자,"[종목이 보영] LG전자, AI 냉각·로봇에 상승 여력 기대",https://news.google.com/rss/articles/CBMic0FVX3lxTFBELWk1SjZHZXExMkNMM3lheXlBQXhIb3dSSFhEVDBRQVRNX3lpT0FHMFpVYU1TVGk1ZWtYeHpRYVlUVk55YklQaXFOVVNaVUFxbS16dHVwczhhMG5kUDhjbF9XSU1Ual9zb2s1YUxwTE9oV2vSAXdBVV95cUxQV19VcTRZOE9mR1V2ek1DYlRHdE93NkYyU04tbGJNUEIwTWRNczV5VW51Nk1GOXFZNmhucjdDQjBSNU5YdTNYMGctekMxUFdRcWw5Y1BIYXhWUTdaOEZTb0VqQzlvWFFSb1cybVM4Rk5QNjlaRjN6Zw?oc=5,2026-10-06 16:59,스트레이트뉴스,1,+상승
066570,LG전자,AI 데이터센터 계약에 LG전자 주가 상승,https://news.google.com/rss/articles/CBMiYEFVX3lxTE5mOUZTeVZTdGNjck1ZOTI5TWhWeGlWamhMMlZZclJBNzJGVnZFTGF4cGRLcjV0LUhqNHk4a0Z3cUdBUU1SbzRxa285SUNSaEpWMWNyQzYzTy1FdWVmcnhLYw?oc=5,2026-10-06 10:14,제주교통복지신문,1,+상승
066570,LG전자,"LG전자 주가 상승, 북미서 AI 데이터센터 냉각솔루션 공급 계약",https://news.google.com/rss/articles/CBMibkFVX3lxTFBHLVp6M2JMM2E2QVhnVkxKdVZGTGpQSG1pY0taVzFGYm83TW0yUXhvTkx1UGVSOWFVWVo2bVBKbW5wWWJtUGdEbFBEZUYzOTBva09ZZE8ySmt2R19nbEtJRjlwRjZFY2JBNzgycDR3?oc=5,2026-10-06 09:54,gukjenews.com,2,+상승 +공급 계약
066570,LG전자,"LG전자 주가, 웃음꽃... 증권가 전망은?",https://news.google.com/rss/articles/CBMiakFVX3lxTE9YMUVoLXNMLXJlNVFieHhQY1pRNzBnTzE0Q0dBblZkN25Cc3NxS29ScTBRUV9Uemx4WVlhZndQOHZja2twWml0N1haa2VDeVAwRUFaUFF0YTBhd3pSOTNqZjFvZmZGVjAzNkE?oc=5,2026-10-06 09:44,금강일보,0,
066570,LG전자,"LG전자 주가 장중 5%대 강세, 대규모 AI 데이터센터 냉각설루션 공급 계약",https://news.google.com/rss/articles/CBMic0FVX3lxTE01dHpyY2FUX3lBSlNkbkl4emJHVVYyZng5ZVdkanMyZUxPSXpkX09LVUVWdmtGcFoyZlpXYjBxRV9IT19UN3N1b2M1WEMxcjFxM09YLUhEdXl0Wlo5U1VXRHVhUlF2MThTSHFVZ0d5TmNGM3c?oc=5,2026-10-06 09:31,비즈니스포스트,2,+공급 계약 +강세
066570,LG전자,LG전자 주가 상승 중,https://news.google.com/rss/articles/CBMidEFVX3lxTE9ub1JKR3Qtc05xc21uOW5ZSmp5Q2NaUElUUzBueHlzRWs4Z0EweWJsQWR4Y1hLSmY2YW53NWhyaE11bklQLUNKa0xrRWg1TkxxOEJEMk1TV2pTRnRwWTVPQUhwYlRGMXRpYUVPNHowMzVSMkxh?oc=5,2026-10-06 09:07,아시아뉴스통신,1,+상승
066570,LG전자,"“70% 폭락, 다시는 안 산다” 만년 저평가 LG 손절했더니…목표가 폭등 ‘난리’",https://news.google.com/rss/articles/CBMiVkFVX3lxTFBEbzlfUnlLZ3BVLVBpcF81UFpNNXVJeUdvWHlha0xlNlp2WXpnM0NVaFBaaS1uSTQ1Zmktd29vbklHRnVtR2Z5c2E2cDlNcHdPYjZ6X3N3?oc=5,2026-10-05 21:40,헤럴드경제,-1,+저평가 -폭락
066570,LG전자,가전에서 로봇으로 중심 이동…LG전자 주가 레벨업 기대,https://news.google.com/rss/articles/CBMic0FVX3lxTE44V2hnaHZyZXgyb1RUYzdUSDRsVk8yY25pZDFhV2RaOHR2M1Jza3dQUVNBTVBTRU1nZlkxLWRvQXN2b3c1UmZMXzFuM3NPakxURXJnNlJ4bkRQNEY0WE11TFlWYzlQTVBjQ0dwbjFOSHJMUlXSAXdBVV95cUxQZVFVTnFhemdzeGNrN2g0ZFZ2VlFXNzZoMmJfNHYwbnE3YnBFWEktd2RkaXVGV3VyRTdWZ0FTaFN3dVdYT0w1VHlfU29Eb2s3aW5pWFJFeko3T19Ra2xZYXRlNEtsSk0xRW5JZzRXZ01xaGo4VDVPWQ?oc=5,2026-10-03 14:34,핀포인트뉴스,0,
066570,LG전자,10월 1주차 LG전자 주가 주 초반 하락세 딛고 상승 마감,https://news.google.com/rss/articles/CBMickFVX3lxTFBMY2Npb1Z6d0M2MnhjVmhJSFNNWk1sVk1pQmZmeFFEV3BhZ294SmN6VnlVOG1OT2VndlhTdXBSbGhmQWF2Y2RCT3BST2cybXFWaTJmNm5lZFJWMHhZMXRkOUNKWGhEcWRiU3hPUWYxZGlmUQ?oc=5,2026-10-03 10:50,TopStarNews,0,+상승 -하락
066570,LG전자,"LG전자, 로봇·AI 신사업 '순항'...장중 주가도 '상승'",https://news.google.com/rss/articles/CBMicEFVX3lxTE8yd3NkX3RNTWJlMWtTVzRremJNYTlRVEtYUEV4WDh0VEh4RGdfX052RC1FM2haUGwzbW1KcXI0dUFvblByZGZ3QkpoS2FwSDY2ZXRBWEZRQ0NoNnlWQmM1SHNPSWNlYkxwdlNRN1M4dVDSAXNBVV95cUxPU082QndrSVNOdEYxNEFLYlVUX0JMeVVReWV5bG5xUm9mR0ZwS21WYXFIcVlacklJY2k1UGZTSllKbVJzWkhIQ013ZUp0NmRnaUJGbWVvTVRZckdCeWdrRU1jYmloVTQyb21ZQTJyT1FMLVRJ?oc=5,2026-10-02 13:41,초이스경제,1,+상승
066570,LG전자,"LG전자 주가, 10월 2일 장중 211,000원 0.24% 하락",https://news.google.com/rss/articles/CBMickFVX3lxTE9nZDZSYzItVDVrT2s5S2VZeFpoYzlRTVdwVlZVTFYxa3UzWkRqaGV6b0JJS3BoaW1fMnJhSjBfVmlDR1U1enpSeFBXU2pYV0pab2lwZzJzNlAzQWozcXJ2WXduNnNmWWl0N19NX242MzlOZw?oc=5,2026-10-02 10:49,TopStarNews,-1,-하락
066570,LG전자,"신한증권, LG전자 목표가↑…""주가 방향성 '가전→로봇' 이동""",https://news.google.com/rss/articles/CBMiS0FVX3lxTE83MTJGemVaYUdwSVN1cDBJdHFoY1MtcnVmR1g0dk1PNVJLdEhzZWpNYkR6S1NFWndwdkJmWS1tZlFvcDZ4RVFSX1YwZw?oc=5,2026-10-02 08:42,v.daum.net,0,
066570,LG전자,"""LG전자, 로봇·ES 성장에 엔비디아 파트너…목표가 29만원으로↑"" - 머니투데이",https://news.google.com/rss/articles/CBMie0FVX3lxTE5fdXJvU0FrSEtBQ3dPYkhTOHZUa0hhTkUyNWVkYjJhSGpiUE5sUkpaT1UxckRiTkNuSENjUm9FbXlORW5XZURNRnVNc2lVQmZwOVVwVWVPNG9WYjVnQXYyd2UyMlY2ZXExMjNWQ2ZMQ2g1LWozZUpiMmx6WdIBe0FVX3lxTE5fdXJvU0FrSEtBQ3dPYkhTOHZUa0hhTkUyNWVkYjJhSGpiUE5sUkpaT1UxckRiTkNuSENjUm9FbXlORW5XZURNRnVNc2lVQmZwOVVwVWVPNG9WYjVnQXYyd2UyMlY2ZXExMjNWQ2ZMQ2g1LWozZUpiMmx6WQ?oc=5,2026-10-02 08:36,머니투데이,0,
066570,LG전자,"""29만원까지 간다""…LG전자 목표가 확 뛴 이유 있었다 [종목+]",https://news.google.com/rss/articles/CBMiWkFVX3lxTE03OFl5X3BDTXFsTjk2MlB6NmpRdGU5Z0h1WmhEMkwzVFNfWHFHU2NRaXNTRE5NckVGa2hwZGdmRXRHZTRYcDZ1bkx0WWtyTU56S1JNVmZ1ZnJuQQ?oc=5,2026-10-02 08:16,한국경제,0,
066570,LG전자,"LG전자 주가, 9월 30일 장중 216,000원 1.17% 상승",https://news.google.com/rss/articles/CBMickFVX3lxTFBQY2NleHJwVVZpbWRUQ2lkYVlqR0s5V0VYRkNFTWhIdmVrLXRDLXRkSm5Fa3MyaFNOaE9FNXhNdEZ1T3pKcjRvcE1NS1pvN1l2cTZiTDBZVEhoWDJVVUxsZXpiZE9oWnBnLXZLVktJUWFodw?oc=5,2026-09-30 10:03,TopStarNews,1,+상승
066570,LG전자,가전 꼬리표 뗀 LG전자…AI 공조 업고 목표價 27만원,https://news.google.com/rss/articles/CBMiU0FVX3lxTFBhU1F3MzZPVE1OWVV2WW1NNXBOdHJvY09FYzl1aDFjTmVVYUVSdkkxNlhFUG9YbXNKU3Z0ZDBmdTQwdVFSTTladmNldWVVR2licGZN?oc=5,2026-09-29 11:01,경제타임스,0,
066570,LG전자,"LG전자 주가, 9월 29일 장중 212,500원 0.93% 하락",https://news.google.com/rss/articles/CBMickFVX3lxTFBCTVRybUloVE90czQtSWs3cUs3akVHMzg2YmRYTGUxMDRvYkJMbnU2NFJqNGZhQ2ZsaHVkTUdUelZEcjFrX2p2eFFNb1NMQVdfdU56bGROVEI1Mk9lNE1uRTFYeVdpejMyRURaNHVrMWJsQQ?oc=5,2026-09-29 10:34,톱스타뉴스,-1,-하락
066570,LG전자,"대신증권, LG전자 목표주가 27만원으로 상향...“AI·데이터센터 수주 주목”",https://news.google.com/rss/articles/CBMibkFVX3lxTFBkSGc1VUVDMTBQYTExbDhaMDJRUWtSa05IY2hDWTMtODBSUmlsbHV6M2xNaHV3OEplU0N6ZngwZTlHSVFfVnhjdDQzRXJIYkJwaHE4dGJCazQ1bmNwVDUwU1RTWDIybjRyNlU5cENB?oc=5,2026-09-29 09:22,이지경제,1,+수주
066570,LG전자,LG전자 주가 하락 중,https://news.google.com/rss/articles/CBMiXEFVX3lxTE5qNi1HUzF5VTVMeU9wclNVZGx1c1VWZXU1OGlPSV8tam1ickEtc0d2eXZ4SVkzTlZ1anF1STBpcG5EaFBSajdUVVNnbjNyQXo4RzNyZDFYMGV5R0p0?oc=5,2026-09-29 09:06,아시아뉴스통신,-1,-하락
066570,LG전자,"대신證 ""LG전자, AIDC 수주·로봇 사업 매출 가시화…목표주가 27만원""",https://news.google.com/rss/articles/CBMiRkFVX3lxTFB1UXlhV1VNTUNCX3plb1RJRjRUVzJYWTRXZjlTS0JGVjZkc1lleXU1U3ktaFUwanA2aHR6dzMwOGlMWnBKZWc?oc=5,2026-09-29 08:55,v.daum.net,1,+수주
066570,LG전자,"[0928시황레이더] LG전자, AI 데이터센터 냉각솔루션 분야 엔비디아 공식 파트너 선정 등",https://news.google.com/rss/articles/CBMidkFVX3lxTE81Q1l6eTBjR2IxM0NUSGxQRy1Eenl3LWdkbkpaRWt3Vk5HWlpvTmFya2tORDFZZHh2cy16YTIxdDVQSzJMSFJLcEFnQXFNS0RZQ2JDeTJ1TWJRdW1OUG9JZ3hMdFAzQTFUZThodGxjV2QzLTU5MVE?oc=5,2026-09-28 11:13,인포스탁데일리,0,
066570,LG전자,"LG전자, 엔비디아 ‘냉각 깐부’ 꿰찼다",https://news.google.com/rss/articles/CBMib0FVX3lxTFBfVDRoT01CdzM0bk9sOU9Qc0lYdF9VR004ZUprOEN5dDV2YVNjc3kxOTF5LUFBaHlPR0RTeEhJQ24zNnk5bjhuVnZHMUlVTk1uRGxGSkxzcnNmZEhJd2F2NEpfRFhFLXJteGJEMHV0TQ?oc=5,2026-09-28 10:34,리드경제,0,
066570,LG전자,"[특징주] LG전자, 엔비디아 공식 파트너 선정.. 3%대 '강세'",https://news.google.com/rss/articles/CBMiiAFBVV95cUxPMmNlTmZZa2Vtb2J0ZGR0ZWRuYkQ3eEFsOGE1OXlkdFNiUk5JM1pmMzIyR2hFTVI3YkFudzR5RGRBbDRkZmtwMHlRdV9rdk5fRU5SSWVzS1B0QzdhMmVHOUFISXE0cjM3a1I3MmpWRmlURGUybGhBNm00MDJzZFo2NGFZUGtheHJH?oc=5,2026-09-28 10:30,글로벌이코노믹,1,+강세
066570,LG전자,"LG전자 주가, 9월 28일 장중 216,000원 3.35% 상승",https://news.google.com/rss/articles/CBMickFVX3lxTE9EQWRxS3VKb1RRV2ZVSEE4Y0dtd2NjMG5yclhuN2xrb21nV01oZjRpTlhwNVFYN3MwYkZJQUs5YXVncnBxeFAxUGJTRzFnbHhySXJUaW1EN3ZnejYwZzR3ekw1VUFiQngweDl2eUxCQ0c2Zw?oc=5,2026-09-28 09:58,톱스타뉴스,1,+상승
066570,LG전자,"엔비디아가 콕 집었다…LG전자, 장 초반 주가 3%대 '껑충'",https://news.google.com/rss/articles/CBMiWkFVX3lxTFBtNWpydVhhTkI5aEw0XzBjaFc2SUp3Q24yUmxLNDdaQmx5enU0d1duSzJDWWQ0c051YUt0NG1BNTlCMW8ydW1idWJweHE2Zjdvb3ZKMzFCamNuQQ?oc=5,2026-09-28 09:47,한국경제,0,
066570,LG전자,"LG전자 주가, 9월 23일 장중 211,500원 2.31% 하락",https://news.google.com/rss/articles/CBMickFVX3lxTE5GNDNRaHpEQ3BPRlp1ODRwdEpacUprRm0yZlFGVW9Zb0pxT2FHVmNzYW45RUo4Zk4tdDVGUnJyMEh0RktXdkxHOW1tOUhHMTNzVWpycmZSdndaSmc0Mk5Ib256TWNXa2N6NlIzSDhfeXpQdw?oc=5,2026-09-23 10:29,톱스타뉴스,-1,-하락
066570,LG전자,"[오늘의 주목주] '냉각 솔루션' 기대감 LG전자 주가 6%대 올라, 코스피 외국인 매수세에 7010선 강보합 마감",https://news.google.com/rss/articles/CBMic0FVX3lxTFBjdEZualhHS1Rqb0U1RW9ycV9qbzNvOGxPekhfcU45cU1DN3paQzBkaU1oY25iN09VcVNNVHJGUmpDX00xQWN6TUZfaHcwWjVaUEhqTjgzc1RXQkpmblZUalZJRlpXOXJSd3R2T01hT2R5LTg?oc=5,2026-09-22 17:51,비즈니스포스트,0,
066570,LG전자,"[오늘의 주목주] '냉각 솔루션 엔비디아 승인' LG전자 주가 6%대 올라, 코스피 외국인 매수세에 7010선 강보합 마감",https://news.google.com/rss/articles/CBMic0FVX3lxTFBjdEZualhHS1Rqb0U1RW9ycV9qbzNvOGxPekhfcU45cU1DN3paQzBkaU1oY25iN09VcVNNVHJGUmpDX00xQWN6TUZfaHcwWjVaUEhqTjgzc1RXQkpmblZUalZJRlpXOXJSd3R2T01hT2R5LTg?oc=5,2026-09-22 17:51,비즈니스포스트,0,
066570,LG전자,가전 모멘텀 아닌 '이 기술'…LG전자 주가 폭발적 상승 끌어낸 진짜 호재,https://news.google.com/rss/articles/CBMiVkFVX3lxTFB2eHV6MVhFd1RhbDk3RWV1WWFuYTRhWHJZd2tsVTYxNkJBNE0yX1RvY0hhQml4OGJjTjctcG9RdTdqUVNsdHhhaUNFVHpyaVFGaTNYOVFn?oc=5,2026-09-22 17:25,위키트리,1,+상승
066570,LG전자,"LG전자 주가, 오늘 급등한 이유",https://news.google.com/rss/articles/CBMid0FVX3lxTE42MVFFMURuWmtpeEtLaENDS2VkSlNSMVhXWFJENC1FeTFTNnBHMlBWcFZ5dDFBLU83YjB2LU1rX3UxVnBaTDBkNUJiU25OTVJJc19kbkZSc3ZwcUZ1YWcyRzBkRnlzajFiSDBYR093cVlJdUVxeHRJ?oc=5,2026-09-22 11:40,kr.investing.com,2,+급등
066570,LG전자,"LG전자, 엔비디아 냉각 솔루션 규격 승인에 주가 상승",https://news.google.com/rss/articles/CBMibkFVX3lxTE5mbzh2VHp1bmg2RkgyQy1ESzl3a3ZqTHZxSC1UM3RxMHI0d3NhRGU2VE9KLVIxS3JYV2ZKcnlFYjJLSElNQ1N2VVFDMHBaejVzSjBncFA1dm4wMVg1QzdDdnJicVVRM0diOXBsMkVB?oc=5,2026-09-22 10:38,gukjenews.com,1,+상승
066570,LG전자,"[특징주] LG전자, 엔비디아 AI 팩토리 합류…주가 6%↑",https://news.google.com/rss/articles/CBMiakFVX3lxTE1Fa0YzaDJuT2JZbW94aThMb29qN0tKWDZRdDJ5ZklnTjl6cDA0NFFaSzFpU3VZUlFBZGh3LWlmNld1cjBCb0RpTlV5UHNpdnZzVlJHX2xZLWQwRUVROS1wTnh6RXM2QVBTMkHSAW5BVV95cUxOekZHZjlMaE1nNG1GY0FzMUZ1dzlQU0VlQlJ2SUgwcGs1VTJTWGEtZWdHdVdSQVNOeUlTVzVzYWhKRzVXclIyYjVUdndONW5SNEctSEFfWHo0cThnal8yTlRVQXBGa1Y5RUpzcC1GZw?oc=5,2026-09-22 10:38,뉴스드림,0,
066570,LG전자,"LG전자 주가, 웃음꽃... 전망은?",https://news.google.com/rss/articles/CBMiakFVX3lxTE9lb0UydWxhVjRoaWVTSVROb21PalFFMVFDcDdqWU1xT0FxX1Z4ZnZEN0M2VWRrdS1hWGltX3Z0UjFvanRsakplOE5sMmZKQ1lyb3A3X0wxdkxGcVgwZzhFandZdGlvcEJ0ZkE?oc=5,2026-09-22 10:38,금강일보,0,
066570,LG전자,"LG전자 주가, 9월 22일 장중 215,000원 6.17% 상승",https://news.google.com/rss/articles/CBMickFVX3lxTE44RVN2b09lVjFyU3Y3ZFYyWHlEVmVNQ01xand1MlM2ek90b1ZLN1Qwc1NWaHRFNHJlaFVEQVhJb1RjSmRPaktKRGN3NUpsRTJWYkhocm9XakJfX0o4SnR5Wi1uWG83TWZTcFY3RVZ4VkpTZw?oc=5,2026-09-22 10:32,topstarnews.net,1,+상승
066570,LG전자,LG전자(066570),https://news.google.com/rss/articles/CBMilwFBVV95cUxNeWpPYXZzbTRzODJxTjNicWpzbFM4Tzd0UENPRER0cktQYUhJTE95VnlNZXZkMmp4RTNhWTJZS0t1MVdzbTh0V2VaOWNfN2NqR2FJZ05DaGVVbTBXcU40RFdEaWpSRUJWMVpNQVhYVXVNX2ktdEUxMzJRMk1iX2RfNDY3eFpYd0lBeFR5TTRWZEFaMkg3OTZz?oc=5,2026-09-22 00:10,매일경제 마켓,0,
066570,LG전자,'50% 고정' AI ETF 상장… 현대차·LG전자 주가 주목 : 기업·산업,https://news.google.com/rss/articles/CBMiSkFVX3lxTFBEZ3A5dGJYR2Y3NHhwSVJGei0xYllfMGRPaE1fUlRWbUZHY1BqYVUtOWdPbmhlejlzNkpLMlhIMXpFOTVHZnA2dVdR?oc=5,2026-09-21 14:09,news.jkn.co.kr,0,
066570,LG전자,"LG전자 주가, 9월 21일 장중 199,750원 0.68% 상승",https://news.google.com/rss/articles/CBMickFVX3lxTE9pQk1IeU9raGFnZFpMS3hhQmZyeDhOUVdJb1hfb2lFUDRlb0JxMUxpaWdBN1dyUUFYc0FyczlTZVd4UXNUazhHbHM4LVdQRm51Y0pidEtsSk5kSHJfY0RVLTN2c1l0Z05tdWZtQkphb2o4QQ?oc=5,2026-09-21 10:37,톱스타뉴스,1,+상승
066570,LG전자,"LG전자 주가, 9월 18일 애프터마켓 198,700원 0.40% 상승",https://news.google.com/rss/articles/CBMickFVX3lxTE9SZHh4YVpaeXdKQ2stZjJnZTQ5NHlOcFptWkZTeHZqb2JPdTRhSG13ZzI5QVo1eHlLUGxyNW1hcTZOZWR5ZmJIUktiRU1XZDZHdXJWX1VBeW9fNzJvTExWY2hGZ1RjYWhIel96bGhYUXJrdw?oc=5,2026-09-18 17:16,중앙이코노미뉴스,1,+상승
066570,LG전자,"LG전자 주가, 9월 18일 장중 199,500원 0.81% 상승",https://news.google.com/rss/articles/CBMickFVX3lxTE04c1IycFdKajNObWJzaU52NWlHa0pnc3gwNnFBbzR5SU10WUpGcWJ5cVFQbG5DMXU5R1JfWlBYUUNGdDJoOVVGbmZfX2RELThUeUlDX2FBQW5pd1ZFbjB3bnJNV3dUcDVBaW03TmptRzIwQQ?oc=5,2026-09-18 10:46,톱스타뉴스,1,+상승
066570,LG전자,"LG전자 주가, 9월 16일 장중 198,000원 1.98% 하락",https://news.google.com/rss/articles/CBMickFVX3lxTFBObkdORnBycWVVQzN2NjlxaWlwbHNKVWxYVWJsTnlfMTlSNUNjYVNraUthWWZmSi1ReFRhdm1CNzhhWXFzV1haNjVpc3ducTBmTWZUSWdJM0Z1bVB1YlEwVlBlQ19NODNDU0hsSnBIZ1hsQQ?oc=5,2026-09-16 10:49,톱스타뉴스,-1,-하락
066570,LG전자,"LG전자 주가, 9월 15일 장중 201,500원 1.66% 상승",https://news.google.com/rss/articles/CBMickFVX3lxTFBYLXNxcDFNU0VtOHFQZG53T2pMbWgzV1BVVnhMWE15ZmU4Zi1UQkdxMTFtZEZFWWlCV2t5NzdnRkJQXzZncG9nemgzaWpYazlHOGJUREp6N1VKMVpIOTJnd2toX1dYMkxSeFlYMVhuajdOdw?oc=5,2026-09-15 10:15,톱스타뉴스,1,+상승
066570,LG전자,"LG전자 주가, 9월 14일 장중 195,800원 1.85% 하락",https://news.google.com/rss/articles/CBMickFVX3lxTE50TGI1NGFnRHg0Rzk1NTFMVk9nZjlFTU9QbHZZcDhLWk9BbHVyQkRiemp1NFRmUzhwM1NOMi01VFNLZU5NSnc2SDJxeFRfV2pacU9UQ2dfc28wQVdYWUFvbkRoR01ORkkxNjdVSUIwUGJzdw?oc=5,2026-09-14 10:28,톱스타뉴스,-1,-하락
066570,LG전자,"LG전자 주가, 9월 14일 장중 196,500원 1.50% 하락",https://news.google.com/rss/articles/CBMickFVX3lxTFB2MjZpTkhQNV9UWFp3dkx1WGRWS0JyeU9pNW1ONGloOFlvWXVtTkNzTjV1eFFWNzNiSFNIaTlkMG5qVk1QOTlWTzVJQ0hoY2dDd1FvS1VaX3JtQmtNaEFnbUhHNHpCN29KZlBvMGxTQkE1dw?oc=5,2026-09-14 10:20,중앙이코노미뉴스,-1,-하락
066570,LG전자,"증권사 목표가 단숨에 뛰어넘은 ‘LG전자’…요지부동 애널리스트들, 왜?",https://news.google.com/rss/articles/CBMiY0FVX3lxTE10Tmh6NjYzUlJrWDFXTkdiaHhXZkdJbWIwV2hOYk9KclZaNFBEcktIOVJwRFVRQlg1aW15dTZrWFhPTmdTRDVkVDV6b1VESDhLYXMzMXNGd2hORURkVFYwWU85Zw?oc=5,2026-09-12 18:28,쿠키뉴스,0,
066570,LG전자,"LG전자 주가, 9월 11일 장중 199,000원 3.63% 하락",https://news.google.com/rss/articles/CBMickFVX3lxTE5hOWpKVlpnZURHZU12XzY5eEFRZHBiMm03d2tJVlNSd2IxMDNKTlJTV1B3V0g0WHE3eGZobFpnZHBTallKQUxIcWkzWVV5YnlWb204LXNFcU9Lell6ODVVM3FxNS1QVlNPQ0UxWEhvMTNtUQ?oc=5,2026-09-11 14:15,중앙이코노미뉴스,-1,-하락
066570,LG전자,"LG전자 주가, 9월 11일 장중 7,800원 하락 198,700원",https://news.google.com/rss/articles/CBMickFVX3lxTE0wYU5hczVNb0c3N2VJZWh4c19fNzFFZ2tlXy02SGRtUHBZdXVhYnN0WkhfNF9ZYS1QMWwwckw3UFMwbHRTT3hGLW12X21PcmVPQmYtQ3V0dEZSd2hYQmNpRE1rcURqZ0I5c0YteXJXeXNudw?oc=5,2026-09-11 14:06,topstarnews.net,-1,-하락
066570,LG전자,"LG전자 주가, 9월 10일 장중 207,000원 1.22% 상승",https://news.google.com/rss/articles/CBMickFVX3lxTE9KZndtdHhla0Y4RmduSVVTVm5Gb2FHYWxGLUFubzM3VVVraFM1SE1IcjZEaXFCWWZ3RG5sVzdIaDVWOFRwVlRfUW9hZUtxWXlHbE9fYXJRdGpWSEVhSlF4bExfaU5COV83R3I2OGpGVFQ2dw?oc=5,2026-09-10 14:20,중앙이코노미뉴스,1,+상승
066570,LG전자,"LG전자 주가, 9월 10일 장중 206,000원 0.73% 상승",https://news.google.com/rss/articles/CBMickFVX3lxTFBwMXdydVFZNkRsSlY2MkVtd2xzZm0wU0QzVDNwM2UyNlVCYVNOcndUekVlNG52aXlTTDZjME92VGM3TDd4VTNxWFZuT0tCeWs3UEtXZEUtLUZGVjUxX0RBS2FEbFU0ZnVfRGhMeERqVGdsUQ?oc=5,2026-09-10 10:08,톱스타뉴스,1,+상승
066570,LG전자,"주가 날개 단 LG전자 인도법인, '영국·홍콩' 잇는 대규모 투자 대장정 돌입",https://news.google.com/rss/articles/CBMiYEFVX3lxTFBVLVU4T1hFZ2tDbERxeC12YWxxa1JDSGRPV20wdkcwdEZadkw4azN3eU1abWEzNHo5RldjX0ZUMVkwNWZZZ2RGWTBWekh2SVpxLUhrT0ZsMjZrTHJ5VWFNSw?oc=5,2026-09-09 15:31,더구루,0,
066570,LG전자,"LG전자 주가, 9월 9일 장중 205,000원 0.00% 보합",https://news.google.com/rss/articles/CBMickFVX3lxTE9ZQlNTeUd3d1RWVVNpSnhyYW15MFA0eDU2dVl5cXNRMUdRS0VpLUtSdVRFVTBWUUxLQUtRR2ZTUFBqQ0RiMFVZaGthMURrTy11TFVrLUM4WVk0ZWpna0R3V2pYU0phSXRwb1ZLRmo3RUx1UQ?oc=5,2026-09-09 10:17,톱스타뉴스,0,
071050,한국금융지주,"한국금융지주 주가 5,800원 하락 후 장마감",https://news.google.com/rss/articles/CBMiXEFVX3lxTFBKeUVVcUR3dk5vVE1tZUVER3ZNU003NG9pTGV6SG5OeXpWSGpXOFNaV1pBQm5qOFFwSnJZV2ZQTzJ6R1RBNVliaTJaLVhCeXNkS040dmJYVjNTZkgt?oc=5,2026-10-08 15:55,아시아뉴스통신,-1,-하락
071050,한국금융지주,"실적 우려에 증권주 목표가 줄하향…증권가 ""10월부터 배당 매력 주목""",https://news.google.com/rss/articles/CBMiaEFVX3lxTE56THM3R1BUNjhNVEQ1VzlqMklsTmJ3NU4xZDZlYnVLVE5HcUktOXZaY1BjZHIzX0hUMVBSY3NJQTZGem1KeVphd0dHR1FFRmM5V0JVQnk3c0tIS2tfU0pCT000WVd6ZWJt?oc=5,2026-10-08 12:27,녹색경제신문,-1,-우려
071050,한국금융지주,"`거래절벽` 직격탄 증권주, 실적 둔화에 주가도 `와르르`",https://news.google.com/rss/articles/CBMiYkFVX3lxTE9FVFp0UEtEcnZDd1Z6dnVad1pxZDY2TUhfd1p0MThtb2QtcC1sLTZOYnhuaDNMZi10S1VScjZhUDRJRlZWQXJnbXMwYTdqZkwxQ1BJV19xeUx5b3RWRTl5VGZR?oc=5,2026-10-08 09:09,매일신문,0,
071050,한국금융지주,"한국투자금융지주 10%이상주주 국민연금공단, 소유 주식 수량 73만6395주 감소…소유 지분율 1.19%p 하락",https://news.google.com/rss/articles/CBMie0FVX3lxTE1FcVdMQ0h6T1FYQ3VNZm9PV2lCME9BRWRqWi1mcV9sMkN6Nnl5djJNV0VsNUQ3QXBjb3VUUzhoUlRWUUZNSXhRSWVHQlg0Z0dKVDNaUEprLWVJb1RrTlBVOEtXeWpSbGstTkwzTGJSQ0xXeUQ1TUg1c3g0Zw?oc=5,2026-10-06 14:32,디지털투데이,-1,-하락
071050,한국금융지주,"국민연금공단, 한국금융지주 주식 73만6395주 ↓…지분율 10.97%",https://news.google.com/rss/articles/CBMic0FVX3lxTE5XZkpSZkpobmhfUUlCbnViMDI3NXRKWFRFdnhyTzMtTk5ZUFRma1p0bEdSYzVxMVpoSldzSG80MHlhbHRIQk1RNmNQanBxR0ZHaWdaeHdPeTFSb1JqUy1kZW5iMTRfTmhqSTFmajlDR0NRV0k?oc=5,2026-10-06 14:10,데이터투자,0,
071050,한국금융지주,한국금융지주 주가 하락 중,https://news.google.com/rss/articles/CBMidEFVX3lxTE1GMks0aGFDVW9jNFVLY0tVd3dfQlJSYUZqc2xNN21qOHdBZ0JyV2N5RXRVUDV2SVJoejZWaGpqSXI3UlVwRWVVSlItRGJ6anpKZDhEc0hKaVFxYnZuTGRmTWVVR20wMjE0UkNneFc4REV0bC1Y?oc=5,2026-10-06 09:45,아시아뉴스통신,-1,-하락
071050,한국금융지주,"한국투자증권, SK 지분 4000억원 취득...PRS로 3년 계약",https://news.google.com/rss/articles/CBMiT0FVX3lxTE1PVlMwQWRFalVXQTNFY095Q0xwaFJXQ1lRbHBHX0p1VHZqRndoUWdMNVlIOXctVWt1OHM4eWFnREFibjl3ekZNQTJtSzJmMTg?oc=5,2026-10-02 19:17,v.daum.net,0,
071050,한국금융지주,"한국금융지주, 자회사 한국투자증권이 SK 주식 4000억원 취득 결정",https://news.google.com/rss/articles/CBMic0FVX3lxTE1yc3QtYkJ3cDZ6YmhsSDA5aE5jUUZDTUpnRHY1VzhRb2lwT2FGNm40M0dwUDdKVGxORnY0SS02YzlQMDVucmc2elhVYkwzMS12UEp2cElrd1o1emw0ZlJBdlYybnN5TEVkYVZBVWlYX3BkMnc?oc=5,2026-10-02 18:30,데이터투자,0,
071050,한국금융지주,"한국투자증권, 4천억 규모 SK㈜ 지분 취득…최태원 회장과 PRS 체결 |",https://news.google.com/rss/articles/CBMidEFVX3lxTE5FMGpLNXNMVm5IbzRVUzBiTzNwaVEwNWNQRzVQYmFTdWNXZXlyUkhoSXVSNURwMVVzcUgzZThIRGJONnVyUktjb0RJakFhVHA4VGItWlBheU1QYURDQVdjNXRXenpCc1VIQXFTQ2Q3QjgwTk9B?oc=5,2026-10-02 17:48,연합인포맥스,0,
071050,한국금융지주,"한국투자증권, 4천억 규모 SK㈜ 지분 취득…최태원 회장과 PRS 체결",https://news.google.com/rss/articles/CBMickFVX3lxTE45SFlUUXZDenpYMDlsZkluMThUczkxZXF6TWNNb1RBRkVvV3NCZTVhSVpIQ3JWM3ZhQ3hVcDBPRGdOSi1keTVLTjBMYUE1VEl3LXd4WHR0VWhXMEtpdkdSVEtGVm9US3VsTG9nV3h3NkhzQQ?oc=5,2026-10-02 17:42,KB Think,0,
071050,한국금융지주,"한투증권, SK㈜ 지분 0.93% 4000억에 취득…""단순투자목적""",https://news.google.com/rss/articles/CBMic0FVX3lxTFBjNmJ3QjN1VXdZTS1GZkIzeGZ1ZGVXSlZ3Y1NHRnlxRGp0eUFId1N0aUFOUi1mVmVNZmRQZGZFWHZjem1xa3UyUVBBSlIyRWpBT1A3SzByZWhTWDIwWkdmbGNJc21ZaF9mWlB2c2hQcC1NNGM?oc=5,2026-10-02 17:41,마켓인,0,
071050,한국금융지주,"한국투자증권, 4000억 규모 SK 주식 취득…PRS 계약 방식 - 머니투데이",https://news.google.com/rss/articles/CBMiaEFVX3lxTE0xUHNnZk9GeThlV3Q1R2tUNUxBSFF2V0t4MU5IZUJwa2JteTk1TGgzaDhZQ1d1RkZRSlBWSGw5eUk0bXgyTEZwWUhraUNnQ01lSW9Rc3hVdi1nQXhrblVqV3FBN2RxdE5N0gFuQVVfeXFMUEdKdW9MejBBaWhXc1l4VTJSNW50eEwxXzBxWFlZSG5pRmRPU2J0NENLVkpUS01wdmJxbFBaX2ZpQUVPSi1WT1d3YllaUEJhWjZEWE5kaUwtajlJaVBzbzhIME94Q2RtbFl4NVZ4SFE?oc=5,2026-10-02 17:40,머니투데이,0,
071050,한국금융지주,"한국투자증권, SK 주식 4천억원어치 취득…지분율 0.9%",https://news.google.com/rss/articles/CBMiW0FVX3lxTFBFZWFUQmRpOWJIZDEzNnlqTHlVeUl3TzRYbGp2dlg1OGh1NGR4OFUwc29lVzM1c3FzaEppQnF2V1VDLTJiV25qQTlqbGg0SGtYZExYRmdEanlrMnPSAWBBVV95cUxOLU1ueDRRYkNuWEFJOVRiTEFBb25pbF9JWHdvWWlRdGRjR242RXc3MDRqUjZrU2hfbk83RUlVY0tJRzNqM05JSWlwc3BnV29VQldlUFJYUW4ta3QyR3c4TXo?oc=5,2026-10-02 17:23,연합뉴스,0,
071050,한국금융지주,‘현장 경영’ 전통 무너뜨린 한국투자 3세의 고속 승진…첩첩산중 승계 가도 [재계 후계자들],https://news.google.com/rss/articles/CBMib0FVX3lxTE9pM1pwSl8ydVVRal9vY1VYZktQRVNLSGo2ZUxzcFdrcjQtSkVaZm5tWkNEYlJCS2F1Z0F6d3NwSGhjRi1CTzR1Zi15c2JDakhuZmVWT2x0RnMyWDRTaVhyZV9LeDYwYkNZQUV0Y2VpRdIBc0FVX3lxTFBiSlZneHQ4Nzl2NGVRZ09IY2gzUkdaNGhkdU5rRnRNckhoX3JCZGpteUY3M2pNb1F1RXkzTWFhS2h3bl95MDVsQmJVVy1kb2RkQnJDUlUxbzN0aTBpWWpnLUp5WnZCaG5yTm41SGxaTXVRUXc?oc=5,2026-10-02 16:00,시사저널,0,
071050,한국금융지주,"한국금융지주 주가 4,500원 하락 후 장마감",https://news.google.com/rss/articles/CBMiXEFVX3lxTE8yYlREeHVoVUp3bE5MTjE1VFpxX1BvazhVRUtDNS1KYTBacU1BMkpuTXFhUTBHMXB2a1AzdHkzWjluOFZzRkVhVlRxYV9yc29qLVBHdWptam9vN01t?oc=5,2026-09-28 15:58,아시아뉴스통신,-1,-하락
071050,한국금융지주,"NH證 ""한국금융지주, 보험사 인수시 금융지주 완성 한 걸음…목표가 30만원""",https://news.google.com/rss/articles/CBMiVEFVX3lxTFBZbnpwVGpoT1d5R29GM29CUTR2UXlubVJVWldhcFhGQi1fTEo1cU0zRUYtbjYzcmVLTVNTa01RZzVvV1N6bzBJbFRQb0FxcmEzV0ladA?oc=5,2026-09-28 08:40,v.daum.net,0,
071050,한국금융지주,"NH證 한국금융지주, 보험사 인수시 금융지주 완성 한 걸음…목표가 30만원",https://news.google.com/rss/articles/CBMiWkFVX3lxTE1YU0tuWVpfMlNva2NmYjdjLU5ocXk2blZSWjMtbG5IdThDcDdodWRZZ01SSXJQcTNHcVZhWGpKckVpSmM2RS1aOEFwNG9qU09WZVd5R0NiLW1xQdIBWEFVX3lxTE81M3ZnN0wxR2xsN0pPZ1F6eFAzNXVLV0VOVE5QUEExOVlsRTluZ0YyYTVVN0tiWUg4S0NNekpQSEhJaVotc1MtblQyTFgzTXZMcTRWeXU5Smg?oc=5,2026-09-28 08:40,ajunews.com,0,
071050,한국금융지주,움직이는 배경과 릴 영역을 나눠 보는 토토톡,https://news.google.com/rss/articles/CBMi9wFBVV95cUxNMzdRWndpeXVsWnUzRnlEaE03T1EyVDZpYTZtLW9YLW00TnJ0NHlqMnFpdUFqbXJaQVFfN2R0S1dBNTZRSVhodXNSLUhlcW85ell0Q1EwRXBfSzRkUl9NS3NsTnJ3RTNtOGpaQlRzY3FpOTBPWFJOVEYwMzdXd3huS3VsOFFmN3JpZTZtQjNJR014OUt3SWZfenVIc1g1aUtBZzlsSVVkTm1ob0phZnJTWWtSX2hkQkhLdmRScDl4bTM4RzNRSm5ybGt5cVFjWkdlWm5pQkVYel9TZy12VXpEMUNEWWt6R2RNb2VUdllRQTc3WFVHREFV?oc=5,2026-09-25 09:59,Calgary Roughnecks,0,
071050,한국금융지주,한국금융지주 주가 상승 중,https://news.google.com/rss/articles/CBMiYkFVX3lxTFBKWlNvX3pjWEdoZDIwQURiWE9xZXVjRU5YZENkYldLOHhkSWhkWndkRGNBZ3lPMjQzdS1QcUN6YWRqaDZXUWZxZkZHX0ZKMHZwT3RjNkloa2Y4NHdmUlFWWXFB?oc=5,2026-09-23 09:32,아시아뉴스통신,1,+상승
071050,한국금융지주,한국금융지주 주가 900원 상승 후 장마감,https://news.google.com/rss/articles/CBMidEFVX3lxTE9LYko1b21kaUpEZTJkczlLWnk0eDRSM0VtMGVYbnJRUHFuZHl4blBnYmFEc2FXYWpmR0pHcmI4alR0SVlBbWEwcjEzbTM4Si00U2hldUNpeWk2c2l6ejcwbURQNWhaSnpCcTZQNDdjYXF6dURG?oc=5,2026-09-22 16:18,아시아뉴스통신,1,+상승
071050,한국금융지주,"한국금융지주 주가 2,100원 상승 후 장마감",https://news.google.com/rss/articles/CBMidEFVX3lxTE8xT215UGxja0xsWUlfcWVESEpEQkNPUm1TT1doVUdhVzFScjRrZzh1U2VIV2NyNUI0TlJWQzllWVdZVHREaVpmUldCX3N3MHhOZzZUTlo5RTF3YjVaWDZMZzhwUEpIeFFycjZsNDlSU3BzQnBN?oc=5,2026-09-21 16:14,anewsa.com,1,+상승
071050,한국금융지주,증시 부진·거래대금 감소...미래·한투 등 증권사 '실적 눈높이' 하향,https://news.google.com/rss/articles/CBMiakFVX3lxTE5oMjN6ZnBacDdrcXNVZElSWU03T0tqaUNmdWxjUkFpYUp4bnFubklfMFBnV25JcEtGZjEta1JhR2RUM0x6YmxVdENWOEFMN0NhRVVfSllaZHM5LUJhLVVxRzBSMm1RQWpNTmc?oc=5,2026-09-21 10:51,금융소비자뉴스,-1,-부진
071050,한국금융지주,다음 단계가 무엇인지 알려주는 퍼스트 토토 먹튀 진행 표시,https://news.google.com/rss/articles/CBMipwNBVV95cUxNUGFaMHIwcDcyTTZXeWpOalJ4RTVoRXNkSnY5ZmZTZWFJa3hfNVFyZ1RKU2g4dDk3WUxoVDdCOUtfRERxM0JVLU5YTjhTbDRXTURqV2M5NXF0X1FHcjA5S0ZYenpSX3BpaTVPb3Uzei1yUkYtdFJQTTZ6QWZfYW9FWURnR1dDLTMyZ2xEQWpUTkwwWXVnbjlQTWRTbzh5NW4xd1BESHlST2tKQnczZ2gzXzNCcktTZ3o5MkZVaF9DQTE0N0NKRTUwNEJMbXdxRjc3UjJtb1pRMWRVVnQyNHpXWl9fbk9TbzhwUS1JeVVqZllkclB0bW1oaTMxTHBPdVJQRGVLcEU4TW5ZQ2k0aV9oR2YxRWhCV1B0ZVFZNDB0eFZsa1NxelB3a1QtTzc5QWIyZVpZb0ZPQk1kZlhvZGJNenB5dWdITm1YcWF1cF9NcXdhMFlnZmpFMllrMUxGWUxYckd0ZzEtRy1qaFYtdmVnZnFaeGhhVnNHZm0weWU2c1daSkNsRVgtQ1VERjZQanZ0cXlHSUpzQm4yaWJnRXpaRHBnbmFkdk0?oc=5,2026-09-21 04:13,calgaryroughnecks.com,0,
071050,한국금융지주,어떤 기능이 포함됐는지 확인하는 광주 토토 즐 디시 상세 페이지,https://news.google.com/rss/articles/CBMiugFBVV95cUxOWVVsRFc3eUZiWGpYN2UwYU5yVENtRXhNeGJmSnNBU09TNUZQOW1Fc3hBQmFRTDJvb3QyNDEzQVM3MW81WW55VGNLZmpzLVFLM3V1RTgxY3VoVEpGWGVsN2Z2bkV1NWFkT0VpbkpUX1R2Q1FLVklidDc1ZVY5ZzhaMUpDb1A2Y2p5YnRZT0RES3JCeER2UmVSSk5iUFRhVzRZVmJUV2p2MXM0dzI1UGRnRHlxTXZTOGNvY1E?oc=5,2026-09-18 20:18,Calgary Roughnecks,0,
071050,한국금융지주,"[증권言言] 유안타증권 ""한국금융지주, 실적 방어능력 확인 필요""",https://news.google.com/rss/articles/CBMia0FVX3lxTE9rWC1OQTJIZFhaOTZfbWFUcFlKMkttbnc3eG9XaXdsTnJpYUJvY2pkbVFpME1ZbGFZckJqTW5qZzA2YkYxYTFGV01iNE5oUnBhYzcyclhVQmFDRzh6UUNob2lOMHBWQlFqS1dn?oc=5,2026-09-15 10:32,마일드경제,0,
071050,한국금융지주,"한국투자증권, 국내주식 애프터마켓 거래 이벤트",https://news.google.com/rss/articles/CBMiXEFVX3lxTFA5U3U1OXVqUnQ3MXE2NGVUN1EtNHpSNS1zMl9EdFJGMmd5Ri02SzlFUDJHc0laWUVBQnQtSjdiZGplM0ZjLW8zMF9GY21YTXdQTzJLbURDc3NtaHRT?oc=5,2026-09-14 09:49,뉴스핌,0,
071050,한국금융지주,한국금융지주 주가 200원 상승 후 장마감,https://news.google.com/rss/articles/CBMiXEFVX3lxTE9mTlRLem9uNV9pY0tCaElNYXJXdDJqUGl5dVA2d2JDcEp0cGtXNUlmb3RvUXJIU2VJdjN6Q2NUYVJ6cnpvcnNvMUhOVmZLVk9yVC15eE1tY2ZUbnFy?oc=5,2026-09-11 16:02,anewsa.com,1,+상승
071050,한국금융지주,"한국금융, 실적 변동성 불가피...펀더멘털 대비 과도한 주가조정 By 알파경제 alphabiz",https://news.google.com/rss/articles/CBMicEFVX3lxTE4tM0VzTzZzTmxleEx0UWlTaDlkNElGQnU4cUl2enBXZjYydVlZajdQTjlnZW5qcTlzcWg0MXo0Qnk3RkVYWmxJQWZra3kyVmxyOHgyUGdhNF9HRjU3VmdkbEMyM3BVNy1ldTI0N2FRdkI?oc=5,2026-09-11 16:00,Investing.com 한국어,0,
071050,한국금융지주,"현대차증권 ""한국금융지주 주식 매수의견 신규 제시, 이익 창출력 우수""",https://news.google.com/rss/articles/CBMic0FVX3lxTE1HVlZOYnFaSVZCTGtJaWtRem9EU01YVlBiZXB0VmFaNkh4dVc3c1c5NnQybC1zd1pFN3J6QWNDaDlKNURFM1ExUzE1Z1RaMFNDWF9pT2hFQVRXY2hyNG5NdkQ2bERkSjZGd0hGeGZEeDF6MG8?oc=5,2026-09-11 16:00,비즈니스포스트,0,
071050,한국금융지주,현실된 증권사 3분기 ‘어닝쇼크’…‘배당수익률’ 하방 지지선 될까,https://news.google.com/rss/articles/CBMiaEFVX3lxTE5EQWJVRmQ5TWxtVTIxVk9xS0x0TEFHeTZLLUNjbDdyUU9pTkYyVjhPdmdfbUpFd0ZJMU5SOXlzc0pmaHVBU0hRalRmSE5pMUlQc0dqamdoWVJmTTR2bFNGTjlidl9wNFRU?oc=5,2026-09-11 10:59,s-econ.kr,-2,-어닝쇼크
071050,한국금융지주,"한국금융, 실적 변동성 불가피...펀더멘털 대비 과도한 주가조정",https://news.google.com/rss/articles/CBMibkFVX3lxTFBTNFhocnFYLVFuMHJUcnRmMHRWamJZaFdCem9FQ1dSRUpLRGk0dlBjdWlaRDY2M1NQQThPZVNQcXBPOXJuXzJvNWRPSmFNQWMzRlJCckRzZ1BkUDVPbW1rM21WS283d0pINkpScEFR?oc=5,2026-09-11 10:15,알파경제,0,
071050,한국금융지주,"[리포트 브리핑]한국금융지주, '뒷심이 중요할 때' 목표가 312,000원 - 현대차증권",https://news.google.com/rss/articles/CBMiXEFVX3lxTE1Tc2c0SkMwMFZrRHZfM2tFcF9VVlp6WWVhWXVJWGRrekRzS19VbGZIV053WVVLWm1EOXhtZnVOZG5odWhFYThGNnVpUnhWTXNTOElLTEdpSXNYWHRz?oc=5,2026-09-11 09:35,newspim.com,0,
071050,한국금융지주,"“거래대금 급감에 3분기 수수료 -39% 직격탄…한국금융지주, 단기 숨고르기”",https://news.google.com/rss/articles/CBMib0FVX3lxTE1IUDdTZEJZUHFtaG1jNmFCX0xEZ1gwaU1BcWFLRmx1LVdfcGVIcmFHanhkX2dmMDkwb09aQ01CeDVDSVN6bW1lTUZrYjZTa1V0ek9VME5fb0hNWTNQbVlrM2FpbFNFUlBBXzdlWTRZaw?oc=5,2026-09-10 15:31,newsquest.co.kr,0,
071050,한국금융지주,"[뉴스락 주식네비] 한국금융지주, 증시 부진에 3분기 실적 '주춤'",https://news.google.com/rss/articles/CBMibEFVX3lxTFBYYkJreVRkR1lkQWhTd1FHYmo5S2dJYnlWTXVmRTFVNDd6U3FfQl9ZUUxxVU1fX0Jnc0VKaEJIZWNVdS1rYTZrSVdJelh3eVJIaHY3ZFc1NkhTcTBpd3hPakdjZGE3bE80SU1ZUA?oc=5,2026-09-10 13:50,뉴스락,-1,-부진
071050,한국금융지주,증시 거래 절벽에 발목…한국금융지주 목표價 깎였다,https://news.google.com/rss/articles/CBMiWEFVX3lxTFA1ZTlQS1FRUE92c3M1RFpLdTZRSFNOVkQtdHhMWmRIV0hVMlRXMTNrblRjbk4zQlFDRDdTd19ETVVNVHI4bVVKRnJnLUgzT3BIZjJ1Nk9kZVQ?oc=5,2026-09-10 10:36,경제타임스,0,
071050,한국금융지주,"[리포트 브리핑]한국금융지주, '실적 방어능력 확인 필요' 목표가 317,000원 - 유안타증권",https://news.google.com/rss/articles/CBMiXEFVX3lxTE11VkFKeGZiUlczb1RsTUF3SXNhdm5Xb2FzNGRwc0FRel9kZTdJU2hpREE4NzJLUjJTWDBRUmI4QXJGd2w4azlCMkV5LWxjeGFsWEdKdjZHNmhqa0R4?oc=5,2026-09-10 09:53,뉴스핌,0,
071050,한국금융지주,"유안타증권 ""한국금융지주 목표주가 하향, 거래대금 감소에 3분기 실적 둔화""",https://news.google.com/rss/articles/CBMic0FVX3lxTE5kcHJaYzVQMTljR0owLUtmNS1NM0Z2bWY3ZDl5YWFDNFpTci1hZ204cE5pMkxrY1h3eDRtdEYzMWdmTkdhcFpSV25xZVhtV0QtNHlFZlVZU1BFOW1OVFdfWWhEZDk5djY1a0l0U1llRkFyVGc?oc=5,2026-09-10 09:00,비즈니스포스트,-2,-목표주가 하향
071050,한국금융지주,순익 기대치 22% 밑돈다…한국금융지주 목표가 하향,https://news.google.com/rss/articles/CBMiWkFVX3lxTFBaa1ZFRkFYMlFlcjdvbU54MHFTbGNTa2FDUlZiX3dVelJtOXdJY2Q4LUhDU3hEZWUyd19OaGRvaGJOZ3dQNHJNaG5udU1jbnkxY2ItVFdRV242Zw?oc=5,2026-09-10 08:57,파이낸셜뉴스,-2,-목표가 하향
078930,GS,"“GS리테일, 수퍼마켓 호실적 기대…현 주가는 저평가”[클릭e종목]",https://news.google.com/rss/articles/CBMiYkFVX3lxTE5GOEExeXlrTGlNZ1k1MWdTOGVWRThuWFgwZ2pBbmlfQ1dOVXc4SWpUSzZJSmUtVjI5Rm1IUFZQOEFZUU1FX1Vhb1VKemVBSHFZUDRQNC12ZFdQbDB4Rm9SeTZn?oc=5,2026-10-08 07:15,아시아경제,2,+저평가 +호실적
078930,GS,"주식재산 증감률 따져보니...GS 허창수 '웃고', 코오롱 이웅열 '울고'",https://news.google.com/rss/articles/CBMiZ0FVX3lxTFBsSGpWT2ZmdmZ3a3dIeHZhYU5LZk1mVml5TzJaNS1IenZIa2psNml0WXhYMVc5YktYaDhvZlNoVmZ3czF6aEdKdVlwbWlnc0lJVzh3S1FTRVZuVXNsLWhpNFM4ZnhBQWfSAWtBVV95cUxQdEJrZGVmWVRraEhybFRVTGJYQ3hDZi1kblpuT0NRbHFwN1gtdXNPaERic19Rc1JQSmdIOW5yQm11ME9JSGhFSVotVW45eldmc3k1Mkp1YUV2enJvM1JBRUV1STVSNnM0NGRaZw?oc=5,2026-10-06 15:27,논객닷컴,0,
078930,GS,'59조→45조' 이재용 주식재산 13조 증발 … 총수 48명 석 달 새 18조 사라졌다,https://news.google.com/rss/articles/CBMigAFBVV95cUxQYkpUX3BYTTdIaXRjamJ4UVktOWltYkQyUEs0S2NzNzRDRjBESnRkMEx5XzItNFd0OURTQnNNNy04c21fNFlNVlBCSGxPcE9vVTJWVXBWNnlKcm45SGxFei1SeUtSUXVkMU5iLTQ4WWZGdDRXcjlnT25tejNJWFRlSNIBgAFBVV95cUxQYkpUX3BYTTdIaXRjamJ4UVktOWltYkQyUEs0S2NzNzRDRjBESnRkMEx5XzItNFd0OURTQnNNNy04c21fNFlNVlBCSGxPcE9vVTJWVXBWNnlKcm45SGxFei1SeUtSUXVkMU5iLTQ4WWZGdDRXcjlnT25tejNJWFRlSA?oc=5,2026-10-06 11:08,뉴데일리,0,
078930,GS,“다들 주가 떨어져 울상인데”…석 달 새 1조 넘게 불어난 ‘이 사람’ 무슨 일?,https://news.google.com/rss/articles/CBMiUkFVX3lxTE04b2g1ZTVPR1ZhZVZmSDgzQ2lWRFJua0hLeGt3MjJtSzd6eE1nTmZJWHltYnp1ejhib3ZLbEhCbTczZDFyU1lSNUdBZEZxQS1Uanc?oc=5,2026-10-06 11:00,매일경제 마켓,0,
078930,GS,"[장중수급포착] GS글로벌, 기관 7일 연속 순매수행진... 주가 +3.18%",https://news.google.com/rss/articles/CBMiXEFVX3lxTE9ucXlzdDBFT0ZNcVJLVktlbEFtV0ktSC0waXg0aVR4ZlpPak1uYnZTWFJCYTRqM2JVcTlNbEtZU1FLQkd2cG5ReXM1dHY4X0JsVk81Q0swYkY3QmNV?oc=5,2026-10-06 10:16,뉴스핌,1,+순매수행진
078930,GS,"골드만삭스(GS) 주가, CEO 승계 계획에도 불구하고 할인된 가격에 거래될 수 있다",https://news.google.com/rss/articles/CBMiqwFBVV95cUxQTWEtSHZqekU0ZFdNckdDeVJaNHVaSFdNUGdNQWVxYzloV2pPWWRHZ0JleWtZVGQ4dUFfQUdGY09JSWRtWTA3M2liOF8tNUFXMmxDVTMtYWRsZmRuOVB6bUtGd3dkMmt6SXpablFRTnR0RzFKT2ZSR2UyTHlmTzdmSkU0ejlxTzF3d2s2LUVCQ21fRXc4X2tweWk3M3J0Y1BIRkQteDFVQWZacEXSAbABQVVfeXFMT0pnWGd4a2VzZlQxZUtXVjZ2UUpyemZtRTFOcDlPUWZJTnJSNEVkVV9QY3dfc2dPTE5PZ19xdXMwUDB0LUNabENsa29KNGxLMnVHY3Z0OE1LYk4yYXJPd2pnMWxCNnhUZ21MSE5rSXpCZUdoMmxRaGEyV0QtTExDV3N6Vy13X2xlUVQtNEdyMXB2X003VUpvRWRLUzdGT0NTeHZ3Uzh1Q0t3dEYybGx6YkY?oc=5,2026-10-02 22:39,Simply Wall Street,0,
078930,GS,"[증시다트] 건설주, 다시 원전으로 달린다…주가 키워드는 ‘해외 EPC·주택마진·수주 현실화’",https://news.google.com/rss/articles/CBMiVEFVX3lxTE1YOEYzaHpId2ttenBwUUdnWTdTVDN6Y3E2Nkljbklmc3dITkxWUEVra2ZQTDM5aFpFMEotMlJ4VElXTE5ROEpvZUdydGVEbk9SckI5VA?oc=5,2026-10-02 16:00,:: 위즈경제 ::,1,+수주
078930,GS,"GS, 최대주주 허창수 등 주식 1만2464주 증가…친인척 허성준 장내매수 영향",https://news.google.com/rss/articles/CBMie0FVX3lxTE9lTWRVaWNycGJRX1EyQTNLdUxwUWN4UWdmeDYzLS1GLWlyMmo0RUt4UUNOWnhoZFVnMGpVYTZQM0Vva0VCdGhCNVRoenU4WEpRT0pGR2YwWWxKaDZ5a2FYRHRsMVJZTlprV0NzWEhRcDZlMkFzZmltSjRKMA?oc=5,2026-10-02 13:11,디지털투데이,0,
078930,GS,"에쓰오일 주가 장중 7%대 올라, 국제유가 상승에 정유주 강세",https://news.google.com/rss/articles/CBMic0FVX3lxTE9PX1JzX2l3QWV0cDZaaGQtTHphclZqSExnRkZELV8zNUc1N05SZS1QS3owMnU0UXphc2l5X002WWV2M0FIM2lUUll0d0VGRDk1QzBVQkRQLUxlUkVVeDlkY1ZFLVJrMGJkTnZRaVloTDFpejQ?oc=5,2026-10-02 10:27,비즈니스포스트,2,+상승 +강세
078930,GS,Goldman Sachs Board Discusses CEO Succession Plan to Elevate John Waldron,https://news.google.com/rss/articles/CBMihwFBVV95cUxOVW9wdEtHQ3oxY2g1N1AwQ25yVkpyWVBsZDI0R0xuaEpINGNpbW82Nms3Z2ZJZ0pkMzc3ckFxNlRpbEcycC10bTYyZmJ1QnhLbTZGcGxxZno1aEpaaGk1TkFvUWE1N3JwSDFNUWpzbXVsS2Q0U0NYMlBwU0R3UHVfdmJVTnhzRXc?oc=5,2026-09-30 22:18,TIKR.com,0,
078930,GS,"골드만삭스, 차기 CEO로 월드론 내정 논의 부각에 주가 하락",https://news.google.com/rss/articles/CBMiuAFBVV95cUxNenVGbm5ReEpLLWprM0NuUTNicXFqUW5LM0c1aEx6R1VOMWtHUjVoNFZNeE9kbnJhcVAzWnkzVE1lU3cya1RVdEV3dlRpT1ROdEgza1BkNnVZOGFObk01TzVGVGFWUWo3cEtoa19jV09wVjF6U193TjhFMk5kZWhLZ0VuS1ctblhxU1FQMmQ1OWFHc0FLRUNLbXNqZUlKd0VKU3poOEdyR1dVNWtsZEpKeXpFVWtoWXYw?oc=5,2026-09-29 16:00,VT Markets,-1,-하락
078930,GS,"[장중수급포착] GS피앤엘, 외국인/기관 동시 순매수… 주가 +8.17%",https://news.google.com/rss/articles/CBMiXEFVX3lxTE1XbGVtVlpPRm1kRGN5d2dPXzZGWUJjaVNqSnEwOWVSM1l1NDR5UkppMjdKa3dMUmxNNEhlN1lSSVZyNlRoM3M5czRtRnlSVGZaMGN6THlwejNkSTRk?oc=5,2026-09-28 11:42,뉴스핌,0,
078930,GS,골드만삭스(GS) 주가는 초과 수익률을 고려할 때 적정해 보인다,https://news.google.com/rss/articles/CBMiqwFBVV95cUxQMG1iLURBMEV5Z1BndHFicklzZDMtbDlPSE1NMjd6QWlFMWpteldaUGMtaURXWnROemFqcmkxTk00N3NDQ1QyZVFScWNGTngxYlk0NFJQMWg2T3h1RFd1MVYyTEhycHQyLWMyeUJnQkxCNnFKVnJrLXdUSzJPbUZDUWJNNzNsLUl3SmVrNEtYZG5WMlhQbE5sSC1ZWXhKZzQ3Q2Mwak5rMC1hR1HSAbABQVVfeXFMTTJtY3p3MkFtRDZhOC1CRXZUWDZqNk9QMlRyTVdaaEJpOXp3WEdWaG1HWXdoNEwySjhpdFJUMlVmTDFXVWJ0ZVhUN0YtTVFzcXh3RVpqV1hHd2Y2bUdCMzB6Ymtfa0RMNV9xeUxmcTROX2x0VGN6d3ZjaTR5M09lOEpydkJwMWRtUVRBbU5meGtCUE9EajdGVzFOTG1FLWtqY3lQMGFSakFZbHZZWnNkbmY?oc=5,2026-09-25 18:36,simplywall.st,0,
078930,GS,"GS피앤엘, 호실적에도 주가 반등 아직…재평가 언제",https://news.google.com/rss/articles/CBMiUEFVX3lxTFBSZkJiWkdiMnhjY2UxeW5ZTlFua0tVMjU1SHVZS2Q0ODYxU2w2ZXQ3RG82MkFjZzZjNlBiT3dxaUZHbUJ5bzMxRlh4NXJpblZa?oc=5,2026-09-17 16:00,톱데일리,2,+반등 +호실적
078930,GS,편의점 잘돼도 부족한 '한 방'…지지부진 GS리테일의 속사정,https://news.google.com/rss/articles/CBMiWkFVX3lxTFBRbDlMRUhxMkNwbWhIM05nQzJSX2EzZ0FlaHRTWTRPX29acHM1WVVSZW9rZXdiWExCbFJibjJpMVozdnRzS19RRjJkdHg4YmNLRU5lbkI2MHh0QQ?oc=5,2026-09-17 09:53,한국경제,-1,-부진
078930,GS,Goldman Sachs Group Inc (GS) 주식 움직였습니다 하락 3.93%에 9월16일: 투자자가 알아야 할 정보,https://news.google.com/rss/articles/CBMijAFBVV95cUxNVnIyUWxDclNuRUxhWUtsdGhXNmNEaW5BUG1mYlkzQm9WUjhmWkx4LVJiWmhyaGlBazJ0LUZrRTVUUnVOSjhndGlmeThUZGtkelVMTlBlTXpjRF9MakR5akFQQnk0eFQwb2ZUd0c0LTE3aS16TllPVHZPLWdxUHp2cS1PcU90cFRwRzZqYg?oc=5,2026-09-17 04:16,TradingKey,-1,-하락
078930,GS,"GS리테일, 주주가치 제고 노력해야 주가 재평가…목표가↓-흥국",https://news.google.com/rss/articles/CBMigAFBVV95cUxOb0xmTmI3VkRvRzlJT3BGeDV1aklrXzlBWjFNb0pMc3UxdElTaXJaQkE1SjktUEF2TkhlRnhPSXhsQkxRd2cteTdLalktdjBpX2x6SHVnVnpKcmFfT21mLXlCenU3WlYxdHJPcFI1STJqRkRDU2k1N0FwSWFmOEptQg?oc=5,2026-09-16 08:13,edaily.co.kr,0,
078930,GS,"흥국 ""GS리테일, 적자사업 정리 효과 본격화⋯주가 재평가 가능성""",https://news.google.com/rss/articles/CBMiRkFVX3lxTFBGVmtCVDFEUUdWVGU0aVk4N3IwTHRZUEp6N0NHXzJEM3Z3blJiSGVjYllLZThUQWJKYjYtREF0Ty1oM3ltR3c?oc=5,2026-09-16 08:07,v.daum.net,-1,-적자
078930,GS,Goldman Sachs Group Inc (GS) 주식 움직였습니다 하락 3.13%에 9월15일: 변동 원인,https://news.google.com/rss/articles/CBMijAFBVV95cUxPdl9odzRYM3l6RHJjMEgzLURhcDNaVXFlMjdWT0JMN1YwZG1Zak9EajFJVVFnNElZTXF1ZGJJeTdjTU5ZZDI2eTJhRXpfQnlLOTRtQ0w5YkxIUHdRUkEtbXRhTXI0eWxNQlY2WS1DdjAtNTlfVXlIZXh6RDBoM19VZ1Rla1NqZDZseDMwWQ?oc=5,2026-09-16 00:18,TradingKey,-1,-하락
078930,GS,Goldman Sachs Group Inc (GS) 주식 움직였습니다 하락 3.35%에 9월14일: 변동 원인,https://news.google.com/rss/articles/CBMijAFBVV95cUxNR2xjeDNHR0dtQnRoVE1nTkxmbVhWazNEY3hTWkVsRktuZmZQYUlDRm9iMGxFTmV3ajYxQWlWd3FoOHE0Z0tIRkhkelh0NUFtb3BWTTkyZ19JclFVQ25FaEg5NThGNUtqVXNaanhZMUYwb1pMMUNzQ2UwSU5MNXU0VTNaRlVXVVR5RXkzNA?oc=5,2026-09-15 01:16,TradingKey,-1,-하락
078930,GS,"국민연금공단, GS리테일 주식 27만6495주 ↓…지분율 9.94%",https://news.google.com/rss/articles/CBMickFVX3lxTE1IR1JuS200bjdFd1MwT2JtSHF5bXdQY1BWRFlIUUY0VUhCQ19zWXgtYlVIMVdCVHdBeEozemxFNk1mUFFvelFBWDNwa2I5TG1nemZPZ1dIQlBLT0ZkRngwc0Q3bnBuVVl4OHd2akt4TzRHQQ?oc=5,2026-09-14 15:20,데이터투자,0,
078930,GS,"골드만삭스(GS) 주가, AI 기업공개(IPO) 관련 역할로 인해 9% 저평가되었을 수 있다",https://news.google.com/rss/articles/CBMiqwFBVV95cUxPdW9Wb29HXzZjVVlVX0FveGUyc095NXdrcUNsRVNfODdpYXgwX3d5cHprVHpKUkJWLXNSVXpIUFVlNzI1dnktd0ZqZjFVdy1Ddjh4dWdxVlRLLW9EUnM1NkZHVGJianZPM3hjcUFYQUpVdVRQU0J2TV95MDE2SFJjMjhIZkNmX19XUVl0RExWVS12NEE5eXNtdGwzeFJWOEMwT01URFhPXzA4NDDSAbABQVVfeXFMT2dZOWZ0NzlXSUg2TmVhQ3FsTm0yQnhnOTBfU1dxM2txVnZtNFBIRlRuQng4WXVreTBFOWNubEFwVi1QRW9hdmNhUU8yUFkzLUZmaWFBaTFzRlViQVA1UjV2WjhURFAtYkppa2tJWktWT04tVGIwTDBrUGJUX1E2QTdpSHV0VnJycWdiRVF1OXpQOEdzdEk4YWdsZE82ekVtbDdyUHE3ZkdBZ3RockdwSVM?oc=5,2026-09-12 18:27,simplywall.st,1,+저평가
078930,GS,"Shopify(나스닥GS:SHOP)는 여전히 저평가되어 있는 것일까, 아니면 이미 고평가된 것일까?",https://news.google.com/rss/articles/CBMijgFBVV95cUxOVjBkSVBrZlhZeElFZkx5TlAxYnNzUEFydkRtaHQxNU9MV1JpVjdzeVl0Y0laTk1jZWdweGpjcEpNUHg2QUl4Sk5ZRFhaS3N5aVNMZVRoSWRueF9tTGtFM05rWjA4bXpQMjhnMkRxdmIzVkt0bGF1QnBBRVpLc2NGeWktSWdDV2o4MTF1M0RR0gGTAUFVX3lxTE9KM1d6S3gzck00eHRFZks3b01UWi1oTTZqTjc0U3pLaVplTFlLV19pT1JQanZYT19DRERXeHFyeW1oUlM3eXBGdE9aUnhWRVk3NXFzaXhGbE1kVExiMHhqanhtOXhwQTlFSXNHNGRHdXF1LUFFT2RYOEVfc09fUzQ2THNxWWhwQV9Hb3JZdkpaZDFXMA?oc=5,2026-09-11 10:08,simplywall.st,0,+저평가 -고평가
078930,GS,"네비우스 그룹(나스닥GS:NBIS), 소버린 AI와의 계약 체결 후 주가 과대평가될 가능성",https://news.google.com/rss/articles/CBMimgFBVV95cUxQQUJhYTFIZktHQlNEN2xDLUdaTFpoUmJIaGpRTFNBX2I0WGtzVHdkd2FnR21PcjI4VFFURl9MUmsxU09ib2FCQmx4XzJxNlUzUmRzZlhoS3l0c204bXM3N2JJRlNGS3FwczY2VFlHdFYtLUlmNFV5QTdBeTI4Z0NhRTQtcHpIeXp5UTdRR1QwZXFicXFaU0x3UWtn0gGaAUFVX3lxTFBBQmFhMUhmS0dCU0Q3bEMtR1pMWmhSYkhoalFMU0FfYjRYa3NUd2R3YWdHbU9yMjhUUVRGX0xSazFTT2JvYUJCbHhfMnE2VTNSZHNmWGhLeXRzbThtczc3YklGU0ZLcXBzNjZUWUd0Vi0tSWY0VXlBN0F5MjhnQ2FFNC1wekh5enlRN1FHVDBlcWJxcVpTTHdRa2c?oc=5,2026-09-10 10:40,simplywall.st,1,+계약 체결
078930,GS,"IREN(나스닥GS:IREN) 주가는 과대평가된 것으로 보이지만, 성장 전망은 여전히 견고하다",https://news.google.com/rss/articles/CBMijwFBVV95cUxPT09MYnRrYk9IaEFwTFFDMWpLaUIzOG9ON0g3WkQ1ZW9ZRjBnR0xNcHplSXE1aWUtMlpoak9CX21JcG5kc0Vkc0t5NjlKMllLM05uZUxsWnNPeGhNU2NuWVpkSjJWUmlzRExha0NMZTBaaS1uMTlKRlJ0YTRLLXcwdlBkOG42c0t5V1pCMGNjRdIBjwFBVV95cUxPT09MYnRrYk9IaEFwTFFDMWpLaUIzOG9ON0g3WkQ1ZW9ZRjBnR0xNcHplSXE1aWUtMlpoak9CX21JcG5kc0Vkc0t5NjlKMllLM05uZUxsWnNPeGhNU2NuWVpkSjJWUmlzRExha0NMZTBaaS1uMTlKRlJ0YTRLLXcwdlBkOG42c0t5V1pCMGNjRQ?oc=5,2026-09-10 00:24,simplywall.st,0,
086790,하나금융지주,[공시] 자기주식취득결과보고서,https://dart.fss.or.kr/dsaf001/main.do?rcpNo=20261001000085,20261001,DART,2,자사주 취득 — 유통 물량이 줄어든다
086790,하나금융지주,[공시] 현금ㆍ현물배당결정,https://dart.fss.or.kr/dsaf001/main.do?rcpNo=20260724800419,20260724,DART,1,배당 결정
086790,하나금융지주,[공시] 주요사항보고서(자기주식취득결정),https://dart.fss.or.kr/dsaf001/main.do?rcpNo=20260724000294,20260724,DART,2,자사주 취득 — 유통 물량이 줄어든다
086790,하나금융지주,[공시] 현금ㆍ현물배당결정(자회사의 주요경영사항),https://dart.fss.or.kr/dsaf001/main.do?rcpNo=20260723800641,20260723,DART,1,배당 결정
086790,하나금융지주,"“올해 순이익 4.4조 전망…하나금융지주, 환율 하락에 CET1 비율·환차익 ‘더블 호재’”",https://news.google.com/rss/articles/CBMib0FVX3lxTE1QSUtqbG1WVHRGdFFxdnRZVWt5X19rUlRBeHVZc0ltX1VZM3pTMG9DQmVBd3ZIeWNMYkFVazN6RkNMb1hCVG53ZUhWWkZFSk9fUHhsdFhWVWVCNXNwdmgxM29fUlk0bXlxck90WkxhNA?oc=5,2026-10-07 19:11,뉴스퀘스트,-1,-하락
086790,하나금융지주,"[리포트 브리핑]하나금융지주, '3Q26E Preview: 외화환산이익 기반 방어 그리고 주주환원 기대' 목표가 160,000원 - 다올투자증권",https://news.google.com/rss/articles/CBMiXEFVX3lxTE96RTFxcm1sWENOVlFNV1hrX1ZPRmRZd0JDWUsyaUF5aHduUzlTNUdEQURxMnRRd0xIWmV2c0tMY1YyVGVoN1VEWHFWaVpYR2JpWDVRVWVOd0tUSkVX?oc=5,2026-10-07 13:39,뉴스핌,0,
086790,하나금융지주,"금리·환율 쌍끌이 수혜…하나금융, 4분기 실적 반등",https://news.google.com/rss/articles/CBMiWEFVX3lxTE1TWXJ3ZEF1c0pWS2RPTmJpcXlhX0pvU3ZzRDFjdXdiNFZlXzdPWFJ0MGIxWm5mYlVQWDVSbG9EVjNCeFFGVm45OFBoX2F0TklNVEpsRzZWLWk?oc=5,2026-10-07 10:02,경제타임스,2,+수혜 +반등
086790,하나금융지주,"SK증권 ""하나금융지주 원/달러 환율 하락으로 3분기 순이익 늘어 투자매력 높아져, 은행업종 최선호주""",https://news.google.com/rss/articles/CBMic0FVX3lxTE9TZDRSYmR4NEdBRHBFRkM5SnIwdzJUR05GUFR4T3VONDBSdWxLSjZSdkdrSFZUMThneU9BUmozZHFUSlNUNDl5ZDk2MjZJaU9jMk81OS15VVJ4UVppR0xpZXN3OXQ4cFpONTBhS05hMnRmRzQ?oc=5,2026-10-07 09:32,비즈니스포스트,-1,-하락
086790,하나금융지주,"4대 금융지주 주주환원 10조 바라본다, 금리인상기 주가 기대감도 유효",https://news.google.com/rss/articles/CBMic0FVX3lxTFB1WDJidERVMy1ReG9sYUhFSGlaWUdkdW4zX1NLVXVMblhrSXBIS3VMakJXcDJ0aTZyalhITnctcUNlY0ZpcHgxWXBIVXVVaTNOTFUxUTBkQkwxcFJKRHQ4N3cwN3piMFZPUWl6TGRlWmREdzA?oc=5,2026-10-04 06:00,비즈니스포스트,0,
086790,하나금융지주,"하나금융지주, 3Q 순익 1.23조 전망…원화 강세에 1500억 환차익",https://news.google.com/rss/articles/CBMiZEFVX3lxTFBKYno0djVfVExyMXZrcjJVM1Ffc05OTExpczVsUmVxelNTcDRMTWI0Y1ZVRmZiYWRBOXpBWlpqRW85QTlCOE9BU0xyQUpMcldKelhVMUxtYmNVdDhGdFFyUDJoaVc?oc=5,2026-10-02 14:18,PRESS9,1,+강세
086790,하나금융지주,"“하나금융지주, 원화 강세로 실적 개선… 주주환원 확대될 것”",https://news.google.com/rss/articles/CBMiaEFVX3lxTFBHQ1JPYmxIaExucVNNUGQwUEgxa1VDd3cybWlRNUh0c01BZ0FYTm5JYVVNSDktNHVrS2k2SlF6UmVSQVBhWl85ek5lM2dzVENXdFZ3M0VaRmNncHRyNUtrSU5URUxFdFRP?oc=5,2026-10-02 10:16,주간동아,2,+실적 개선 +강세
086790,하나금융지주,"하나금융, 자사주 매입 마쳐…소각 뒤 발행주식 1.9% 감소",https://news.google.com/rss/articles/CBMibkFVX3lxTE8wbDNBR0tZVGc2N3V0RmRpRUQxcVlnVlRTNTBqVms1LWFsd0dJOVJhWEpMY3JadUI2YWNOOTV4ZUZzMXBmdXRvUGQ2NnU0Y0VMVzYyanBoTjBoZ3lOZGZqTURUQ0RfNS1PYS1zdEZ3?oc=5,2026-10-02 10:01,이포커스,2,+자사주 매입
086790,하나금융지주,K-밸류업 2년여…4대 금융지주 주가 두 배 넘게 뛰었다,https://news.google.com/rss/articles/CBMidEFVX3lxTE1OVU5aWkZQWFdoY2U3UXhWU2d2UkNueWU2M2lFa0hYUTdfbFZWOU5zdTRxNlBadFZFOTV5ZWNIUmJFdHoyai1aY2hJZzdPYkh0emxEZ1lYX2w3YUFPTFNVbFBnLTZxUUgwUkJfYkNVclNQR2NV?oc=5,2026-10-01 16:36,파이낸셜포스트,0,
086790,하나금융지주,하나금융지주 13만원으로 3.92% 하락…상반기 순익은 사상 최대,https://news.google.com/rss/articles/CBMibkFVX3lxTFBmTFp2Z3o0T0xfZkltRVo4eGpyUDJvNW1oLWNnTjRHUmx0MjZPbmQ0UWdqOG93OVotN0J1YXl5eDU1dnM2V0pKVE1MWHRKRWtGZGlfOG5ydEFZajZBQjdJcGoyTnJ4OV9uRHlSTFhn0gFyQVVfeXFMTTAzWGZhdHR0NW5tZHdZa0lLSXB0a1M4dVBBejZ4UVM5YWlHbG1FcWp6N3lFaGxVbmtsRzc0SzlGdWwwQmVCVHlXdUhKeHZBTmVDV3NYb1VWcEFqbVlPNS1rUkp6cW9rMEhtb1FTNFQ2TGFR?oc=5,2026-09-30 15:47,잡포스트,1,+사상 최대 -하락
086790,하나금융지주,"BNK證 ""하나금융지주, 이익 증가 속 저평가 지속…목표가↑""",https://news.google.com/rss/articles/CBMieEFVX3lxTE1TcDVaN0k0UVBKbXoxSVhjQWlTWE9WMWhfYzJKelg0NjFnZGhsRHF3UEM4Y25HWXk1MEJRMDNmazdvMk81dU9IcUpmYi1ZalRNMWlFMVBuSDFtdXQzMl81Q1ZHaDZtLXUxamtiVzlYY29NQklqMEg4Y9IBeEFVX3lxTE1TcDVaN0k0UVBKbXoxSVhjQWlTWE9WMWhfYzJKelg0NjFnZGhsRHF3UEM4Y25HWXk1MEJRMDNmazdvMk81dU9IcUpmYi1ZalRNMWlFMVBuSDFtdXQzMl81Q1ZHaDZtLXUxamtiVzlYY29NQklqMEg4Yw?oc=5,2026-09-30 09:01,뉴시스,2,+이익 증가 +저평가
086790,하나금융지주,"BNK투자 ""하나금융지주 목표주가 상향, 역대 최대 실적에 올해 총주주환원율 51% 예상""",https://news.google.com/rss/articles/CBMic0FVX3lxTFBhMDZOLTBUZ1lCMnJXS3lYMVhVMTNQeGIzMWk0Ny1RdU52T2cwOTFqazV2cWh1dTNFcjJGX3RiMXJxMk93MFpyN0hLWUFQYWtNcUpQdHllYmlVV0xIZTNTWHRsRU1sUldFVTRyay0xNktaeDg?oc=5,2026-09-30 08:58,비즈니스포스트,5,+목표주가 상향 +최대 실적 +목표주가 상향
086790,하나금융지주,"주가 지지부진 카카오뱅크, 윤형호 대표는 나홀로 81억 돈벼락",https://news.google.com/rss/articles/CBMif0FVX3lxTFBmdnRTQTdaS1JIVzNNTnZjbFlubm1MQUNnZnZLSGd2MXEyaXFZUUpOcUtDNVMxZVhELUlOa0RQQXJ5aHRTcjJKN29nS2ZFclhMbFlVcEM4SWlzd05kb3dHZHVneVNUNGVqZmRCWWJTcjNPS3NfQmI5bVB4QWlBTUnSAXNBVV95cUxOLWZPd1A1Y21OYUlkZjNJZTJmbGluak1Db0NoUEE5dUZrSFM0NnRoclJPRjdFbW5pR3M2REZBZ2h4RENaWUFiVlRfdlNjd2tzaGI4Q1JWQVlfT1BSZ3FrUTB0TW9adjU4XzFBRExLcVJMRUJV?oc=5,2026-09-23 06:00,realty.chosun.com,-1,-부진
086790,하나금융지주,"주가 지지부진 카카오뱅크, 윤호영 대표는 나홀로 81억 돈벼락",https://news.google.com/rss/articles/CBMif0FVX3lxTFBmdnRTQTdaS1JIVzNNTnZjbFlubm1MQUNnZnZLSGd2MXEyaXFZUUpOcUtDNVMxZVhELUlOa0RQQXJ5aHRTcjJKN29nS2ZFclhMbFlVcEM4SWlzd05kb3dHZHVneVNUNGVqZmRCWWJTcjNPS3NfQmI5bVB4QWlBTUnSAXNBVV95cUxOLWZPd1A1Y21OYUlkZjNJZTJmbGluak1Db0NoUEE5dUZrSFM0NnRoclJPRjdFbW5pR3M2REZBZ2h4RENaWUFiVlRfdlNjd2tzaGI4Q1JWQVlfT1BSZ3FrUTB0TW9adjU4XzFBRExLcVJMRUJV?oc=5,2026-09-23 06:00,땅집고,-1,-부진
086790,하나금융지주,3분기 실적 기대감에 금융주 강세…ELS 과징금 등은 변수,https://news.google.com/rss/articles/CBMiaEFVX3lxTE5aN0Z2SExyZlpCbnk0RDlISVk4RUUzUW5hNGQ3aGdqei1BaHBpQkNxNHBNMXdKNlJzN2Y4d0p5aDF0NkhpNVZzd3N3Q0M5WFJ3aERUTHRrcTNqeERoWHp5eXdFV3FRRDNJ0gFoQVVfeXFMTlo3RnZITHJmWkJueTREOUhJWThFRTNRbmE0ZDdoZ2p6LUFocGlCQ3E0cE0xd0o2UnM3Zjh3SnloMXQ2SGk1VnN3c3dDQzlYUndoRFRMdGtxM2p4RGhYenl5d0VXcVFEM0k?oc=5,2026-09-22 14:44,매일일보,-1,+강세 -과징금
086790,하나금융지주,"우리금융지주, 외국인 279억 순매수…은행주 중 유일 3% 상승",https://news.google.com/rss/articles/CBMiZEFVX3lxTE5LWVFQV25teGQzMW9QQUhDYkZ1NU14VzBtMVQzdTc0amN6SXNQbmtZLWQ1d1BYc0k4d0lBOXZ0WW1KS1ZWMmZYVFEyVmY0REg3T2V4dWk5ZmxmOGM0bElRa183Njk?oc=5,2026-09-21 15:28,press9.kr,1,+상승
086790,하나금융지주,"“지배구조 일단락, 이번엔 주가” 임종룡, 자사주 사들인 배경은 [금융지주 밸류업 점검]",https://news.google.com/rss/articles/CBMifEFVX3lxTE9ZRFFDUzFmRnNoRmVTdWstYkt5amZIODlFd25CLW5hMDV4bXpJTkdmajg2QUIxUm83VFotcDJOTmpKMzNVWHA1dnkwZWRhYTZlSVhiZ1pTbGxsQlV6a095dDRqRk5IaTBERTJwbnIxS1pXb2RzZElHelo2N0c?oc=5,2026-09-14 00:00,한국금융신문,0,
086790,하나금융지주,"[리포트 브리핑]하나금융지주, '최대실적 전망, 주주환원 리뉴얼' 목표가 190,000원 - 키움증권",https://news.google.com/rss/articles/CBMiXEFVX3lxTE5wSWVmOU9Pamo3NUNfYVI2LUcyQXVUZlJqdVpFUFVzSVBzNWNMTktYM1h2ZHRnUHNfb2FaWTN1c1J4d1g5NWhwZ3hsZnRScEFhbXhBWFpoRGV1cEJL?oc=5,2026-09-09 16:00,뉴스핌,2,+최대실적
086790,하나금융지주,"4대 금융지주 회장들, ‘밸류업 세일즈’ 나선다...자사주 사고 해외 IR",https://news.google.com/rss/articles/CBMib0FVX3lxTE9tR29pODNCQmxlTG40dVVfSEZXYmFLRVR2R0pkaGliSjFpUEF1LVlSTlUwakhjUGhPZTFOMGZoekFxaUNCV2VwTXlRTC1Xb0NUMTFFbDdGUGNLckJyZ1pPc1czQTJqS1UzNmE5Y3R3QdIBc0FVX3lxTE0tWDE5RFV3TjZjMFo5WUp1UldTQmc2Qk5rS2RvVkgtb2Z3YlIydTY4elJGRDdKQk5kYkhmVF9DSVRNVE1sZGxwVzUxbm5pVzJZYUNFeWdQR2tmWGNuTUo4OGh5cWpRWXBwNnJFeVBUV180X00?oc=5,2026-09-09 15:51,데일리한국,0,
088350,한화생명,[공시] 유상증자결정(종속회사의주요경영사항),https://dart.fss.or.kr/dsaf001/main.do?rcpNo=20260930801232,20260930,DART,-2,유상증자 — 주식 수가 늘어 기존 주주 지분이 희석된다
088350,한화생명,한화생명 주가 130원 하락 후 장마감,https://news.google.com/rss/articles/CBMidEFVX3lxTE1aMHlscmRhWmZpd1ZKZ2V2OVdJQ1o1TkRHT2RydDczRU9XNjEwN0trQndBdmxHc0Z2RUhvWDBoaF9oQjQ1SHRJbkNjX2NQWV9pQVBYemJPZDVLLWxrMFZLdVlvMGJReGl0WUVmOFRXNGU3dncw?oc=5,2026-10-08 15:39,아시아뉴스통신,-1,-하락
088350,한화생명,"한화생명보험 김종원 상무, 소유 주식 수량 1000주 보고…소유 지분율 0.0001%",https://news.google.com/rss/articles/CBMie0FVX3lxTFBMQXNTS0VMaFdkd2RrQUJZd0xZQk5zTXktV19CbWg3VkwtS21XTlNMT3NGUUtRZV9vMG5ZLTRBalpyLWJwLXBZUC1TNk9GT0lOdExhZHJ2dFNhU2tjQ2FTN25ZR0dlRmVKUFBvbEd3cVRObmRIdDhBYjRrSQ?oc=5,2026-10-06 18:23,디지털투데이,0,
088350,한화생명,한화생명 주가 상승 중,https://news.google.com/rss/articles/CBMidEFVX3lxTFBYREttVTcyc0ZsMzFMZms5OEFLT3c5SzNuTTQxcGRMMzdjSzl2YmxHLXh1V195eDdwMWtndzBMZWFMQzZqUjMxenM3UjI1NFBBekE0ZGhZdE1hR1JRNWJHTEl0blctVDNQd3dLRTJZTGF5Ympw?oc=5,2026-10-06 15:33,아시아뉴스통신,1,+상승
088350,한화생명,"국민연금공단 등, 한화생명 지분 6.63%로 1.06%포인트 확대",https://news.google.com/rss/articles/CBMicEFVX3lxTE1SZWp1WS12N2FUNzRhLUYtUWNHeXE5ZE85T2tMaUZDdnVjQ0F5UVFaVmJrSzM1VG9YcFhXZEpCeWNMTmVhMWhqV0k1cDZST0JvcGNtMDUwODFCVXdGdUh1WWVvb2l3M1A1YjMxTUtYWEk?oc=5,2026-10-02 16:36,데이터투자,0,
088350,한화생명,"한화생명보험, 주주 국민연금공단 측 주식등 보유 비율 1.06%p 증가",https://news.google.com/rss/articles/CBMie0FVX3lxTFBfcDVKazJXMk1jSko1RzgzUHNrd1pCT0llMVhsZXFRa0R6T3NiR2xxQXhkekR1cldGYUpyV3ltbklPbWpuSXpwSDFxa1pSWDlKejZvQ05zSFRlWmlUZVJCQ05KLVZ1Y19IWmhVNVV2YTVIR1l6Ujg5M2pMcw?oc=5,2026-10-02 15:53,디지털투데이,0,
088350,한화생명,"한화생명, 애큐온 4400억 인수…풋옵션 부담에 자본비율 우려",https://news.google.com/rss/articles/CBMia0FVX3lxTE0yX2xMS3lYNV9JdmRWMkxaOE1UYTI4b3JiZVBkNU1HS3dfeU5BejhiSS15Qy1CZUdUeHZWUVItNWFoM1R3bVlOWEFmOF8zQlBBWnh4Yy1uWFJYMEJBQ3c4R08wVXktekx4Q2lF?oc=5,2026-09-30 20:03,한국신용신문,-1,-우려
088350,한화생명,"한화생명, 애큐온캐피탈 지분 50.54% 4400억원에 취득 결정",https://news.google.com/rss/articles/CBMie0FVX3lxTE41Skl5ZnY2Ni1pSjdSMTRmOFZEWVJGUlltWElTTzhvT2tnZUZCSVVfbzRkZHB2dnFYZ0F3alpNYjY0amlvaGtTX3M5V3lBN2tOZ1VVOVlhRFJTQjdzS3hwQ1pqWFRsdmxTMURtbHZ2MTB4N21DNHZPb0Vuaw?oc=5,2026-09-30 18:26,디지털투데이,0,
088350,한화생명,"한화생명, 애큐온캐피탈 지분 50.54% 4400억원에 인수",https://news.google.com/rss/articles/CBMicEFVX3lxTE93bU9oYy1PZS1CT3Foa1Q3QjVmTVFyaU9ORnpoYTRsTktzZnpscEFqMDVSeUV0cGtNd3dTQjBGLTdObjhUWS00cFliOTQxbnY4dGV2TkFNWlVKcWFhYmRyY3JPVy1jdFdpdGlmOS1pRjA?oc=5,2026-09-30 18:15,리드경제,0,
088350,한화생명,한화생명 주가 하락 중,https://news.google.com/rss/articles/CBMidEFVX3lxTE5VbDBhLXZJeEJLQlI5TTBGb3E2WTFsRDFtT0Nxb0ZLYTQ0WEVnbk9mcTZHWm9OODhLTmljV3pxNjg1RTVoNW9vaDhnOHJsVmp6VThZaURxWkpqQW1FdlkySWQ1TURxUkhJUi1DTzUzbE5LSnRM?oc=5,2026-09-29 09:20,아시아뉴스통신,-1,-하락
088350,한화생명,한화생명 주가160 원 하락 후 장마감,https://news.google.com/rss/articles/CBMiYkFVX3lxTE1jeFFybWZNeVZQT0x1UFpBTU93dlpacS1OcVJUQTB5MXMyN1AzVGcybV9TZDRVYWprczc4TGw0TVJyN1FPa0VnMV84RUNNc0h1MnlieHJndldLNWNVdmRPdFNR?oc=5,2026-09-22 16:04,아시아뉴스통신,-1,-하락
088350,한화생명,"9년째 안 판 한화생명 지분…예보, 올해는 매각 나서나 : 네이버 블로그",https://news.google.com/rss/articles/CBMijwFBVV95cUxNZUFEQlJHdnVYVDc2YWRjbjRmRGtKOXBqQ2RLWV94UkxRbGF0N2hKdHlQRk5VZnQxTmI5Yl9uczZVRmRqd1dLLXVVWGxQbHo1NUpMQUxNV0xrSWsxOXpvdWJXeWluNEZvUy0xMTB2VFVfNE9vaUxBeFhueXRKZEtsaEZDOFFkMmFTaWlaOFFoaw?oc=5,2026-09-21 14:46,Naver Blog,0,
088350,한화생명,"9년째 안 판 한화생명 지분…예보, 올해는 매각 나서나",https://news.google.com/rss/articles/CBMiT0FVX3lxTE5Oc3hKX19OQnlGTUxLNlBJWk9QV2p2X05GZXRtVkVmYVItRmdxNkFsaGpfaEotVTRMbmhqTlhGMHdiRWxEZHR3VWNrS0QwaXc?oc=5,2026-09-18 12:17,딜사이트,0,
088350,한화생명,"'저PBR 낙인' 한 달 반 남았다…한화생명·손보, 밸류업 해법은",https://news.google.com/rss/articles/CBMiXEFVX3lxTE9sTFhBeHJGT18ydVYxbk05bnVmaDdSUUdaOHFqd0pVZmRodmtjQ1lJcVFwTVY5TnQ3bjlhZUd3eWc3SmZkdmpRNWI2eVQybmVoWlY4amczU0ZrcG9q?oc=5,2026-09-17 16:25,뉴스핌,0,
088350,한화생명,"예보, 남은 공적자금 회수 앞두고… 서울보증·한화생명 매각 '장고'",https://news.google.com/rss/articles/CBMidEFVX3lxTE5wODFMbWx5TmJWdXdHTjBTdGhSSUtYbWJuSkFzRHlMV19FYU52WVhLcmJFQXpKZnY0dmNyZHRoeWd0SHRvQnZMTUoweXlWMFhXOXpBMFpwUmpXeDBsSEkxZ0c2TVdPV3l6SjNQTnVzS2dMcWxo0gF0QVVfeXFMTnA4MUxtbHlOYlZ1d0dOMFN0aFJJS1htYm5KQXNEeUxXX0VhTnZZWEtyYkVBekpmdjR2Y3JkdGh5Z3RIdG9CdkxNSjB5eVYwWFc5ekEwWnBSald4MGxISTFnRzZNV09XeXpKM1BOdXNLZ0xxbGg?oc=5,2026-09-17 07:09,IT조선,-1,-적자
088350,한화생명,한화생명 주가 130원 하락후 장마감,https://news.google.com/rss/articles/CBMiYkFVX3lxTFBHT0ZpV1dfOW42TEFkR0NvS1lpWVZ0T3RQSXM0VmRlNWFEeFZIaUJITWNvV2ZtTFl2RHh2LWxCWlJJRVNtNWdOOURqT3J6ME9US3ktaHpMMHJJSENLYWlydHV3?oc=5,2026-09-16 16:01,아시아뉴스통신,-1,-하락
088350,한화생명,"3040부자 절반 '자수성가형' … ""주식 열공해 월급 수십배 불려""",https://news.google.com/rss/articles/CBMiUkFVX3lxTFBTb0JGMXZLRDltS1U3cmFXV1RhdnNGVUdBU2J0WDREV25RV3l3UjFidVliZ3BTQk0ybnFYQjhabXVFcDg3TXluYzN2NzRBRWIyNEE?oc=5,2026-09-14 17:55,매일경제 마켓,0,
088350,한화생명,금리·제도 개선 기대에 보험주 16% 들썩…한화생명·한화손보 40%대 급등,https://news.google.com/rss/articles/CBMiaEFVX3lxTE0wQ3h0bW44OTR0SUd2bFVHaTZfOEJGNlVZRXQ4Qm1hRjAtWjNEUmp1TjBfZi1hdy01VDczazRwYXVGdE1YTmYwUDFjaW8yMjJwOW1uYVFsNFRZWE5vNC0xazNrNVVTd2NY?oc=5,2026-09-14 07:00,CEO스코어데일리,2,+급등
088350,한화생명,한화생명 주가 10원 상승후 장마감,https://news.google.com/rss/articles/CBMiXEFVX3lxTE5mbk16Q3p5YTliRlJ6amdza1NsWm53aHUwYmdfU3pReDdfTGlSQ2dmSW1xMXduMkY3NlJqa1ZvUGlwMWhURm5ILXcxZUE4dVNOVVl6Q3htNUlVRmI5?oc=5,2026-09-11 15:57,anewsa.com,1,+상승
096770,SK이노베이션,[공시] 단일판매ㆍ공급계약체결(자회사의 주요경영사항),https://dart.fss.or.kr/dsaf001/main.do?rcpNo=20260928800380,20260928,DART,2,대규모 공급계약 체결
096770,SK이노베이션,"SK이노베이션 주가, 10월 8일 장중 161,000원 0.88% 상승",https://news.google.com/rss/articles/CBMickFVX3lxTE56SjZBSUdPNG96dXNocVdTMFk5SkZNQUY2NWtpMjNtcUJXb2dPSlpnbHhxdjVvVEVmbWF6aDJISTd3ZXFMejZ5YVdsekZNa01aS1RRMURiak5SZUl1ZkdIc0o0OE8wTG8zWlpxcnRTUlplUQ?oc=5,2026-10-08 11:31,TopStarNews,1,+상승
096770,SK이노베이션,이브 게임 해석 메뉴 아이콘 뜻풀이,https://news.google.com/rss/articles/CBMigwJBVV95cUxNUWVtaHZYa0g0TlRoNlhHTmdINDNZRlVsSmxRcU1rckF6U3lJLVlIeWVNOE1SX2FScmd1YmVVU0hqYy1RWUxNVkswNkZQSFh5SUpKRzgtRXpmaEUtdEd2LUpMSnBoYXhlaERMclJoTFN2d2JTNFNlLXdqUHpkbFFoM0ZTal9SajdGNTRCQl9qR3Qxb3BhekRTN2FzNktMc3ZyUFBzY2JhUUVxSW9hR0oxMDR5QUp3ZThYUnhNN2VRRzRKeDlMNHJWWUhpTm5LUzFBUHVLbGg2TmNBOVpSZURUdUNGU0xlOGxuMEJRcDZ3NkMwTHI0eGV5WmVYTVBUUEJQRi1V?oc=5,2026-10-08 10:13,Calgary Roughnecks,0,
096770,SK이노베이션,"DB증권, SK이노베이션 목표가↑…""새 고객사 확보 가능성""",https://news.google.com/rss/articles/CBMiYEFVX3lxTE8xZ09Vb3VHU2NNZHJPNlN0VXgtaVJ0ZDlwYUNaS3Y5azIwUTl2QWhuT2ZfTWJKdkl4LS1ha2hWMHlKSVhHZFhjLWxFaHZOUEp3ODZYV3Itd1hfRUx0OU1hetIBYEFVX3lxTE8xZ09Vb3VHU2NNZHJPNlN0VXgtaVJ0ZDlwYUNaS3Y5azIwUTl2QWhuT2ZfTWJKdkl4LS1ha2hWMHlKSVhHZFhjLWxFaHZOUEp3ODZYV3Itd1hfRUx0OU1heg?oc=5,2026-10-08 08:22,연합뉴스,0,
096770,SK이노베이션,"신한證 SK이노베이션, 정유·윤활유·E&S 호조…목표가 24만원",https://news.google.com/rss/articles/CBMiWkFVX3lxTE9pWFpUaTNjRXlBQWVMY2otWDctVVZiWDZrUlN3S2Vjc3JUY3NrLTIyU1dIZVU1eUxKTC1mUlVyZk1QdjBKYlJMTklEUVlqT1B2QnEyaXJiZG9QZ9IBWEFVX3lxTFAzbEJPWGVjSFh4Ql9vSEVZR3ZoaW9jM2hxdHc2TlFtNEpuRWw1X3JrOWNOUzR5cm5fN2lpakFMRDVDbHVLcS1Ic1J4NlhZdklSZlBaVmxfTFU?oc=5,2026-10-08 08:21,아주경제,0,
096770,SK이노베이션,"SK이노, 윤활기유·정제마진 강세 지속…증권사 목표가 잇단 상향",https://news.google.com/rss/articles/CBMiWkFVX3lxTE5VNVNwcHdjMWc4WjhfWDh1bGs3dGlScEpIZllleDk2bkRCLVJtYjN0cVFFcUI2cDhwUzJJV0JsZnFLaGE0VGpkbXMxVGduSHlqYXktUVc0US12QQ?oc=5,2026-10-08 05:59,파이낸셜뉴스,1,+강세
096770,SK이노베이션,"SK이노베이션 주가, 10월 6일 장중 153,200원 0.52% 하락",https://news.google.com/rss/articles/CBMickFVX3lxTE9IQm8zWTl1cWN1LVVFdzVubU5GbVAxNjFWdHRCSFFtR3F0QXBodmQ5LU1zNGNVV1R0djJ6ellXV3JBX3hCeFBWcnRQajRrejZCYnh2akZuQUNlU2kwM1FSMzc1c3lkaTBBRVFDQjFaMlBzQQ?oc=5,2026-10-06 10:56,TopStarNews,-1,-하락
096770,SK이노베이션,"[그룹 PRS 진단 ①] SK, 7조 조달 국내 최대…배터리 집중된 잠재부담",https://news.google.com/rss/articles/CBMickFVX3lxTFBueGRRTThSbVRXZkZEYnBhS3NXZ3d6TWhPQlcwNTYxUVhzSDVwaUNqQzJleGozUnIyd09XR0VYWm9kcWtaZ2pnMmZYWGwtMnZjQ2lfZzFKWS1XbnhpbFVYNGhnSmFzS3VYeU4xc21Td3NIZw?oc=5,2026-10-05 08:00,KB Think,0,
096770,SK이노베이션,10월 1주차 SK이노베이션 주가 큰 폭 상승 마감,https://news.google.com/rss/articles/CBMickFVX3lxTE8yZVlDcGgtZTFxOGdkWWxvMS1DQW1FN2hyeWQtYkk2aTdERl9hNDRPTGZTVVdHQ1ltSnE2M0xlNWhEZ0owc056TGxRcWJBM0hOSnQxTkEzbWVpb2o3Q0ljY1JKNWdvVExxRUppWGlLX2xVQQ?oc=5,2026-10-03 12:00,중앙이코노미뉴스,1,+상승
096770,SK이노베이션,"[오늘의 주목주] '고유가 수혜 기대감' SK이노베이션 주가 8%대 올라, 코스피 기관 매수세에 7천 선 강보합 마감",https://news.google.com/rss/articles/CBMic0FVX3lxTE9qdFNNVzZaWU1kbmlDNnRHTllqOGRjYzBaZTNLZDJWajlWaGdWamxNMzR6Y1JCc2FwckF4VHg1dFVXOHNDVWgyaFBvSjg0b2drM2ZkdXd4dkk4M0FnakdkNjZXaTFydHd6SHRiRFhaOFB3M2c?oc=5,2026-10-02 17:56,비즈니스포스트,1,+수혜
096770,SK이노베이션,S-Oil 7%·SK이노베이션 5%대 상승,https://news.google.com/rss/articles/CBMiZkFVX3lxTE9qREFzVV9KcnhGOTlkZUJuaXNZNTZOZEJfYTJkMXJhdGIxMUtCY196NDVIRlJlaXRRS25WWWNWOVU0cGlWeFRENlhXbXNZVm9fZkppUXZYeWVQLXc3Y0JQSFVhSnJlQQ?oc=5,2026-10-02 11:04,비건뉴스,1,+상승
096770,SK이노베이션,"SK이노베이션 주가, 10월 2일 장중 147,600원 5.73% 상승",https://news.google.com/rss/articles/CBMickFVX3lxTE44OFIyd09wMEgwU1NYUDJRRldDUDJIclNJejRoVnU3cncwZUZXd0FhNU8wZVVKRGdScUs3UW9Mc3M4dlBLbXVZU3lxa2MwWXE0NEowVWc1YXRleWcza2tYVVc4WjVUZkRoSnZaamRKbmFEQQ?oc=5,2026-10-02 10:35,TopStarNews,1,+상승
096770,SK이노베이션,주유소 먹튀 토토 - 주유소 먹튀 토토,https://news.google.com/rss/articles/CBMicEFVX3lxTE5BOGVIOU9GTnpmMmJ0OElCUXRuLUgzV2J6QWxPU3ZnNFZxaGdsaEtjdmFrWnNGT1FuUmxDN2Q1RUJBdlZubTZlTk5fWmJLVXpCWTFLQ2FoeE1PeERNUFVobTJyYTRwVzdJamllbnQzM2s?oc=5,2026-10-01 17:21,Calgary Roughnecks,0,
096770,SK이노베이션,"[이주의 관.종]SK이노베이션, 올해 사상 최대 실적 전망",https://news.google.com/rss/articles/CBMiT0FVX3lxTE5HMFROMWJxWHVpYkJGaFBKR1dMNlZhMFhiZ3pQWEk4ZnJRWExCclVTRTE2a3lWQkJIeVhOcTdEeUhOQzUyNnNVWGwybDNFcEk?oc=5,2026-09-30 07:42,v.daum.net,2,+사상 최대
096770,SK이노베이션,"[오늘의 주목주] SK이노베이션 주가 7%대 내려, 코스피 외국인 매도세에 6870선 약보합 마감",https://news.google.com/rss/articles/CBMic0FVX3lxTFAzZVhKcVBlTEJDS3JlNkJ6SEkwYUt6cDJpQUVWRjJLWGJvc0FjZGVTaTdEVmFMYUQ4WDBocnByNC0zVnVFRVRNNEtBS1F2RldRdGVEdms2ZkNCZ2FuVXI2VG05bkRxb2VieWIzU0VmVTdJTlU?oc=5,2026-09-29 17:47,비즈니스포스트,0,
096770,SK이노베이션,"SK이노베이션 주가, 9월 22일 장중 139,200원 1.07% 하락",https://news.google.com/rss/articles/CBMickFVX3lxTE93SzVLc0VQR1RFRnpFM3VDNGQ3V29NckNiZEkyT0xTb2p2aDdzZkZ1dzJraC1Ka0JXVDVFZDY2bUR1WmRRZWtFTmR5NVhHU3Q5SUIzaFJRSEZTX0pEUUNtZk9SNmZmdTVmN2xJUkZOZnY4Zw?oc=5,2026-09-22 11:19,topstarnews.net,-1,-하락
096770,SK이노베이션,"SK이노베이션, 올 영업익 사상 최대치 전망에 주가↑",https://news.google.com/rss/articles/CBMibkFVX3lxTE9hLVdHZkNoU2hHMGMxZUJpaFBiczl4ZThxbURqVF85TGpjZjlmWXcxUHczSy1jMkhCUzE3M2Q4TjVQVmU3eHRRbVBUVG9Da1lEVlo3X3N3Q2pjTTdTeEFNMmJtVjZDLVZiZE9aSVRR?oc=5,2026-09-21 09:55,gukjenews.com,2,+사상 최대
096770,SK이노베이션,[핀포인트] [SK이노베이션] 공모가 85%↓…SKIET 합병 우리사주 논란,https://news.google.com/rss/articles/CBMiVkFVX3lxTE9tUUtVN2doVTdUb2EtdWtnWVdXbjJjWmJGTVd0TkJGVEtfNHIzVm9pWnU2cVg3VHFYN1JWdnlueU1NbjZqVjJSOW1ManctRlc3dVNpVXBn?oc=5,2026-09-21 08:00,DealSite경제TV,0,
096770,SK이노베이션,"SK이노베이션 주가, 9월 18일 장중 137,000원 1.72% 하락",https://news.google.com/rss/articles/CBMickFVX3lxTE5objdpbDFvRHExSTRDXzY4d19pbjA3SVBpVl9NYlAzT2lVdGRiWGszTE94Qk5zMDFGNF9tSWxKdWZON0tTMVhZaUFmb3prU29BT0lnOFBQMngxYmM3bk40SVI2dkJ0VEViLTVQRTA3RzhSUQ?oc=5,2026-09-18 11:14,톱스타뉴스,-1,-하락
096770,SK이노베이션,유가 급등에 역래깅 우려 해소…살아난 SK이노베이션 긍정 전망 |,https://news.google.com/rss/articles/CBMidEFVX3lxTFBhTFQ4WUZSOWlIdk0xWmd4eEM0WjJCTklzaVdGd092TXlaQjJnMU5BRV93cEtEdkd2ZUNJWHV3ZDFEcllBVkFNVGRjRmtsZjVFMzBXUVFRRE5fSjdlRFJuWFlySjQxTjFwNDBqS1pxSV9zc0NR?oc=5,2026-09-18 08:51,연합인포맥스,1,+급등 -우려
096770,SK이노베이션,"SK이노베이션 정유·배터리 호재에 주식 외국인도 담는다, SKIET 합병 악재 뚫고 주가 반등 기대감 쑥",https://news.google.com/rss/articles/CBMic0FVX3lxTE1vbU9wRGN6NGtfLW1NVmdQdjFVaVBoeGJTbGVkSVdJdV81VnUzT2c3MGhKVWEya2dVcjdpSVZyMk5EMi02S216NzF4WjhKVF9tbnlCaGREOFlteHR2NGtCRjZkSV9lR2tVMEZIODBVTVUwbkE?oc=5,2026-09-16 16:58,비즈니스포스트,1,+반등
096770,SK이노베이션,"SK이노베이션 주가, 9월 16일 장중 137,700원 4,000원 2.82% 하락",https://news.google.com/rss/articles/CBMickFVX3lxTE82ek1RdDhkVTd0cUp2SGs3T050UkZTbFJRa3FSY0QxZTktOGp0YTFZbHpqSkNjanFYaVpfQjRmVk1xV0hCaXlMTS1lOFNHMkVtTGxKZTlPNlotT1F1emJ0bHFQRjdTalRMRkpiY2NUak5iZw?oc=5,2026-09-16 11:07,톱스타뉴스,-1,-하락
096770,SK이노베이션,"[리포트 브리핑]SK이노베이션, '우린 어쩌면 여전히 26년 이익 체력을 상당히 과소평가하고 있을지도' 목표가 190,000원 - iM증권",https://news.google.com/rss/articles/CBMiXEFVX3lxTE5acFhyQm5tOGpXbnFEUzh4RFB1RkZzV01QNFlTd3lHZllHRlhHeHdDZ3d1aHA5MEhRcHk4aEpkdlNxaHItVzFmbi1MVTI0Tmd1ZENXN1lEVUV4NjhI?oc=5,2026-09-16 09:48,newspim.com,0,
096770,SK이노베이션,'지금 가장 확실한 투자처'…외국인도 쓸어 담는 '이 종목',https://news.google.com/rss/articles/CBMiWkFVX3lxTE5RdlRBTmR5bnMzQWdzTG02akMtX1FwZVZ0elk4UUdrN1pMaUEzbkxpYk5OTVNXdlZER2l3V3VpM2Qwa0cyT1Q2eXBuRnNPM2JoQkROR3VMZmRqZw?oc=5,2026-09-16 08:31,한국경제,0,
096770,SK이노베이션,투자정보,https://news.google.com/rss/articles/CBMiUEFVX3lxTE1lTDFCOWpRT0lpeHRvRzhYRDlhREVpZnVxaE9ha2lPaGtvRG1TbEtVcEQ4Z3ZoVWU0UU1fNnRTV05kTFYtdm1Gb1g0S1FKcThE?oc=5,2026-09-15 14:17,매일경제 마켓,0,
096770,SK이노베이션,"SK이노베이션 주가 장중 3% 상승, 영업이익 10조 전망에 증권가 목표주가 상향",https://news.google.com/rss/articles/CBMic0FVX3lxTFBQaDVhd3R4YnJRR0VWLWM2RWpubExQSTU2TTI2MFJndm1Ld1Y2bEhWbzB6Nnhqc3JXRmNncGxqbUxSbWRpNnBBaTZ4Zks2TlZYVDRmY1BoRjZsSUNMZnFvdVR4bWxDTVVpcXQ3RGt6OElUVHM?oc=5,2026-09-15 11:26,비즈니스포스트,4,+목표주가 상향 +상승 +목표주가 상향
096770,SK이노베이션,"[장중수급포착] SK이노베이션, 외국인 6일 연속 순매수행진... 주가 +4.46%",https://news.google.com/rss/articles/CBMiXEFVX3lxTFA5Z1pRcXpRQTNqaGt5eEFlS1AwY2R4TGlmZTdkUTNPeEFoQjBrOVR2RU1ueDNMaTBnVW5YU1lhbzNhcnVwUE5weG5zTU40LTViOVhjR09PcjdhRFlm?oc=5,2026-09-15 10:16,뉴스핌,1,+순매수행진
096770,SK이노베이션,"정유 슈퍼사이클 올라탄 SK이노베이션, 증권가 목표주가 줄줄이 상향",https://news.google.com/rss/articles/CBMib0FVX3lxTFBteDkycU1IdTFxREFCUTkzWHFaUms0SVdDRHFLSXJYQkNIekRzbERmdERueDI4bElLZno2akp6bmtBVFRxN190anZ0LW9LU2tlb29xUW42VURqUWRtaFp6MHpHMjJTbjVpMU4zei1yOA?oc=5,2026-09-15 10:06,마켓잉크,0,
096770,SK이노베이션,이차전지株 강세…삼성SDI·SK이노베이션 목표가 나란히 상향,https://news.google.com/rss/articles/CBMiYkFVX3lxTE1jSXdJV3ExX2Z5WXA2VVJQNVl4MGEySzVhY2ZELWRzX01JVFBHQkk5SVJZOExMNTh4anZ0QzlaaHRIZU5vTHJBYzNUb0ZXc0RIYUVPeTFqTVI2Y1ZhVXBEREN3?oc=5,2026-09-15 09:57,매일신문,1,+강세
096770,SK이노베이션,“영업이익 10조 보인다”…SK이노 주가 지금보다 46% 더 간다는데 [오늘 나온 보고서],https://news.google.com/rss/articles/CBMiUkFVX3lxTE1VLXBneXBPeHRJYjBrUENnRjAzRHBUM0djM04wMDJkR1VxVGx6UVFQdThrN3Z0RzdqME9ITmg5c3RoRVlBNy04V3JnWXh4OEhjTkE?oc=5,2026-09-15 09:15,매일경제 마켓,0,
096770,SK이노베이션,“SK이노 영업익 10조 전망”…목표주가 20만 원 ↑[줍줍리포트],https://news.google.com/rss/articles/CBMiUkFVX3lxTE5YQl9ZdzdmOG9oOEl4a1dIVWI3SFBlMmxkQkhvd1lkck1WNHhZRmIyUWlfb3F0czZac0dTVW02QnlvMGlBVXg3enpsa1Z0a2FuRHfSAVNBVV95cUxOMURjMnVlMXplT3FaRk1VaG1FX3JNb0lMaXZEWGFaa1RJbW1mMjlnRVFNbHNMcVlza0NTVGxoUXd2bS1wcG9PcFhYRWx4Ny1YM1JSWQ?oc=5,2026-09-15 09:04,서울경제,0,
096770,SK이노베이션,"“SK이노베이션, 영업이익 10조원에 비해 주가 싸다”",https://news.google.com/rss/articles/CBMiT0FVX3lxTE9DVk8yWGhlQXN4ek5lYklscWtrbGdWZlE3c25xNGFrSHZyNHVjZTc2bkdqaWtMZ25XRkhrU2xCVE9lXzVnSFVSajc5REd4elk?oc=5,2026-09-15 09:03,v.daum.net,0,
096770,SK이노베이션,올해 영업익 10조원 전망!AI가 분석해주는 SK이노베이션 (096770) 상승확률은?,https://news.google.com/rss/articles/CBMihgFBVV95cUxQT0NxT1Ywbm9HNnJtWHNwUGQtaTU1a1BzZjBZRi05RF9PQjNWZTAxVnZkNVZwWG5HTDh6QmRjMm12ZDYxb0xzQk1kOG4zYms3ZmlidEVJd3JaMVV0YUNMUVJHQ0MxY29Eb25uZzZ0QlRDWUV1WXRwdVJyNzNFTlRtNURYamgydw?oc=5,2026-09-15 08:56,contents.premium.naver.com,1,+상승
096770,SK이노베이션,"유안타증권 ""SK이노베이션 목표가 상향…실적개선 전망""",https://news.google.com/rss/articles/CBMiUkFVX3lxTFBWR0pVYUJvZWdwV2Nob3pFbnI1VzhfM0h6dm5OdmVDcml3V2lMLVJhNGF6VnBWX2szNlgwbFRkU2Z0ajFYbzk5MkxaVFdoVVhUOHc?oc=5,2026-09-15 08:34,매일경제 마켓,4,+목표가 상향 +목표가 상향 +실적개선
096770,SK이노베이션,"""SK이노베이션, 영업익 10조원 대비 저렴한 주가…목표가↑""-유안타",https://news.google.com/rss/articles/CBMiWkFVX3lxTE5XM3pNVU9wMGNBS2hyYUlPcnNXM0RmR3FmV3VBYnVOS3M5UTdZR3BmZWRoM3ZhR2tLaWkzZzlDRWhwdm9YYkd2SVhGTmt5cmMyUjk1OU9ZX0hvQQ?oc=5,2026-09-15 07:25,한국경제,0,
096770,SK이노베이션,“SK이노와 합병해 자랑스럽나” 성난 SKIET 주주들…회사 “비율 변경 없다”,https://news.google.com/rss/articles/CBMidEFVX3lxTE1UTVFCUFhNcEZzNzhfY3hEbDNhOHlyMFlHNTdrbGhOal9EV3pxUE5xY0loZFVmb0w1VjVYSjF5d21CRUszdHNMYVZXaDhkWFZuX28xbTZ1cHN1OC1GdzhycldEbTR2X1lvcGptNjM5aE9yTG9B?oc=5,2026-09-14 19:02,부산일보,0,
096770,SK이노베이션,"회복은 3년 뒤, 자금은 지금 ‘한계’…SKIET 합병 설득 나선 SK이노베이션",https://news.google.com/rss/articles/CBMi-AFBVV95cUxQdjExWTEzWTA5WkFKTUJMb0FuZ3hjdFpTSnVodXRLa1Bhak53VmR4X3FvWFc4NEc0SzN3bVJZRHpRZG5HZTl2TVMzSm9jLUdDZjdkM3gxYkdUWkpVTWxJTFlqT1ZvbS0zcUR3UF9LQjlGV2xGU296ZHllelJmWW1qUklBeEl2dmF3ZExacVRlaEZqVmI2eGs4WE1uMEpWNkdCa1lVQll1R2Vwa01Ndm5vQl94d1RhR0xjblhQQjd4ckVxVzgydHBodlN1UEZfYmxiMS02VXZEZXBxRUFXZmJmX0pJcUlVWGgtWDVnM3laa2MybGgySmtPUA?oc=5,2026-09-14 16:39,dailian.co.kr,1,+회복
096770,SK이노베이션,"SK이노베이션 주가, 9월 14일 장중 137,600원 4.97% 하락",https://news.google.com/rss/articles/CBMickFVX3lxTE1pZk5vWUJiRTVIZHhCdzBUeGJESVBXYzJ1bXdLOGFRcTlqWGNsZDNFQW0ySExBSDVEc0F6ZEZFcFFZbmdPWHJrYlpDTTVCeEVhMUxNT0h1djVONV8tbnI0UWVyWVRyU3dPVW9mTXhEUzBYZw?oc=5,2026-09-14 11:24,중앙이코노미뉴스,-1,-하락
096770,SK이노베이션,"SK이노베이션 주가, 9월 11일 장중 146,000원 4.64% 하락",https://news.google.com/rss/articles/CBMickFVX3lxTE1Qa3ZVbC02SzhERVdxdFMxUEE1ZDN6NF9nUnpkTW5tZExBOTZtcU1XU0VId2Fua1huVmFwb3NHX2JRTTFxejZqYjZ0YlV4cXZ0c2x5Qnd3dmo0ZG9pUlhCWTl3bEx5T0NsQm5oUWtyYW5OZw?oc=5,2026-09-11 14:05,중앙이코노미뉴스,-1,-하락
096770,SK이노베이션,[핀포인트] [SK이노베이션] SKIET 다시 품는…합병보다 무서운 ‘엑시트 비용’,https://news.google.com/rss/articles/CBMiVkFVX3lxTE1jenZrM3dXQWJIZTVlVnhWUzE3VVQwQ1Z1bXRQUTkwX2ZJWVVjcUxqS3ZDdU5SYVlwclBzM3RreDFycllmaUttMmMyRmFNdlptcmRod2FB?oc=5,2026-09-11 08:00,DealSite경제TV,0,
096770,SK이노베이션,SK이노베이션 주가 도약…15만원선 도달 여부 촉각,https://news.google.com/rss/articles/CBMiaEFVX3lxTFBJMVFfU2pyWWs1NVptcGlXbGFsRko2MDR2U3VnZ0lySEtPT09ZSnkwcXBMOVdtMXpyd0U1MTFhZndwclF3eURaZVE0NWw3Vm1YTnF6T0M1SVpJQWFuYmtwM1JjWDhTc3pu?oc=5,2026-09-09 13:18,CBC뉴스,0,
097950,CJ제일제당,[공시] 현금ㆍ현물배당결정,https://dart.fss.or.kr/dsaf001/main.do?rcpNo=20260810800750,20260810,DART,1,배당 결정
105560,KB금융,[공시] 주요사항보고서(자기주식취득신탁계약체결결정),https://dart.fss.or.kr/dsaf001/main.do?rcpNo=20260723000345,20260723,DART,2,자사주 취득 — 유통 물량이 줄어든다
105560,KB금융,[공시] 현금ㆍ현물배당결정,https://dart.fss.or.kr/dsaf001/main.do?rcpNo=20260723800477,20260723,DART,1,배당 결정
105560,KB금융,[공시] 자기주식취득결과보고서,https://dart.fss.or.kr/dsaf001/main.do?rcpNo=20260716000387,20260716,DART,2,자사주 취득 — 유통 물량이 줄어든다
105560,KB금융,"KB금융 주가, 9월 30일 애프터마켓 169,400원 2.36% 하락",https://news.google.com/rss/articles/CBMickFVX3lxTE5EbHFhbDN6M3VCUkg1WjhON2l3aHFhcVNGdFFvV1VsdDMxUlNEZmdUUVRqVXFHQkQwNVJkakhrem5Zb1JhUzF5RUhwbDg2Rll0ZXMyWi1kcEJncFRFZEdqdXVKdkpoMnNhcGxWdHVpekI4UQ?oc=5,2026-09-30 16:33,TopStarNews,-1,-하락
105560,KB금융,"“이자이익 상승 주춤해도 비이자이익 터졌다…KB금융, 연 6.7조 역대급 실적 행진”",https://news.google.com/rss/articles/CBMib0FVX3lxTE8wUm14SzZmWW0yY3BkRHpMQ29BWWMxeUdqRUxwbVB4WUJZVG9mRDgwWGpxbUl6dThwMXhvYkxMRzJ2bWZucENPQjdnaVNpamVHWWszd0xIeHoweFQtRWJBdjY4VE5BU09OcnhuUnFjUQ?oc=5,2026-09-29 19:04,뉴스퀘스트,1,+상승
105560,KB금융,"제프리스, 호실적에도 채권·자산운용 부진에 주가 하락",https://news.google.com/rss/articles/CBMickFVX3lxTE8yTmhMam16czZDVUtfRXNsS1ZXeEdWcDVOZVlqU1ZCenRZQlREdlBsYThrMkt5bU1CdmQ4TTBOdE00TmFTNUEyREpZR1pXOEhUZjlRNFltVGZ4VFdjMDZGaFpsRnIwSzl1S1pyYmNmN1lSUQ?oc=5,2026-09-29 09:58,KB Think,-1,+호실적 -하락 -부진
105560,KB금융,"[모닝 리포트] ""KB금융, 올해 순익 6.7조 '최대 실적' 전망…주주환원율 55% 이상""",https://news.google.com/rss/articles/CBMiXEFVX3lxTE1zNkZEOUFVMWZib19QV1Q0SUFOSkI0aG1rN1lFajdUNF84Nnh6c1gzLWpOMURobTRiZW1wQWZ3U29GTkEzaWx5ODZDRW81MUN4dXJMc2xrRFcxczdI?oc=5,2026-09-29 09:19,뉴스핌,2,+최대 실적
105560,KB금융,"與 K-자본시장특위, 29일 실무당정 개최…'주가 누르기 방지법' 등 논의",https://news.google.com/rss/articles/CBMickFVX3lxTE03bDVGRUYtZXFwQmxZelRyTHREcVcxVDhwYmZKZkZ2b2lSLUl0cWJjclRjNkVUbEM5VHAtRUp6TjVZdjZ4M3hJYU5SbG9sbEZyU3hqTlBhWVUtZVpLcl9vT3A1MElfRUlMWUFwWUtZbWp6QQ?oc=5,2026-09-28 16:24,KB Think,0,
105560,KB금융,"곳간 여는 기업들…현금배당 확대, 주가 재평가 불씨 되나",https://news.google.com/rss/articles/CBMib0FVX3lxTE5Gbzlpdzhyc0Vvd2VBang1dWowTlp2NWtQSUlHQUxYZ2YtUGJuTXVMRkRLUE1QTFdMXzVwb3NZU1E3aVZrOVZOYTBudlprYnM3Z1JDSmxZX2hwV0dmbWpoNFZQaElNWU0yc2hKSGlBaw?oc=5,2026-09-28 15:25,피플투데이,2,+배당 확대
105560,KB금융,KB금융 17만3900원 강보합…주주환원 여력 부각,https://news.google.com/rss/articles/CBMickFVX3lxTE5vUnZ3eF9JWUtZTW1UbWpPa1hkRENRMmxQQUpPMlVxclp2SzIxSXhOcEk3bGpUMHlrZWpYbjlhV2pwSUJreW1zRzRHZEFlWm5MUTNWUkNGaklZOGhuQlVJekVkMFktaU13a1E5d3pOdUhWQdIBckFVX3lxTE5vUnZ3eF9JWUtZTW1UbWpPa1hkRENRMmxQQUpPMlVxclp2SzIxSXhOcEk3bGpUMHlrZWpYbjlhV2pwSUJreW1zRzRHZEFlWm5MUTNWUkNGaklZOGhuQlVJekVkMFktaU13a1E5d3pOdUhWQQ?oc=5,2026-09-28 14:57,잡포스트,0,
105560,KB금융,"하나證 “KB금융, 실적·금리 모멘텀 부각”…목표가 23만5000원 유지",https://news.google.com/rss/articles/CBMiakFVX3lxTFBGVE5tUjU1MU1QV1IzU3kzVlRjU0ZTaURDOVJjT04zWFQ4RGQ2eGR1YVY2QmNkUlFMRHdfRE5vVjdmellQUzFpd1gySU1WbVpoR0xwbDNib3ZwVHhvenZWd0FnaFdaMU9JaFHSAW5BVV95cUxPT3plbnVUVF9UbzlFLTJJdXVtUExUSnRmY1FUVHljcE0ybEw5TkhmZ3BCalZsLWx0TXlOYmlKNlEyRFA0dk5NVnVUdGNaQ2JLR2U0NkJ2N0E5c3IyeTlWcmhRQTJJQjlmZmlEZnRqQQ?oc=5,2026-09-28 07:44,뉴시안,0,
105560,KB금융,"홍콩·대만 금융시장, '중추절'로 휴장",https://news.google.com/rss/articles/CBMickFVX3lxTE12RVpPdzllY293cnVXMDFDbUhjYzA4MTMtX3I5QThNSzVyWlg4RkE5bkRyV2wxb0VWbFBDcldsWUVsaDBCT1dtYUVqbmotT1JaNVlQYnM3NUFVOXg3NE4zVTI5ZU1iNXducExvN3JxN05KZw?oc=5,2026-09-25 09:48,KB Think,0,
105560,KB금융,"분기 순익 2조원 육박한 KB금융, 주가는 1.54% 조정",https://news.google.com/rss/articles/CBMickFVX3lxTE9UUzV5alhDSjU2UFBnVEZ3QW1mLW5DdjRNc2FHd3dGRnktejN2VXdSTG13RjZrTU9oNVlKdE5LLUM4cnJBZGVyZzdmRGF5SHQzYWVtbzkxUzlaSlcwOHBBY3lGOWVLaTRiUnFvNjVFQUtNUdIBckFVX3lxTE9UUzV5alhDSjU2UFBnVEZ3QW1mLW5DdjRNc2FHd3dGRnktejN2VXdSTG13RjZrTU9oNVlKdE5LLUM4cnJBZGVyZzdmRGF5SHQzYWVtbzkxUzlaSlcwOHBBY3lGOWVLaTRiUnFvNjVFQUtNUQ?oc=5,2026-09-23 14:51,잡포스트,0,
105560,KB금융,"[亞증시-종합] 홍콩·臺, 상승세 계속…中, 지수별 혼조",https://news.google.com/rss/articles/CBMickFVX3lxTE9yYWxJRjdHN2tydUMzQkl1VktZaVNpX1BpekdjWEItOUh2T0lMYW5IS0kybUtvR0ltTW1hRFV1OE1FVzBuazlORkNyeTJNalhrcEszRGh1QjV1M3Jja3dUQ3VacTRLMHM2cU4xYUloQXFVUQ?oc=5,2026-09-22 17:16,kbthink.com,1,+상승
105560,KB금융,3분기 실적 기대감에 금융주 강세…ELS 과징금 등은 변수,https://news.google.com/rss/articles/CBMiZEFVX3lxTFBWVUVfQjgtTWdfWHhyb3dPRDNzTTkyanVUSmtIbUNCaUprdDFIODhuVEpwLWgzNHdLbkZsN0NVaUhmOXV4NkNLSGRUZWhNS1hoeEEteWp1eFFDUGwwSXozZmcyZGLSAWhBVV95cUxOWjdGdkhMcmZaQm55NEQ5SElZOEVFM1FuYTRkN2hnanotQWhwaUJDcTRwTTF3SjZSczdmOHdKeWgxdDZIaTVWc3dzd0NDOVhSd2hEVEx0a3EzanhEaFh6eXl3RVdxUUQzSQ?oc=5,2026-09-22 14:35,매일일보,-1,+강세 -과징금
105560,KB금융,"우리금융지주, 외국인 279억 순매수…은행주 중 유일 3% 상승",https://news.google.com/rss/articles/CBMiZEFVX3lxTE5LWVFQV25teGQzMW9QQUhDYkZ1NU14VzBtMVQzdTc0amN6SXNQbmtZLWQ1d1BYc0k4d0lBOXZ0WW1KS1ZWMmZYVFEyVmY0REg3T2V4dWk5ZmxmOGM0bElRa183Njk?oc=5,2026-09-21 15:28,PRESS9,1,+상승
105560,KB금융,쪼그라든 거래대금·금리 상승 '이중고'…증권업계 실적 타격 우려,https://news.google.com/rss/articles/CBMickFVX3lxTE5ETUx1UU5sdjNzOWpEZGpIczJQUkVYWXFYcWJJWkZLQkRWUWlfaXlzcXZ0SlBsQmV6MjRJSkh2YzNSTEE0SDdCSWNPYllpczN6WWU1cTZsNTRDbzY4TmRIMnFYalA0SFR4ODhCcmRiMkcydw?oc=5,2026-09-21 08:42,KB Think,0,+상승 -우려
105560,KB금융,‘이재근 체제’ 출범에 KB금융 이익 다변화 기대감…증권가도 목표주가 잇따라 올려,https://news.google.com/rss/articles/CBMibEFVX3lxTE12dEswTGh0aGdLV0VINGZnVHZwd1g2WmFKb2xfeTBhbDZtNU9MX0hFeld3bHVDVG9nTUJIdE4zbUM0Mm9GbnI3ZHVMUkw2LXhFT2F4ZlZ2ck1oWXQwSGQ5YWlGSkptM1htcE1RbA?oc=5,2026-09-16 12:34,ER 이코노믹리뷰,0,
105560,KB금융,"KB증권, '2026 KB금융 코리아 컨퍼런스' 개최",https://news.google.com/rss/articles/CBMiXEFVX3lxTE5wVS05UlU1Q2lGXzYzTU5iMGNTaXdaTlYtSEhWcE9DWkhFb0pud2lpbmZNUWJqUFRGRjRKQ0xsOEszTUExTVVhejAxOG96cUJPSG1naFEyUnJHR09z?oc=5,2026-09-15 14:34,newspim.com,0,
105560,KB금융,"KB금융 주가, 9월 14일 180,800원 1.63% 상승",https://news.google.com/rss/articles/CBMickFVX3lxTE1ZZmhGMENfOVVNcEo0Q3lsaDJLcnFJbG94NVNLNmk0T01lLTRjQTJvbWZLbmFqMGRWSFlUVFJfWTZQai1QNFdDVk1TWEx3Q1c0Vi10aFhQUnNMcU5SbzIyS25UdGlRTVhHd2l2ejM3RW8yZw?oc=5,2026-09-14 16:32,topstarnews.net,1,+상승
105560,KB금융,"“3분기 순익 또 사상 최대”...KB금융 목표가 ‘쑥’ [오늘, 이 종목]",https://news.google.com/rss/articles/CBMiT0FVX3lxTE15bjNpSWotZ210WFY0c2lxTGtsMjdQSzBOMEQ3MGozU2dGN2J3QjdoZG1EMXRFZTEwUXVkTDU3WG5hY2FhODVIaGZZcGJWdm8?oc=5,2026-09-14 15:21,v.daum.net,2,+사상 최대
105560,KB금융,"KB금융 이재근 등판 속...실적 전망은?, 장중 주가는?",https://news.google.com/rss/articles/CBMic0FVX3lxTE0wZXJTV3gzQTBuWVNwUUpQQXJ4a1VKZzdxQ1N1YUpXd2RoWXo3SlZzMnB2dkpDaUNoN3huekc4N1lQc1A4alVhUVBoRlUwdUFoQUV1and4MUxoU2pnXzZJendNYWNRLTZvSXlqM1hlOVQ5TXPSAXNBVV95cUxNMGVyU1d4M0EwbllTcFFKUEFyeGtVSmc3cUNTdWFKV3dkaFl6N0pWczJwdnZKQ2lDaDd4bnpHODdZUHNQOGpVYVFQaEZVMHVBaEFFdWp3eDFMaFNqZ182SXp3TWFjUS02b0l5ajNYZTlUOU1z?oc=5,2026-09-14 12:52,초이스경제,0,
105560,KB금융,"하나증권, ""KB금융 분기 최대 순익 또 기대"" 목표 주가 상향 조정",https://news.google.com/rss/articles/CBMiZEFVX3lxTE9pUlg1VU1wRXNvR2lubXVaZHBWck1pZUVjVUlnU041M0tpaG9wbmhhNnpPOURYUTVfVEpjTGlkMjVSdkRwb24zUmR6WksyMHZJZEwwWEtPUEZFLWkwN1c0UVpMYzQ?oc=5,2026-09-14 11:50,ppss.kr,0,
105560,KB금융,"수장교체에도 ‘리딩뱅크’ 자리 굳건... 증권가, KB금융 목표가 ‘↑’",https://news.google.com/rss/articles/CBMia0FVX3lxTE5hSWZVNDN6SjJLS2IzTmlzcTlaNVZNOVNGSGh5UmUtXzA1Um12U29abHpHVG92NUlieVZ4bUVXLWJTeGdudGlyU1hha2xxenhZR2tuZ2NoMlljOW0tVU12UDFieGdzVGlCQ21N0gFUQVVfeXFMT0U3NS1vOEUzWkw0Rlo1eTZGOHc0U2RJeW9iZUtsMDlKLXdGdlpzLWEzbWY3T2pSb3N6cVFCNDI0bE1wUXNpMnlEdW9kenl2bHRJVFhy?oc=5,2026-09-14 09:28,세계일보,0,
105560,KB금융,"하나證 ""KB금융 3분기 순익 2조 돌파 전망…역대 최대 실적 재경신""",https://news.google.com/rss/articles/CBMiX0FVX3lxTE1FRzlBNUg4WU05WXFaZVlpeUFNSV9KRzh3NXRlX2JfUmtmUkhUNzJRNWFscmtWNW9UNFhNWktBc2x3S3ozNHk3WjNVVlRTeHFWZ08tNFFtUXlHVmpTNTkw0gFkQVVfeXFMTUdIdnJ4djE0Sm15T001c3ZlVlAteEI4Tml6OVM0NWdCTnlNdXp1MlB0V3lYS0wwVUU1LTFjWjJLNE00d1pNd2k3SVpqVmNwZXdfajJQX2VsUVVhUW5yS0NZbzE4Tw?oc=5,2026-09-14 09:10,뉴스1,2,+최대 실적
105560,KB금융,"“3분기 순익 또 사상 최대”…하나證, KB금융 목표가 상향 [줍줍리포트]",https://news.google.com/rss/articles/CBMiUkFVX3lxTE5Rd0xTUFhoZEw2aE8zLUc2c1JNdnFLS0RFcXV5REI5WnZBdl9UYkpzekdnNDdZakExdXRTd08xUXhfbDQ2VHJsa3l6RUY4Zl9Pb0HSAVNBVV95cUxQbGhjTjJFaXNZWjFoZ2I3VmIyaC15VUgyWWg3cElzX0lqX3lPV2lNdkp1SXNtNjZpdS1tN2otVVhyS29kRWtPYlFnMzlRMnVGUklnTQ?oc=5,2026-09-14 08:42,서울경제,5,+사상 최대 +목표가 상향 +목표가 상향
105560,KB금융,"KB금융 이재근 ""나이 아닌 역량·전문성 중심 세대교체""",https://news.google.com/rss/articles/CBMiUkFVX3lxTFB2a0dySDVDXzFyTWpZVDBwQnhySFd0YWozREpNdDFPS1d2UUstZk9VQktvcEJIdGVpY3B6b1ZPVmJCWVM2QXprRklmYWQ3MTNuN3c?oc=5,2026-09-14 07:55,매일경제 마켓,0,
105560,KB금융,"“지배구조 일단락, 이번엔 주가” 임종룡, 자사주 사들인 배경은 [금융지주 밸류업 점검]",https://news.google.com/rss/articles/CBMifEFVX3lxTE9ZRFFDUzFmRnNoRmVTdWstYkt5amZIODlFd25CLW5hMDV4bXpJTkdmajg2QUIxUm83VFotcDJOTmpKMzNVWHA1dnkwZWRhYTZlSVhiZ1pTbGxsQlV6a095dDRqRk5IaTBERTJwbnIxS1pXb2RzZElHelo2N0c?oc=5,2026-09-14 00:00,한국금융신문,0,
105560,KB금융,[속보]KB금융 차기 회장에 이재근…양종희 연임 실패,https://news.google.com/rss/articles/CBMie0FVX3lxTE44dDkzOXNtdWNISzQ2ZE1jSk5NRnhfanZJTXI4ZGh4UGhvZk1oR1lpMU5iZmV1S29zcVFuUEU4a0V0UGpDQTlCSHV5VUlfbnplSV82aFhPREQ3aUg4cmt5ckhuSUhvZlRMQWJULVJaMU1ZUUxydXlQZ3NGQQ?oc=5,2026-09-11 17:15,이데일리TV,0,
105560,KB금융,"""KB금융, 업종 내 최고 주주환원율...목표가↑""-키움證",https://news.google.com/rss/articles/CBMiZEFVX3lxTE5CV2s4VEc5aGp0OFNMd0VBV2lEYWQ0Z0MtNmstM1JiUVZVOHVKVGdtakVOX0NaUkVXY1NONzVKNkt2VWYxTm1rQWhtdVFQalN0MHN1TW5yYXZFNnBkS1hod01JMVE?oc=5,2026-09-10 19:07,베타뉴스,0,
105560,KB금융,방어주 부각 속...하나금융·신한지주·KB금융 '장중 강세',https://news.google.com/rss/articles/CBMic0FVX3lxTE1ESmhnZXNqYVNsNHBwckdrWC1KSkpCYlVWcHRYOVI0d1QzLUV2NHozeUtQYU0xMWhLdUpvQWJabzB1LTBrQ2VxZFZqdklaM3hMa29aalRVdFVHVWd5QnZkOEtzNDAwcERxa1VWOHhHOExUamPSAXNBVV95cUxNREpoZ2VzamFTbDRwcHJHa1gtSkpKQmJVVnB0WDlSNHdUMy1FdjR6M3lLUGFNMTFoS3VKb0FiWm8wdS0wa0NlcWRWanZJWjN4TGtvWmpUVXRVR1VneUJ2ZDhLczQwMHBEcWtVVjh4RzhMVGpj?oc=5,2026-09-10 09:59,초이스경제,1,+강세
105560,KB금융,KB금융 차기 회장 11일 윤곽…양종희 연임론 부상,https://news.google.com/rss/articles/CBMiUEFVX3lxTE95Y2ZwZ1p2Y3BkdVZxb3h6TUttdFFHRXQzZUNLdjhoNDExaDV1bEZWc3JpbmhSZUl1dEFrcUFaV3c5UGJOeklCR2xyZEFNX1Ry?oc=5,2026-09-09 16:30,톱데일리,0,
105560,KB금융,"키움증권 ""KB금융, 업종 내 주주환원율 1등…목표주가 상향""",https://news.google.com/rss/articles/CBMiW0FVX3lxTE9UYzBaamRqZGZDTzBIQ2h1MmxraTlzSHdydERyMkkxVFpYS3NZVm1qRnpaaFpnZ3lDR2U0WnhIdGtHUTBoelpMZzJ5b1VyZkhIZ251OGZYZzVEaE3SAWBBVV95cUxPQjZ6MXNxVVNZYXN3emJTdGhmS0pfSm9VbFREck1uM3NZWGg0VnZBWmR0cV9BZnpPVS1wM25oRDM2TFhfSWFRd3JOdjFHdDh2bElyTVlLN0lTMWFqY3BrbHU?oc=5,2026-09-09 16:00,yna.co.kr,3,+목표주가 상향 +목표주가 상향
105560,KB금융,"4대 금융지주 회장들, ‘밸류업 세일즈’ 나선다...자사주 사고 해외 IR",https://news.google.com/rss/articles/CBMib0FVX3lxTE9tR29pODNCQmxlTG40dVVfSEZXYmFLRVR2R0pkaGliSjFpUEF1LVlSTlUwakhjUGhPZTFOMGZoekFxaUNCV2VwTXlRTC1Xb0NUMTFFbDdGUGNLckJyZ1pPc1czQTJqS1UzNmE5Y3R3QdIBc0FVX3lxTE0tWDE5RFV3TjZjMFo5WUp1UldTQmc2Qk5rS2RvVkgtb2Z3YlIydTY4elJGRDdKQk5kYkhmVF9DSVRNVE1sZGxwVzUxbm5pVzJZYUNFeWdQR2tmWGNuTUo4OGh5cWpRWXBwNnJFeVBUV180X00?oc=5,2026-09-09 15:51,daily.hankooki.com,0,
105560,KB금융,"KB금융, 주주환원율 55%로 목표주가 상향 조정하며 투자 매력 급상승",https://news.google.com/rss/articles/CBMiaEFVX3lxTE5rcmpMcjBRTE1DSHJGZ3h0dlNVQTRsOHJiV0hwSkR1WXFWdG1QamVBd1Rrd05YbE9vVmNLZjd4VXlUNHRYX0pMRjhUbWhMejN5YnZGNEp3LUtwWG9iZV9kRlIxQWtnZXp1?oc=5,2026-09-09 11:17,공감신문,4,+목표주가 상향 +목표주가 상향 +상승
105560,KB금융,"“주주환원율 55%·3.7조 보따리 풀어…KB금융, ‘금융 대장주’ 왕좌 다진다”",https://news.google.com/rss/articles/CBMib0FVX3lxTFAtWUxEQ3g1LXloTkZTT1Zjb1lCNkZnOUp5M3Ixang1T1lrQ3ltNGxQN014OGpnOF9ENFdlTWp3QWhpQzcwRURTejIwMVpSZUlGbEV0bjBHaVBGd3QxSl9yLWhxZlNQUU9tVFRPODNkUQ?oc=5,2026-09-09 10:31,뉴스퀘스트,0,
105560,KB금융,"[리포트 브리핑]KB금융, '최대실적, 주주환원율 1등' 목표가 240,000원 - 키움증권",https://news.google.com/rss/articles/CBMiXEFVX3lxTE9SbURnQjRyVWZGNW9uaWRHMEFDT204dUxfWHBndjFhMW5MUVRjc3UtSWRhX0RpT2wtUnUwR2RyM1ZJZl9USzZLYmFLeUN6X1JDZkNXU28zbWxfY3N4?oc=5,2026-09-09 09:53,뉴스핌,2,+최대실적
111770,영원무역,[공시] 주요사항보고서(자기주식취득신탁계약체결결정),https://dart.fss.or.kr/dsaf001/main.do?rcpNo=20261006000337,20261006,DART,2,자사주 취득 — 유통 물량이 줄어든다
111770,영원무역,[공시] 현금ㆍ현물배당결정,https://dart.fss.or.kr/dsaf001/main.do?rcpNo=20260811800745,20260811,DART,1,배당 결정
111770,영원무역,"영원무역, OEM 성장세에 주주가치 제고까지…성래은 부회장 ‘책임경영’ 속도",https://news.google.com/rss/articles/CBMidEFVX3lxTFBMX0xMREdTY0tuczdnR0JqYXBVc0tXWVBneUtRUDBqUWJPTHYwTkh2UWNzeFAtUGlibndFOXNLbUludXJFbTBNRHVCX3hWR2EzZFhFQnhlWDByVVlvcTh6ZnFPcnQxaU5MMTJFM2xmeTZMa1960gFyQVVfeXFMTnMyOVVlQzd5WmJqcjZycFhoTE1OSjVWcWNxWjhqeHdvSDhtXzVuWVZyYWJ5T3RlOVAzS2gzdkpYR184TE9uc1BGM2U0bXpBNVoyMkN5T0pXU25sTllkUjFET0JQeEtDbmZSQldWVWtEODVn?oc=5,2026-10-06 18:47,메가경제,0,
111770,영원무역,영원무역 성장세 ‘탄탄’…책임경영으로 기업가치도 높인다,https://news.google.com/rss/articles/CBMiVEFVX3lxTE5TelM5WW5iRVNpUG94aFpqM1BHOGNzYkgxdmJqQUZRb2xCeU5VaDRFUGpFZTN6bE9odkdFLUFWSTZOcTJpa3pkU2ZheHVQbEF5aGpBbA?oc=5,2026-10-06 18:20,이투데이,0,
111770,영원무역,"영원무역, 500억원 규모 자기주식취득 신탁계약 체결 결정",https://news.google.com/rss/articles/CBMie0FVX3lxTE1qT3hBUmlXTXlTc0ZhaUk3NnFMTHJFc3ZLV2VKN0QtT3BjampPYlBMYUlYVWdiS2d0LVVvNTZfQkdZVndWRVEyWUVfeVo3UzJBV1REbWFobTBiQ01ra2phUmpIcmJDa1N5cjZILTk4OTNhU05ONEUzVllMUQ?oc=5,2026-10-06 17:20,디지털투데이,1,+계약 체결
111770,영원무역,"영원무역 10%이상주주 국민연금공단, 소유 주식 수량 9만8135주 증가…소유 지분율 0.22%p 상승",https://news.google.com/rss/articles/CBMie0FVX3lxTE01YXZNeWl3RHU4MjhjbWFUNENveEI1cnhLYmZKUXZGai1hcWh2WWhYcnlNMFFrRkFBaERlbXFaMkJVRVZWU2NFck8yR0VoSXktYXd0V1pBSXFfRlNyRGhoWXRRblkwTTdlbEFFaGpfc05JcEJNbElKaFA2UQ?oc=5,2026-10-06 14:32,디지털투데이,1,+상승
111770,영원무역,"국민연금공단, 영원무역 주식 9만8135주 ↑…지분율 10.79%",https://news.google.com/rss/articles/CBMic0FVX3lxTE1wUmhoNllCZnBFSWtMNUZQOHBhdkVDVGd1VnppUXpqUlUzQlBXQlZCOFpDZjlHWUZuUnhiMmJSM0FQdlZjNmFPd0NOYzI1VmpMZVExRF91N2x1aUdHVkE2YTgwQ1ltT3hXTllPcGZpcXY3Wkk?oc=5,2026-10-06 14:14,데이터투자,0,
111770,영원무역,[밸류업시그널①] 의류업계 ‘저PBR’ 낙인인가 기회인가… 11월 명단 공개에 ‘밸류업’ 고심,https://news.google.com/rss/articles/CBMibEFVX3lxTE9xUEFNNGFzWVpQSTF2TV9CM0ZuN3FDLXpZWmJ5ZThVUk41WnY1TTZlUDFrQ3dhZFYydGhzb3VnZjZzUUN4blhTT2NOMk5IUVhXQUZSM3diRGFSVWdfX2dFcF9Cb3Bqa0NhWGV3OQ?oc=5,2026-10-04 08:00,economytalk.kr,0,
111770,영원무역,"NH투자 ""영원무역 목표주가 하향, 원화 강세 감안해 실적 전망치 낮춰잡아""",https://news.google.com/rss/articles/CBMic0FVX3lxTE9nUEFtbVc4aHZsaE5zdUNOTHVCZmZRbW5Fa1R6SHhoV1BqU0NzUE5Gd2hSTkZyaUlhdFg1T0hTUzM1Z3I5OGJJUjEyMm9LSmU1bE9VZElJNU5ORFRyNjRLOTExSnJXRmlJODFXVi0tM0pDdDg?oc=5,2026-10-01 11:54,비즈니스포스트,-1,+강세 -목표주가 하향
111770,영원무역,"영원무역, 알로 등 신규 고객 성장…목표가 10만5000원",https://news.google.com/rss/articles/CBMiWkFVX3lxTFAyZnJYYWd2dFkwc2x2OVEzcnNLSllmVzlCRDJaVDREaEZWQmxjVVRtdkZ0T3l3dVlSZVp3RmdzQ1laTEhwenZVNTNTcEw0cXNZUzFnREswa2Vqdw?oc=5,2026-10-01 08:18,파이낸셜뉴스,0,
111770,영원무역,국내 카지노 현황 결과 내역과 현재 설정 구별,https://news.google.com/rss/articles/CBMijAJBVV95cUxOcVlQbWNPRkNZNlJZWV9paFlIdmU1YXJMeUZQZ3MzeDRHZFVaakVKY2VyaTZldjIyWThKYjBRQThqc1Y2ZUJDSmdpV1NOekZEdm4weV8tdVdjY0NGNnIxNmRNZ2VicWhPb0VhOXFiXzVFdDk4NVlpNm8tTU5DT2I2S3pzQ1NoN19MMHBDdHBXbllpWFh3NS1yMFFoR25hRnVHTzFBWjZhc3VWOTduVGNndUtGelhHajNUeF9oVHVxeUtyRGtlallzS1NHcVpfQzZVbDNKTVd5S2duNG5YTFllc20tVE5vMnZYWEhZVXdUeHFGZEtKWUhMUDlUOU82U1Q2bzVWRmdSeGE2MzJZ?oc=5,2026-09-25 01:09,Calgary Roughnecks,0,
111770,영원무역,영원무역 주가 상승...3분기 OEM 매출 증가 전망,https://news.google.com/rss/articles/CBMibkFVX3lxTE9WYjQ5LWpGZTNzbmwycXRieFFBbFBzeE52SVhZal8tSEd3UzFOQzJreTVERnc0b1VvOUNyVDdzUHg1VHJQWjNUQzRuNWJOOWFkZ1llOHdHRERVUnUxRnpjMFBObWtnOG03LWJuVnJn?oc=5,2026-09-21 09:43,gukjenews.com,2,+매출 증가 +상승
111770,영원무역,규칙이 적용되는 순서가 궁금한 토토 퐁사이트,https://news.google.com/rss/articles/CBMiywFBVV95cUxOYUNXNGRzZEdBS2xZMy1JT0E1ekxRZFU3c2RuLTMtVGdYVGxSRklQa0ZDdXVqMjVlbENtWDEyRWY4ZTNVdFdZb2ZZVTZBT0tpODhOOEl5U0h2UkVmcTBIdjJGd2hOMldXUkxBMTVWTGFkSDBaZHVIQlhoS0RxN2wtVGJQaEtxWkNQcS1RQlZKTEViT09QSFBWQ3JZUXMxWHI2OURkNlNRaGVJaEw3RHZ2QWw0MEdpZ0d2RU94ejVuOUtQYmJCbjZRdmMtVQ?oc=5,2026-09-21 02:08,Calgary Roughnecks,0,
120110,코오롱인더,[공시] 현금ㆍ현물배당결정,https://dart.fss.or.kr/dsaf001/main.do?rcpNo=20260806800577,20260806,DART,1,배당 결정
120110,코오롱인더,"코오롱인더스트리 10%이상주주 국민연금공단, 소유 주식 수량 61만231주 증가…소유 지분율 1.86%p 상승",https://news.google.com/rss/articles/CBMie0FVX3lxTE10TVRfZnpBTVA3TElERkg5bXBfYURmUy0ydHpZRTFGVV84NzY2VFgycFVZWVBhSGNPRkg4cEZIeDZMcVFfYWV6d1ZFbHI1UmtxQjVsMWtFMk9qTWxWZVhpd2hpc2liRHU3cWNrd29OTFVuTzNsOXNjUW8ybw?oc=5,2026-10-06 14:41,디지털투데이,1,+상승
120110,코오롱인더,"국민연금공단, 코오롱인더 주식 61만231주 ↑…지분율 11.91%",https://news.google.com/rss/articles/CBMic0FVX3lxTE1OMC1qclYxT0Exd0pXWUVBMVVJT0RvSXowaFAzSnp0ZUthVVlJT0JlVi14bFUzZWR4bDFGaV9NaW8zYVQ2eWZFTkZkLVhNLVdVRWNyMmJLd3R1QzE3Yk1uTldmSmtldXBnQ2VySUFheGJCYTg?oc=5,2026-10-06 14:17,데이터투자,0,
120110,코오롱인더,"[장중수급포착] 코오롱인더, 외국인 7일 연속 순매수행진... 주가 +5.87%",https://news.google.com/rss/articles/CBMiXEFVX3lxTE5YQ2dJZU9EUklOTVJjTUotMVUzbHEzcTFNX1hrMXRBeXVwTTZNb3Jvd01uVTFVYnhRRWxocEpCYUhjS0I3SEFidEM1cWVvMHZ5V1A5YjBPOGxkZ0ZR?oc=5,2026-10-06 11:31,뉴스핌,1,+순매수행진
120110,코오롱인더,‘변신의 역설ʼ SKC 수익률이 코오롱인더 3분의 1 [정답은 TSR],https://news.google.com/rss/articles/CBMifEFVX3lxTE92U29nS05FX3FvNGVyUUlkcGNmel90dmlIMXZnSFJCZzE0dTRqYi1UWjVuc3N0aHhWN1JoT1ZNTTZ2Wi11SHRDZEdpYlZ3R2pMdXBYNGlEcDBCVUhaeklNMWViVjVJNXJqR28zc3I3SEZ0alZVS0Z0YXYzOFQ?oc=5,2026-10-06 00:00,한국금융신문,0,
120110,코오롱인더,"코오롱인더스트리, 주주 국민연금공단 측 주식등 보유 비율 2.00%p 증가",https://news.google.com/rss/articles/CBMie0FVX3lxTE4zYXNvWG9rbmpUYUtzWi15cGEzVGl1QWstblZrblFqeWRCUjdKM0FTdlNkYWdDVDNYbXNPVEFTRG9xS1VUdWx5bHpPVkpqdVJpbHFSY0Myb0QySlBPMDRTZlR1cWgwR3c5NUlhVFRtVHlwdXZrSzNvXy1LRQ?oc=5,2026-10-02 17:14,디지털투데이,0,
120110,코오롱인더,타이어코드 증설 기대감…“주가 85% 상승 여력”[스타즈 IR],https://news.google.com/rss/articles/CBMiUkFVX3lxTE1VT3BhZ0x0QzhSaXNhakR6a2dYOG1GWnZZWW9Ua2dUTVlhX3FzNmU5ejFuYUpyS0JrS2lGQjJSX21nSWw5T0xnMFJldWZ4UFdKSmfSAVNBVV95cUxPdy0xTHBFQ2pBbzN6dDZWYWpqWjdyWEJPaHdaZmc2S0ZvemZmR0ktV2dtWDFrNkNRQjBIQ3J0a1p4TnR5bExTS0RieWQxOUsyQ0ZUaw?oc=5,2026-09-13 16:00,서울경제,2,+상승 +증설
120110,코오롱인더,"[장중수급포착] 코오롱인더, 외국인/기관 동시 순매수… 주가 +5.66%",https://news.google.com/rss/articles/CBMiXEFVX3lxTE1lZEFxTkxOZ1dRb3d0ZE82MnFDUmJ4NDdkRXJtVU1ORkIyeW9DbGREZ2hxSndjOHhCbWpiVmwxeEo3bmZpNWFTVVdlUlpSdXNxUjdGc0ZTRlhUNWJM?oc=5,2026-09-11 11:38,뉴스핌,0,
120110,코오롱인더,코오롱인더(120110),https://news.google.com/rss/articles/CBMiYEFVX3lxTE16a0dqQUVMYTZFQUl1YkxMWjRJZS1DdzhHc1B1UTc0SUJ4MG93M2VWY0RwNC1GV2JaUHpfaTBJWTVwdUhfWEhQeW9JV0dUNFNwUF95TnNDQWhCMF9PUDNlVQ?oc=5,2026-09-11 11:38,씽크풀 AI,0,
161390,한국타이어앤테크놀로지,[공시] 현금ㆍ현물배당결정,https://dart.fss.or.kr/dsaf001/main.do?rcpNo=20260810800633,20260810,DART,1,배당 결정
161390,한국타이어앤테크놀로지,"토요타 시총 1위 다툴 때, 현대차 주가 반토막···상승동력 잃은 ‘K자동차株’",https://news.google.com/rss/articles/CBMickFVX3lxTFBPNUVHRlUxb2FyOVNVVGwyZXJSYTFjV05Lb2VyTThNa2psYXEyejl6dUpjZmUzMXFTemptcjVId2ZPaWt5WkdJcU5uc2d0aG9HRW1GM0RmSTdRQmpOZ2JDM0I3NlM1UDRZRE5rdGtoVUgzUdIBdkFVX3lxTFBlcUlqOS1UTS1QSVphTmJzQmtwZ2M3czkwLWJPbnFrbGlVTC1uWmNoVl9tcHFOLVRGTFNuZ2piR2p3N1RqRHdyMUZ6MzRDa2JZX0JsclBRWTBtMmtTcEdqQU9rUjN6cUJKM3doc3dsRk9ZMTR3ZkE?oc=5,2026-09-28 17:20,sisajournal-e.com,0,+상승 -반토막
161390,한국타이어앤테크놀로지,오늘 한국타이어&테크놀로지(KRX:161390)에 주목해야 할 이유를 알려드립니다,https://news.google.com/rss/articles/CBMisgFBVV95cUxQY3Jab2FxTEhrT2JHM2IyVXA1dDh5c180ODhRQ2ZZNWpOV08wM2VCUUNqR09ieWRuY05TMkY3VC1uTVgtMElWZzJrY0d1ZzljSmNoNzM4dEhMWEhlYlJFZzVPV0tiVUViS0hGdVFNM3FtV2lOSTZPc0JDbkdoWUg4NFB3eGZ1dWhuOUtRR1A4TmtlZ1oySkQxUkV2MVVvaXlBTzFGMl9MdDllRW9TSGtPQjJB0gG3AUFVX3lxTE92NlowY0VHdFdob2xCcjd1TG03dWI1a0wtTnlYX2Y5eVlRWDNMczV0b0ZWY2NsX0VxQjEwcXBiQndaU3ZfSmgwMHk1RzJ0cWs1dDdiVGUyaFpEMnpjZU5GVk5LV3ptNklGU1JNdGNhaktKZFZlb0xUQUxXV3cwTlF0aHFUSlNpeXhpNUVtcEUwdWE5THZuSEtsYU9XR1ZCX0xtelJBX3RZQXdCRGF2b0dkajlRNVRpaw?oc=5,2026-09-11 13:16,simplywall.st,0,
251270,넷마블,넷마블 주가 900원 하락 후 장마감,https://news.google.com/rss/articles/CBMidEFVX3lxTE1WWi1yQ3NHMjg0MlQ3RHkwaTZPRHZaUXBENGVEZzFfRzUxcFgwYmJEUE84dDF6TXBpblRJMV9XNDlHdFBVSU1LWF9Uc1Iwc0R3MUE1TlNoek1oeDdpeEtEVWRlNV9OVk5SZmFRRGt2OGdISzFz?oc=5,2026-10-08 15:58,아시아뉴스통신,-1,-하락
251270,넷마블,아이콘 설명이 제공되는지 살펴보는 넷마블게임즈 주가,https://news.google.com/rss/articles/CBMikwFBVV95cUxQZ2hyUDRYM3dJMFM0Q0NiRThHenREMllpSGFTSjJ0RFkxUFpyNENsQVN6MWx5T1kybFRIdE41TTdCTFdyc3M4dkdwdGlKMDVIdE13dmp1UUE1ZXF6T0N3ZmZWUTVCcXRfYXVkRnkyMk4xT3JiNUMzX0VsOTM5QVdpN0pZRkxycWVDZmNvNHh5Vk1RODA?oc=5,2026-10-08 10:23,Calgary Roughnecks,0,
251270,넷마블,기본 정보와 주의 사항을 함께 읽는 넷마블게임즈주식회사 주가,https://news.google.com/rss/articles/CBMi8gFBVV95cUxObDBGeDA4QWljNURzQ2Z6eDNMTzROYVN2STdRTk5QVzVuaHRLRzREV1l2UUtEV1pNRTFtZk1yOW1TSFF0S3IxMms4Ykk1eW1mZUk4MTVrbnFEYXpMY05XR0FNelY4TXkxRzI2YTFQTGU1YjVacG13VHVJTEZOT2xNZ2FDUFJXZVdQQVU1WDJVUjhoZDFCSEdzbUZpcUtoMk5xODlSN0o2YTFJZ1hqV0k2bVZ4bVZEbjNMcEpIMkdPV0t6by0wNV9BRU13S3BLc0h5SkV5T083SGxHcFlHQjQ5OFB5dXF5SmwyUUE5eTk2S25CUQ?oc=5,2026-10-08 05:39,Calgary Roughnecks,0,
251270,넷마블,36만원에 묶인 넷마블…하이브 주가 하락에 울상,https://news.google.com/rss/articles/CBMiU0FVX3lxTE1KQngwUEIzSnNPZS1YX0RTY3MzQ0ZjaFlabG1icTA5TDc3SjczWDNhanQ2TGdYLTM4NXRYSnRSS0ZTbWQtcGFfaXUwZkY3UTV1X0J3?oc=5,2026-10-07 06:30,네이트,-1,-하락
251270,넷마블,"[증권言言] 하나증권 ""넷마블, 쉬어가는 분기…신작 출시 확정 필요""",https://news.google.com/rss/articles/CBMia0FVX3lxTE9IU3hKbV9OdGNfeVNndk84dGFaV083aUJ6a1RPdzc1QzEzdmlhQV84YTdIc2U2RlBuVzZZMUpmZFhpdlhBRU5zQ0VNcFFTV1Z5cGNxdzVVWTBEeVNaSGR6ckFhRG1VZjU3cERB?oc=5,2026-10-06 22:25,마일드경제,0,
251270,넷마블,“방준혁 빛 바랜 책임경영…텐센트 지분 사들여도 신작 없는 넷마블의 한계”,https://news.google.com/rss/articles/CBMib0FVX3lxTE1pal9HbWZXeUl4eHVNMVpJck9aeTJnOXQycFc2OVh3U1hrLVZrTUlXY09KLW9mdE1xVWViVWtOMGlzb24zOGJmVUxsUnNUSHU0SHhUWVFJRGhTejlsUUl2X0t0Zms0VXRqSUNIZ0VTdw?oc=5,2026-10-06 19:21,newsquest.co.kr,0,
251270,넷마블,"넷마블, 3분기 신작 공백에 컨센서스 하회 전망…“내년 모멘텀 주목”",https://news.google.com/rss/articles/CBMibEFVX3lxTE5xZlRhTGJnU0wyVW1HTm1JU2pyOUUxZUpTWFNzU3I0eTJ2bUZ1cnNnS3B5Mks0TEdwaXV1eVpUQ2VQc003R0NzYmxCanI1SUJJSXpZc3JQV3NRQWN3dGRyaUI3c0hZZm1jV1FMXw?oc=5,2026-10-06 12:23,ksdaily.co.kr,0,
251270,넷마블,[뉴스 앤 데이터] 그룹 총수 48명 주식재산 18.6조 감소…빅3 17.6조↓,https://news.google.com/rss/articles/CBMia0FVX3lxTE4xRG9MUXl1RG0tOWFId2NFRGVyb1h1R1NGRmRsay03bjkxajcwNU9JVWNtMTBBLVN5M2ZmT1pYd00yRmdVaWt3TTctMHBjampFLUIwUi1VZHJjcE1iRzM2TEhiUTJTQVdHZ1l3?oc=5,2026-10-06 11:00,서울타임즈뉴스,0,
251270,넷마블,넷마블 주가 하락 중,https://news.google.com/rss/articles/CBMidEFVX3lxTE5mRm9zVm43Umg2WmpsZlFMcXJUcDNGbFdGRTViQi1kakJ5a2Uwakx3NDJBbmFFWXFKUDFSMHhwNXZkcVlVc1U4ZVNXdkhDUjF5QzV1QkE3dU9nUlhycENUSTdZOFJ0N3F0YUxKUGFGRHVUbWZk?oc=5,2026-10-06 09:42,아시아뉴스통신,-1,-하락
251270,넷마블,(주)넷마블게임즈 주가 한 라운드 안의 추가 단계,https://news.google.com/rss/articles/CBMigwJBVV95cUxORmJoMXhCNnd4V3lqSUJ3MUZJMklBcEZja3lHMk5YX2w0c01TWDlNVFUyaVo2SUIzdUxqZDdrNXltS3ZDVy1nd281WWI0VDBJUjBqYWVXOUJOWjlYVTBEblJJbTVaX2FHNmd4VDNYWDAtMDNJZTVXc2FXM0dtVEhNNzBSNWVuLS1JZERDbkx4Z0RUVnNQSVFoQXUzUXlMakxLRGVVYWJaZWZLUl92SVNUX0FkREY0dkxYdGttS01kQXlQS3JTVWFqbFlENnUyLWRDTzRETUMwVzRycEF5UFI3ZlVuZ21hbGMwZzhWcEV4WlVQQ2dHdmM3ZnZvaS01RXFkR2gw?oc=5,2026-10-06 07:42,Calgary Roughnecks,0,
251270,넷마블,게임 배경과 심벌 디자인을 잇는 넷마블게임즈(주) 주가 테마 해설,https://news.google.com/rss/articles/CBMiZEFVX3lxTE8xNmpCVHJPU01BdVM5RGpFVVl6ejF4NW82MFdRY0lsOWlzclZtVkdDMTZhamZhRDZzVndYNjlRcFdvTktZdXJyNEtfZFFkSjdoMndMeHdQMkFIa3pRSTFvWENGZnc?oc=5,2026-10-05 16:59,Calgary Roughnecks,0,
251270,넷마블,스마트폰에서 글자가 잘 보이는지 보는 넷마블게임즈주식회사 주가,https://news.google.com/rss/articles/CBMiZ0FVX3lxTE5lMFZXU0VaZDcxMUdYam0zc0ItMDVGVm5RM2w0LW4wVWk1VTYtc0dPWTZNRFdqVDhPcVJjeXRiM0t4aHg2b0lreDlOcW1IekhkVkd3UDFGT2ZRcU1WTjgtaG84WVN3UjQ?oc=5,2026-10-05 06:31,Calgary Roughnecks,0,
251270,넷마블,"""넷마블, 환율 하락에 실적 전망 하향…하이브 관련 손실도 부담""",https://news.google.com/rss/articles/CBMib0FVX3lxTE4xbkFRMVgxOEl2VGlvbDdwVDBxMEVrSnJkVTBhVS11enRDejZvNGZ2eGQ0aXpsRjdxeFhRRlFfSDZGZ0pvTUJPVGNINGY2WUVaaXNISEFhNzZ3bThhc09kUWdtUUphRWJDdHdoQVI3dw?oc=5,2026-10-02 17:04,뉴스퀘스트,-1,-하락
251270,넷마블,넷마블 주가 450원 상승후 장마감,https://news.google.com/rss/articles/CBMidEFVX3lxTE84MzZiaV82N01VSm5RZVJ5Vndkem1FalhMbXpCcHBBWkwtcFVrOG9zNUo4cFFkSHFOVEhzNlNocVU0aWlXcUJ1Z2ZUYjI1alZYcnVTYkpwYU5BSDBnbXNxQmZ4dzZVcTlOZWN3Tm5DbHo4NHVH?oc=5,2026-10-02 16:08,아시아뉴스통신,1,+상승
251270,넷마블,"메리츠證 ""넷마블 3분기 실적 시장 기대치 밑돌아""…목표가 10%↓",https://news.google.com/rss/articles/CBMib0FVX3lxTE01N2hNTzlXUFR6WFFickhtRHdWVWN4NXpoa1pheU9FLXgxS19KMXFFbE5OOXl4UDJLZE51bjUtcjlfeTNhbDVkdFBmb2pjQmZGS1NKSjFPVURtTzc0emtvUjlBa0t3ZHNXb0pkSjdvaw?oc=5,2026-10-02 09:31,newsworks.co.kr,0,
251270,넷마블,“도쿄게임쇼 달구고도 주가는 ‘역대 최저’…넷마블에게 남은 마지막 반격의 기회”,https://news.google.com/rss/articles/CBMib0FVX3lxTE5HVk9qeHdMaENsalczYnhfOEhOaGo0NFZ2Y0lRMHJYenY2dDNjdTdIV3hxT1dSY05QREtzcTY2YS0tcDNDaHZNUlNDbnljazNEN2g5cnNRTUNmZ001SnFxMFNmUndNcTNsTFRBejdOaw?oc=5,2026-10-01 15:27,뉴스퀘스트,0,
251270,넷마블,"넷마블 주가 상승...""신작 라인업으로 반등 가능""",https://news.google.com/rss/articles/CBMibkFVX3lxTE5ERjZkWnFkdE42THJzcW12UWVtSC1rUDY5WGxXNnZvTXEtVnVrQ3FBZkdpTUp5MmZ6NXY3NjF3TC1jbFRHOFRWRGp5THdBbG53S3N4U0dSaFRZN2trcHUyc1otcHRKQjNQcU16bFB3?oc=5,2026-10-01 11:52,gukjenews.com,2,+반등 +상승
251270,넷마블,"넷마블, 내년 신작 라인업 통한 성장 가시성 확보해야-하나",https://news.google.com/rss/articles/CBMic0FVX3lxTE9iSVpaeDdTcW5HSURNdlQtQ1JLdGFMYnp4dVpEQUJuTndzQlBESGZKakZCQTN3ZXRDdVJSekc0LW5Bc2pzSjNGZnU4R1FpVXotS2lzVFZZcnh0Vm9SYVYyaWx5TVk4c09RV1NGNUVLSUNkR1k?oc=5,2026-10-01 07:43,마켓인,0,
251270,넷마블,넷마블 주가 상승 중,https://news.google.com/rss/articles/CBMiXEFVX3lxTFBpYmswWWhlbjVxRkxvd3d1d2E1dGpsQ1lMN0wxbnpTSVFNU2ZkcWI4ZGdGaVNOV0t3Q1BMZDJNZGpzQnBiWTczNnNVelBSOUdDOS1aTTU4dmplWGtQ?oc=5,2026-09-30 09:22,아시아뉴스통신,1,+상승
251270,넷마블,"한리버인베스트먼트피티이엘티디, 넷마블 주식 1115만3420주 ↓…지분율 4.70%",https://news.google.com/rss/articles/CBMic0FVX3lxTE8zM1JyVkZEbHJERGR3ZWo1QkpGNmdFSGVhb3hmRGxnTy1NNmdWQlM4MXVFWVZ4UnI0UWpVQzFCVHJKeXkyWUdxZThRVUJGZ2xLTWJYRDBJWkwtbFdKbk9pN2VvamVVdHRpX2xKLU0zQjlGaGc?oc=5,2026-09-29 16:01,데이터투자,0,
251270,넷마블,넷마블 주가 950원 하락 후 장마감,https://news.google.com/rss/articles/CBMidEFVX3lxTFBfVk5DWGFNS0JnLXFzOXlNVnc2Z3R4cFpMblNwbXlYUFdJY01SMkpvYUN5M3lTQTRaMjlNbDJScXVhc1JELXhBYTlwTTVZcXNlbm5vTmgtVnYwU0lndWZfMWtxUUItOVpOOEsyaVBLdGpWcHVo?oc=5,2026-09-29 15:56,아시아뉴스통신,-1,-하락
251270,넷마블,"넷마블 주가 1,150원 상승 후 장마감",https://news.google.com/rss/articles/CBMidEFVX3lxTE9fUFIwSnQ2MklGMmRZZXI0M0pQT0xwa1FHTGVidEJoTU1JQ2dYVl9RQmhYMEN0LXpWX2o3ZEpndkhXQmtIcFNGTzFtaXlLNGs5RkgxYThGM2JzMG13aEtRdHVNZm15cTF3TGpUZ3kwSDd5aXRB?oc=5,2026-09-28 16:19,아시아뉴스통신,1,+상승
251270,넷마블,같은 테마의 다른 게임과 보는 넷마블게임즈 주가 공통점,https://news.google.com/rss/articles/CBMi5wFBVV95cUxNcEFpa2g3TEZPU2M3T0pYY3ZuZGJpS09NdzJvSVRHalB4OW9tdlhERzAxR05qTVdud0xQQzFDUFg0LVR0LXh6LWVxVXdnZHRBT29tWGNuUU11TjFUQ2VxTGY2cUJYV01yQjlOQzFqNk9LbFlJZUcyOWJUOVdKUm1xRGtzUm1qMVZqSkhXX3NLQ0VLaF9IcG1WYzFzaGRVd3VrSHZLTVdWTEJxMzA4czg2ckVJUVlzVEY0UTczaDBYSkxPeHZNVEdEQmxCTjZBMTIzR3N6T3hOa2N4ODRQS2JWMzc3emg3bVU?oc=5,2026-09-25 10:44,Histoire pour tous,0,
251270,넷마블,"넷마블게임즈 주가 의 모든 측면: 장점, 단점 및 활용 방법",https://news.google.com/rss/articles/CBMi5AFBVV95cUxNTXhhekNSR1h1dHV6NjNuSGlVM3hONkVNajA1a2ViTGtVN1dQSHlzNWl6R1BhT2hlYWY2V3p5ZDI1VkN1X1NGdTA5bzNXZzRCM1IwZHJ3UktFZGR2TmM4SEd1a0JONmRwZzlDRHZubjZ2SXkwS2lfSElvMjI5QndURmEtdXhIOXFxRThmTmUyWll4ODFHUWFYUm5JR1Y3VHo1c1hTT0hTamxyUkdWTG90b1laMDJURzhZZUFibHpmTW1JRkZrUnV4MFc1MWFEdkgtdDdRTFc4UWw5SW5keGVORWt1S2g?oc=5,2026-09-25 10:11,Calgary Roughnecks,0,
251270,넷마블,"처음 본 화면이 낯설지 않게, 넷마블게임즈 주식",https://news.google.com/rss/articles/CBMizgFBVV95cUxNVnllNFQ2UGdscHBvYmNkZkppaklJN0owRHlCMHVyaWtpdFdkcW9vZGcxVHVmU2pNUWREcUZiVFh2eVF3eXdoSklMcVdlaEdHMDI0WjhNMDV5UGZLMFVhbWRwcGo5X2lzSWJxamo5UzlaNlZ6and1M0F4Wlg4MHV4TmZrcDJrZkRDTENSLWJybGxlMm10d1J3U0EzNDNxbzEyc2JQRFppV0lwRjFGZWRtcFRwT2FUaEgzUHk0VmtaQ0FDblM3RTY1eUJaaWJWQQ?oc=5,2026-09-24 15:27,calgaryroughnecks.com,0,
251270,넷마블,게임 내 숫자가 갱신되는 시점은? (주)넷마블게임즈 주가,https://news.google.com/rss/articles/CBMiggJBVV95cUxOcWhmUWlHdmhiazR2Uko0S0p0bjU4NXJLWVhNLWN0NDNBanA3NS1YMDZBVm9CdDdGX25zQk54VUZKZklHMU4ybkQxV2RtaUJnYVoyX0NPaUpuY01OdVNFMXJBMGhTUzVneUdMdnUxbDRMa0taamtQTlhiNWg3MlpMU3p6c3J1MUNsdUlHcjVyUzRCVUxySFdLWkJsdWhSZ3FvNllLMXJNd3lGTlp6UlBLaWRTVFczZXU4S2Zfb2VrbEtmWGRqNENXSkFkcXh6amdaNzI0TWxhNC1SaXRLSUxKeDZOUFFhVFlxTHc2WjU3OXgwQ1c0X015dENEUVFzSmhwT3c?oc=5,2026-09-24 04:03,Histoire pour tous,0,
251270,넷마블,"방준혁 이사회의장, 넷마블 주식 1115만3420주 ↑…지분율 38.34%",https://news.google.com/rss/articles/CBMic0FVX3lxTE5tSUxQd0JCTm55RW1QazdzYzhMV0QwMFM1WGFTdW9Kal9QbXdqTjU5OW5OZUFGcHE1TE5WVzVwUFpTVThwRDNZUG9OVVNIaWluQTlsc0VqbmpIUU01dV85OFNxa1JQaUNmbk1MdndOa0lYemM?oc=5,2026-09-23 15:47,데이터투자,0,
251270,넷마블,바닥 친 넷마블 주가…장기 침체 우려 어쩌나,https://news.google.com/rss/articles/CBMibEFVX3lxTE1qT2RGVm8zLWdMNVpLazdrZmhBRkNJX2J5el9aNFZfaWg4Z1BiaEZpMzFGX05EeWZON2hiT1JTS0RydDBsUWo1WGJaRGVEMWhGcDJuU2xVU2tXMWZUSU9PckVkaUE2RC1PbHVYWA?oc=5,2026-09-23 14:43,한스경제,-1,-우려
251270,넷마블,바닥 친 넷마블 주가…시장이 외면하는 이유는?,https://news.google.com/rss/articles/CBMia0FVX3lxTFBlYlhSS0dhalp6b0RQeWFQSUQyZHl0N2ZwZXdJRXZGWXdTRU14RjMzMVhuZ2w1dzQ5ci1iWTRON2hBS3lndkc1OVlSMHBMZmhoX2xjcTZ1U3VabERVaWs2ZzdzUHl5YnlfZldB0gFvQVVfeXFMT0hESDdqOXhYQlVJVVVUeGVJQXcwRlN0SHkyUmpnTE5uYVN4TFJYbFpHMldBXzlCdVJZMmhNc1ByWmIyV2RlblZsVVV4amg2YUxGV3VtejRoWGdYV3hDRWNZRVcxLWpRZTljWkZUelNZ?oc=5,2026-09-23 14:43,한스경제,0,
251270,넷마블,넷마블게임즈주식회사 주가 터치 가능한 영역 확인,https://news.google.com/rss/articles/CBMi3AFBVV95cUxNMjEyaHZOV0YzbkI3ZjlSYzY2ZEZXcFZRb3VUV19UWmRxWmt5TF9DMHpwZ2owTWM1N2RFZTRrQ21vRW8zY19hNVhfamlscTltdUJsbFA3WG9rWTVBODlTR1FhQnNnTGdxVENnMDgwcGxma2FHcVh2cTZqSG1WS0tIUmZkbGIyYmd3NVRDRHBhUGYxRURUaDBjME5zY1ZMNndWb3pVeHhRWEdUYUUwdkI2V2t0LU9oeDRJMU1FSW43RnlPUzdnamtLM25VZzhlY2xRNGxOZkZMbFJ6aWoy?oc=5,2026-09-23 04:10,Calgary Roughnecks,0,
251270,넷마블,넷마블 주가 150원 상승 후 장마감,https://news.google.com/rss/articles/CBMiXEFVX3lxTE9jVG93Uklvb0cxY0ptQzdKdG1lZ210bzFxTEFzWWVMdDQ5SVBBazJvUGNWZjNXUGdIS2hBX1pwS0NWLXhCaW5yU25kaDRxVXFJS0p0Mk85RFVWUloy?oc=5,2026-09-22 16:24,anewsa.com,1,+상승
251270,넷마블,"“상반기 뼈아팠던 넷마블, ‘나혼렙·샹그릴라’ 들고 일본서 부활 쏜다”",https://news.google.com/rss/articles/CBMib0FVX3lxTFBkYV9BV0s0cV9iNkxNNURGaXVSWGJ2SnU1M25tU3lpdlpDaDV5NGpmLWlBZ0xJcjYzQ0ZpZlFZS3JSRURtTmRKcVpZTmM3ZU9jeVVNM2dGbmtZazVWNWRwdm0zTG51M3NyWThBRHFsdw?oc=5,2026-09-22 11:41,newsquest.co.kr,0,
251270,넷마블,"하나증권 ""넷마블 주가 역대 최저가 수준, 신작 정보 공개 뒤 반등 가능""",https://news.google.com/rss/articles/CBMic0FVX3lxTFBUcUw0XzBmWkpfM01Yd1RpZDV0QzBPMFUyRkVqOURlWXN2dzltcXkzbkdxQldpSXRsVTRyXzd5OUtKQ09YbFNvWXFFanRvbjVjVXBySUJqbGZjT2p4LWExenl5cGhpR0N2XzBDZzl4blVod1E?oc=5,2026-09-22 10:13,비즈니스포스트,1,+반등
251270,넷마블,"[리포트 브리핑]넷마블, '확실히 주가는 바닥에 왔다' 목표가 50,000원 - 하나증권",https://news.google.com/rss/articles/CBMiXEFVX3lxTE1VYVQzSHJNbGZkTTJHRFdqUFE1ZGtFMUpma2J3RHJYbF9CSGthLVB6eDJtVVAya3F4eF9nMlZTbnhLS0hSZl9ON2RaZlpmWHNwQlQ4ZHZtR0c1UC1l?oc=5,2026-09-22 08:31,뉴스핌,0,
251270,넷마블,넷마블 주가 100원 하락 후 장마감,https://news.google.com/rss/articles/CBMiYkFVX3lxTE9sUGM5X2hpeTVQN0NhSl9UOGEydGpsX0ZSOTE1MzlaZmxvNms3STVEbldUdHB5d2NCMHVNOHllell5aVhMMlg5OTZsVU83d2NnTWlLQ0VSS20xNlNkM3lCd1p3?oc=5,2026-09-21 16:12,anewsa.com,-1,-하락
251270,넷마블,넷마블 주가 전망 [금주 주목할 게임 IT 주식],https://news.google.com/rss/articles/CBMibEFVX3lxTE1YRl9Ld250amFwV1Q4UlQtb0swelBNWERvVDNCSEI5UngzN3lFRDkydlk0ZUc1cVVfQ0NMUVAxOUVVcFRtR3o1REdIejdhRlRVem9rZFpzdU5oSlI0c2VJTjRkMzJyZ191TnA2NA?oc=5,2026-09-20 11:11,경향게임스,0,
251270,넷마블,마우스를 올렸을 때 나오는 넷마블게임즈(주) 주가 안내 정보,https://news.google.com/rss/articles/CBMi3gFBVV95cUxPZTJ4TERZTkpuejBHU1c3cXN6ZEstbWUzWHgxY0pvTkNBeThYNm11VG8tU0V3ZjdFX3dsendVd1h4R19xX0tTSi12dHRHVkg5UVVZc19OTklXYnlzSk95VUtzWlM5TGhmeWJyNEdVckpGUlYwdTZjOURDRm9uNE9obWQ1NlJ2SkxEZjFsMzZXOWxVVkFmczJTY1UxWXdNR2lFVXJTUktEWWlBOS10SWJ4Vko2RUFRaHBvZEVmU2NxZVVGQkJoWlhzN1RjcDNFVWVEbndTenozeXlid2xLbXc?oc=5,2026-09-19 06:14,Calgary Roughnecks,0,
251270,넷마블,처음 보는 버전명을 확인하는 넷마블게임즈 주식 정보 페이지,https://news.google.com/rss/articles/CBMiuwFBVV95cUxQVVFYQnlLWUNKU1BfZi1yV1FISi1iV3FtR2xxZk1TLUJSdjd4akNqZlZBZmJ1U0VhaC16M21KZk5PbDJWVGh3Zk9lTUpzRmxhdWlyYy1aOU5QWWJoNWU5RlFKOFdzQ2N1WWFFSWxqX25hNzJUQXltUFlUTFlhYVlINUV5dEF5eGxaeVNwVjZMNEJoNmF5QmFhRDJfeVgteTgxM2Z1eWNlYWZ2VHpBdldMcm90bGdKM2J1TzYw?oc=5,2026-09-19 05:33,histoire-pour-tous.fr,0,
251270,넷마블,국제 게임전시회 참가하면 주가 오르나? 아니면?,https://news.google.com/rss/articles/CBMibEFVX3lxTE5ickhXV2E2QU9yV2ZEZ0w5TDY4d2Fsd2dYaDNPbVFybkpBQklGSldTUElack9lOHJNWHlzaUtOWUgtaU4zQUY4eThacERnV2VvYTU1cUE5eEU5REJITUN3TFBfMkRvRHJfSXRPSg?oc=5,2026-09-18 10:10,더게임스,0,
251270,넷마블,"넷마블 주가 1,000원 하락 후 장마감",https://news.google.com/rss/articles/CBMidEFVX3lxTE5oS0ZZRERQUUZ4QVlzd3ZKZ0VKN2pnWU4zYW85NHJhUGppRHgtSEtuZW9ZRFZac1pRSF8wR3hPdS1XZkIwQTdKeEJwa0MzYXNqQ0VtUVNIazVacG8zNzU1NFEwZ3ZPMnBHc3ZCd09jeENDcWNM?oc=5,2026-09-16 16:08,아시아뉴스통신,-1,-하락
251270,넷마블,어떤 기능부터 익히면 편할까? (주)넷마블게임즈 주가 입문 질문,https://news.google.com/rss/articles/CBMirgFBVV95cUxPWjVMY0kybGFnaEJ5OHVpWXAyWnppR0FKbGZ4Uzc0OFhJWUNNaW1TaDZ3eW5TNW5hb0hLTzhodHFSbWRwbFBDQnB3Q2xCV0VxNi1kVkZkV09SOWN1Y3N2bUJnb3pHVUJ4aEo5bnlLc1IyRjM5NGNvQUpNLXBvcGd6M3lXLWxPdk5FemowQmNsbm91LWpVOTN4bDF1RlRTRF9vSW1YUEN4cHlocmlRZXc?oc=5,2026-09-16 14:58,histoire-pour-tous.fr,0,
251270,넷마블,배당표 예시와 실제 조합을 구분하는 넷마블게임즈(주) 주가,https://news.google.com/rss/articles/CBMiqAFBVV95cUxNdkZ4b1hPZTNrclFSMmZvNXhCcW9pdUZDMVBpSVZyWjc4RlEzQTM4bVNvcXRiUWtVZFotMHo3RHJiX2lKdFUtZ2FsYlNZdVFpYWZtdC12MGlRY1ZzQS11bExIa0FPQU5TWXVSalJwM0xzY2RCcVc1WlBJeF9FQTQ3enZhZ3QxRWotSjdqSy1DamhfVTJoNDNjVlk2dmJGbk5SdmtHZ0RpUzM?oc=5,2026-09-16 12:51,Histoire pour tous,0,
251270,넷마블,코웨이 지분에 900억 쓴 넷마블…600억 추가 투입할까,https://news.google.com/rss/articles/CBMiWkFVX3lxTE5TNEtldkp5b0g0SmR5RmwxbVpzX09YVVRqRGFlcXloZEdCMDdGTnVhWF9CN0wzblNkMWFYUUdzSGlCaVNRS2ZUcklfU2R1aWxFempsc3A3eUpaZw?oc=5,2026-09-16 08:01,한국경제,0,
251270,넷마블,승리 조합은 어떻게 표시될까? 넷마블게임즈 주가 결과 화면,https://news.google.com/rss/articles/CBMizgFBVV95cUxNVWNqdllJLTkzNXRCRm1GdktwbVJPQ203dElGZXc1R3NmWWprTjkxNnZ0My03aHdTZDNCcktVaUhBdDBvRzIwSVc5Q3RENFU0UF84TEsyVHl6SGdldEE5TXl6WDdNT1pIMjdQeXNFZnFwT0pFM0JjVlp2dHF1UlFLcTNPN1gwN3JoVV83T0dhSzhFdnFhaHJpZHFQSjZsM0FxQWdQcVJVMndYTzNYQy0tc09Mdk9iMlVpd2NKQWtHaXpVZVQzNkp4RnFwVzVCdw?oc=5,2026-09-12 22:08,Calgary Roughnecks,0,
251270,넷마블,넷마블 주가 50원 상승후 장마감,https://news.google.com/rss/articles/CBMidEFVX3lxTE9GZDVHb1NoaHpOWURwZ0tYSUs5S3ZFQVdJVUhkNjRJWlQtQ2RBaVFxYW9uN0k2TDl2b3JqR0gzZV9kNEZMY18xdFVBaXVoWkdsd2lleDc4Z1BxWUE4MnRYOURwbC1xdTJCQ1Q4RzJZSTJsdUR2?oc=5,2026-09-11 16:52,아시아뉴스통신,1,+상승
251270,넷마블,게임별 기능 명칭을 비교해 읽는 (주)넷마블게임즈 주가,https://news.google.com/rss/articles/CBMipAFBVV95cUxOVmJMTWlEdGJ3bWdrWVR0V2kzSHllRjNoSmdyOWp1bFR3WXlrZVlaWjNpTVdpbERLZ3FKdEtJS243RTFOMmptSHdkOURNYUJ2a29mN3BwUnpGakJxd1JSUGFuU3lta1JtYkY2ZEdKeWpOekoxU0pDU0Q5dnpYOXpqS2luU3dsYkRYZkxrM0tpbGhsLXJ1aFVaWkpjakFPWVNmZ1VfRw?oc=5,2026-09-11 04:53,histoire-pour-tous.fr,0,
251270,넷마블,"넷마블게임즈 주식 5G 시대 감정 관리: 인식, 이해 및 응용",https://news.google.com/rss/articles/CBMiowFBVV95cUxNeFNGSWo0LVVXOEJIeHRNRzBHbEtyUlBkZUtYcmNzRVdncU1zWm10N3pjbm5YX2NTdFg2bDFCaWp0bFQ0THFibHVlRkw0OXVlclhPSGZHVzU5Zm1zcEFqZVhSZ3pZb1JsNFp3ay1WaW1yMVN4Vy1XM0FqVjZOeWk4dURlZnJzWWY5UDlUUmlzMDlHTE1NUllDT1Z5Y3FSQXZ5aHdJ?oc=5,2026-09-10 07:53,Histoire pour tous,0,
251270,넷마블,넷마블 주가 300원 하락 후 장마감,https://news.google.com/rss/articles/CBMiXEFVX3lxTE9iMnBjN01jNl9tcG1mVXRhU0x6T2RMNEJpVll2X3JlcVhMa3dZdFF1eU5odnE4b2lpRHhGTnQxLWsydWtlamMyT3k3eXRKa2liV2VzTXdsdmQzbUxH?oc=5,2026-09-09 19:13,아시아뉴스통신,-1,-하락
251270,넷마블,"코웨이, 넷마블 추가매수 끝…27.6% 목표엔 못 미쳐",https://news.google.com/rss/articles/CBMiZEFVX3lxTE5rVTY2VWx6Ny0wV2pGRFlSM0QxQnZIWjk3dEIwR0tzZThrNTFNWFBrZUE0RHBPUzQwREs2SnRDcDNvZkFaU1lPRXpLLW82ZUE0cEdCM19tc0NiNnFxZXNXUEZlckc?oc=5,2026-09-09 11:27,PRESS9,0,
259960,크래프톤,[공시] 자기주식취득결과보고서,https://dart.fss.or.kr/dsaf001/main.do?rcpNo=20260909000359,20260909,DART,2,자사주 취득 — 유통 물량이 줄어든다
259960,크래프톤,[공시] 주요사항보고서(자기주식취득결정),https://dart.fss.or.kr/dsaf001/main.do?rcpNo=20260729000354,20260729,DART,2,자사주 취득 — 유통 물량이 줄어든다
259960,크래프톤,"크래프톤, 배그 운영 논란 후폭풍…수익성 둔화에 목표주가도 하향",https://news.google.com/rss/articles/CBMibEFVX3lxTE9iUnJRa2VJYmJEMF9IcW95WC14b3M5NEo5V2RzUzAwS3U2Z3BrLVdsUnhrRDhoVFVacjY2cjZ6bTU5RTBXZ2c1QXFEb0FScG5BbmxUZmsxSlRFaGxBMU9qVnZhclJ6Zm5VVmtDMg?oc=5,2026-10-08 18:00,스페셜경제,0,
259960,크래프톤,"크래프톤 주가13,600 원 하락 후 장마감",https://news.google.com/rss/articles/CBMidEFVX3lxTFBGcy0tdlBLRmloZERESGIwRktKcXdhRkJuQjcxcVZiWEVzRnhVTTJ2ZUhTbWhiblh3QVh2aXVUNDhWUnRJMC1iQXcwemdpZ0t2Snlfc2J3a1JGdnl3RnI2dzRad3lHTlpYcE9XZ1hDbUZGTjh5?oc=5,2026-10-08 15:42,아시아뉴스통신,-1,-하락
259960,크래프톤,"증권가, 크래프톤 목표주가 줄 하향 왜?",https://news.google.com/rss/articles/CBMibEFVX3lxTFA4OG94amhrZVlMOU52MjI4amtHVmJURUlHSFV0a0lUUU43aU5zMTh4ak1FeFppWXZwTWIxdmtVM245bGp3NmF4SU9Xc0tBU3ZubnZHRGhZZS1vMDE5LXdJbFpJSEhPWWpkeWsyZA?oc=5,2026-10-08 10:42,더게임스,0,
259960,크래프톤,"KB증권 ""크래프톤 목표주가 하향, 배틀그라운드 트래픽 둔화 영향""",https://news.google.com/rss/articles/CBMic0FVX3lxTFBEeEtweHc5RGtWUmN1ZExwdmxvbjdJZzhrT0QySWQ5MjN4UlRUZFo0ZEVoR3VrR2d3S2ZBQ0JJUWxIOVZrYjZaUkVhWW1sSWdOYWs0dTc3Ym82QUZHcFk5UkJQSW9acThCZGs0LWxoakQ1UDQ?oc=5,2026-10-08 09:26,비즈니스포스트,-2,-목표주가 하향
259960,크래프톤,"크래프톤, PUBG 성장 둔화에 목표주가 '뚝'",https://news.google.com/rss/articles/CBMiakFVX3lxTE9wejg4MElPbnpKQURPSVN3eGtJMVozcy1rMEJBem8wZm1hWnFYUVVIbUFVNldncnd4MmdkNnNIb013NElwRDdKelJxZ3RKMURScURYZDNtaDl0MUZhQUMyU0hzMTBOX0FmTkE?oc=5,2026-10-08 08:38,뉴스웨이,0,
259960,크래프톤,"[클릭 e종목]""주가 회복, 내년부터 가능...크래프톤 목표가 하향""",https://news.google.com/rss/articles/CBMiYEFVX3lxTE9oTnRMVXZ3M2MwTzFaRUxOV053NDR0WmJyTXh2WEVDZVRtZlZqOXVGeVI5d0R3cjNmenQ0VTlqTXNab1FFeHFYRTZKMWtlY1dzYllfd2V5R1ZTYmhzbWtCMA?oc=5,2026-10-08 07:00,아시아경제,-1,+회복 -목표가 하향
259960,크래프톤,크래프톤 주가 하락중,https://news.google.com/rss/articles/CBMidEFVX3lxTE5YcXFuSTdMS196UWpocXIzOGowN0pmbURFUExzUnhqLXF3TDhHOGhQeVlOamQ0bmJPUHJvSE5sS3NnSVh5V1ZBSEx0V3kxVDFGd3RDZ2EwSU1PcXBaeVhpZU9leVdrbGpfM1R2dzRlOHlwLXc1?oc=5,2026-10-06 09:34,아시아뉴스통신,-1,-하락
259960,크래프톤,실적은 최대인데 주가는 제자리…크래프톤 ‘1조 환원’ 승부수 던진 속내는,https://news.google.com/rss/articles/CBMiY0FVX3lxTE9BemUxUC1ZTFNaRGdLVGhfOVJJU25EOTljd3R6b2tuSE1RcEcxTUZyRlNGcmRqOFMyOE03YkxtMlE5SjdWMlpNNzAtZ3llYTZVT2szS0FfOFZxOFd1OS1UUUxnNA?oc=5,2026-10-03 17:27,쿠키뉴스,0,
259960,크래프톤,크래프톤 주가 하락 중,https://news.google.com/rss/articles/CBMidEFVX3lxTFB4VEJQdXhEdkJBbVdQTXgtTlNjTXkzazFHSjdGQVE4SDQ4SFlUSk1fSVU1MU9tY2lZd0piLUxaNldOcHNhekZxS2VjX1Ffc1ZXWVVVU045Yi1rdVdfdGtwcVVSWHdweW40YzJ5dnBHdlpZU2hM?oc=5,2026-10-02 09:19,아시아뉴스통신,-1,-하락
259960,크래프톤,크래프톤 주가 상승 중,https://news.google.com/rss/articles/CBMidEFVX3lxTE5YZFpIenJROXhGN2hwSGxQRTVEeDFJeGVDbXFjUDZhSEZpZUQ5ZVVPNkhMaFFrYzlOaDdDWXI3TEpsS1BoTGkxaFZ2cVZ1b01EaTBWeW1sbk0taFJ3eW16eE5mU0lZcVpFRmFNa3ptNklZeHo1?oc=5,2026-10-01 09:19,아시아뉴스통신,1,+상승
259960,크래프톤,"크래프톤 주가 3,300원 하락 후 장마감",https://news.google.com/rss/articles/CBMiXEFVX3lxTFBuLUhjQmN4MWZPOG9LcXBUT2l1QlpyQThkR0puWWNQRHQzek8zLVFOQWh6azV5LTB5cmphSVNDdTZmRFFQeHMzSXRWYm1EUzFNRzZiVEVJZ0x1ajlZ?oc=5,2026-09-29 15:52,아시아뉴스통신,-1,-하락
259960,크래프톤,"크래프톤 주가 4,000원 상승 후 장마감",https://news.google.com/rss/articles/CBMiXEFVX3lxTE9oc0JsaFptWjBaR2N0WllYbFVLRmluY0NGT1Btb25IdnZpb1lreHlBRzBUbnJxQXJJbFJ5YzR5c1gtdUF0TW1iOUszTEpva09nWi13Vi1Ta1NXTW5a?oc=5,2026-09-28 15:53,아시아뉴스통신,1,+상승
259960,크래프톤,크래프톤 19만8000원까지 밀렸는데…‘방플 논란’이 진짜 주가 악재였을까,https://news.google.com/rss/articles/CBMiYEFVX3lxTE45QlVObDRDajVPc3hBVjJPMEctWlFPdC1vWmp6Nlk1RTJMMnNzSjVsMlNJbVRGVzFsOFJGdVZxTGJpOUQ4QmRWVld1Y0hfeWFzN0VLd0JJS3pxXzU5a2RCeA?oc=5,2026-09-24 16:00,theconnectmoney.com,0,
259960,크래프톤,PUBG 개발사의 시가총액이 약 1억 6천만 달러 감소했습니다.,https://news.google.com/rss/articles/CBMiiAFBVV95cUxQT1dCWmNSR3c2NldjMTI4aWJHWjBjWGFDMUNOV3R6djI0enJMcXlYOTV4LTIxTWNJYUJ0a1pyRDJ4eVdldHZGZWQtNmN2R1hOMllDSXZRWkRLa2FRdHJnak4yaFQtNUFpQUhtenlQaVZQcktBNC0wa1FRZXdVTVlVRndQTnVkTnJw?oc=5,2026-09-24 13:00,Vietnam.vn,0,
259960,크래프톤,"사상 최대 실적에도 20만원선…크래프톤, 증권가는 ‘다음 IP’를 본다",https://news.google.com/rss/articles/CBMiYEFVX3lxTE9HZVlYRDBCTmlGeG9CRXdtQmdiUXpMTDF6STJPWW1Hd1RQQ1lMMjhhbkFnT2E0NXZjdEY0ZEtoWFktdzViTkU5aVlYV3Z6aDZHUmhUbHNib2NHaThwRUwtadIBb0FVX3lxTFBRU1ZBQWg2Z3NldG9KUkg1djlyZUxXWWhsMTFBTkxfZGpaOUIwTGtfRnN6V00tQ1gtUkN1clJ5M19SUGt3U3ZCSlJDYjFjd2h5TzlJTEJsQmczTjQxaXFNeDJodmt1ZnVkNVdVT0liSQ?oc=5,2026-09-23 14:43,토요경제,2,+사상 최대
259960,크래프톤,"크래프톤 주가, 9월 21일 장중 201,000원 1.95% 하락",https://news.google.com/rss/articles/CBMickFVX3lxTE00UGlULW1vd085eEQtNk5jN3kwWWpnU1RhMlZhUmNQQTZyU0VmNjVtekwxaE9aZ2lNeWZhT18tM0RlY2lCd3k2YUhab2dBTko5UWJPMS1RTFp1WVBDM0VwWFVuVTU3akZMWXpsbEdWVTRWdw?oc=5,2026-09-21 16:00,TopStarNews,-1,-하락
259960,크래프톤,역대 최대 실적에도 주가 30% 넘게 빠진 크래프톤…e스포츠 파행에 '넥스트 배그' 시험대,https://news.google.com/rss/articles/CBMib0FVX3lxTE1rZ0llQlFsUWs3TEdWanNXUzFIM0VyYllNYzBkc0EzVjhmTTczMkhoUEpYTDgwS3VIM2phQmhkbmpzMFdiZFVCRDlOVGZjR3lrMWREZkVPdUhBZ0pjcjlqaHhZby0wOFdKaGJVcFR1Zw?oc=5,2026-09-21 16:00,리드경제,2,+최대 실적
259960,크래프톤,배그는 잘나가는데 크래프톤 주가는 왜 떨어지나,https://news.google.com/rss/articles/CBMib0FVX3lxTE0yOFVpa2hOQlQ4dGFpQlhySm55di16Vi1NVnI1enluYjVQLWFOR1VieFZHbUVpTTNwNTFfYzVBcmp6WGdNeHl0TThZNkg2ckpKTEFzejJuUERKTVoxeDgwWDNTMHVHTjVIQmZhWVpnTdIBckFVX3lxTFBDaV9GdlpOVzRFOGY4TTl6dWFZeHIyeXVSenB1NkxocnRNXzAzanRIbEYwZXl1UEtna0VDTnRLTTBjTHNiUFpaeUJlVUNIR0RZWml5TlZodlI3bDhaUF9seFRLdGZTcUw4Qk5XNjJsTkswZw?oc=5,2026-09-21 16:00,강릉뉴스,0,
259960,크래프톤,"크래프톤 주가 7,500원 하락 후 장마감",https://news.google.com/rss/articles/CBMidEFVX3lxTE5ibkFhTXZfMzZlUlVtNW1oVUswVmxubWNtYnNaemF1VjdHdFFaZHhacVhZcHByTHdLVUw2YXBYR2hHbVVyQkpYd0NEZ2pSNE5pSkgyQWh2VzNEdUtCOV9MczQ1di12QmtxNUxvQ0JEbkx0NXNy?oc=5,2026-09-16 16:02,아시아뉴스통신,-1,-하락
259960,크래프톤,"크래프톤 김창한, '배그' 뚝심 결실로…스톡옵션 일부 행사, 평가차익만 362억",https://news.google.com/rss/articles/CBMiUEFVX3lxTE9lYmtZOWRxZEc1X29YV2s0cUd4d1FfWEpWcVJQU2dOU21hUy1BX3hHcHotbkZLYVZ4S1kzUnh4bU5oYUtzQ1I2MzllYTRrUmhX?oc=5,2026-09-15 16:00,톱데일리,0,
259960,크래프톤,크래프톤 주가 전망 [금주 주목할 게임 IT 주식],https://news.google.com/rss/articles/CBMibEFVX3lxTE5TOWItNkp0eERzb0F2UGJ3ZnRSX3BWUFMtNm5LRHhBNTVCYzA4c1l1ay15bXRsaGxhQWxpZFBmOWdBV0I1U1dUOHRzN1FJbjZDOXdNOXRBdlM4dnBqYjZwRHd0WmNkeUpqck82Tw?oc=5,2026-09-13 14:26,경향게임스,0,
259960,크래프톤,"김창한 대표이사, 크래프톤 주식 16만8245주 ↑…지분율 1.62%",https://news.google.com/rss/articles/CBMic0FVX3lxTE1NUXRPenZtNUhueEZ3TVVnMGVRa2dkTVNwNTdQcDhVRE5kYnhteXY5MXJ6M3VXbzhpZUVFZndDVC1BZkFaMFltREZMRkdZOVI3aGFNdExuQ2JtLUNtMGRXN0l4b0VUaEFtemNrU0Yzbzd3S2M?oc=5,2026-09-11 17:00,데이터투자,0,
259960,크래프톤,"“‘펍지 대박’ 다음은? 크래프톤, 패밀리향 퍼즐 넘어 ‘진짜 대작’ 파이프라인 쌓아야”",https://news.google.com/rss/articles/CBMib0FVX3lxTFBVUG1RN0JfSTRxY0w0aWhaM3NLVUZZNzBQb1RJZ09wQzVHM2NQaVJDdVFQMTNlaEZNb2NSTWJhV1ExWXZONndUQWVrRXFHS2MtZGdJSHczREJHbG1vQWtKVWhkVVpLV3c5VnFISjBLaw?oc=5,2026-09-10 11:15,뉴스퀘스트,0,
259960,크래프톤,게임주 침체 속 크래프톤 마저 ‘고전’,https://news.google.com/rss/articles/CBMibEFVX3lxTFBuWUctUWx4LWY5eHk0WHpjemVXbGNhcEhWWTc0U0lYUG5oQjVMcTlSakNWTnVWY2FkYnpOdlVkUnNQdVp5RlpNc3RlY3h0b0VtMHczSnhKaEhrM3pXRkR5RFIxRzdtVkM4NjVudQ?oc=5,2026-09-10 10:42,tgdaily.co.kr,0,
267250,HD현대,[공시] [기재정정]단일판매ㆍ공급계약체결(자회사의 주요경영사항),https://dart.fss.or.kr/dsaf001/main.do?rcpNo=20261006800417,20261006,DART,2,대규모 공급계약 체결
267250,HD현대,[공시] 현금ㆍ현물배당결정,https://dart.fss.or.kr/dsaf001/main.do?rcpNo=20260729800577,20260729,DART,1,배당 결정
267250,HD현대,[공시] 현금ㆍ현물배당결정(자회사의 주요경영사항),https://dart.fss.or.kr/dsaf001/main.do?rcpNo=20260729800501,20260729,DART,1,배당 결정
267250,HD현대,[공시] 단일판매ㆍ공급계약체결(자회사의 주요경영사항),https://dart.fss.or.kr/dsaf001/main.do?rcpNo=20260713800204,20260713,DART,2,대규모 공급계약 체결
267250,HD현대,"HD현대마린솔루션, 글로벌 톱티어 '엔진 MRO 기업' 2억4700만달러에 인수",https://news.google.com/rss/articles/CBMibEFVX3lxTE5KWTVKR05udE1hRVluazZ2NG9UWkpGRDJrNzJXZjktdFRvZ2xUdGE4VU9Ya1BTVU1JR01XbEZsZWlwajQ1LV9TNmRhVl9DZG1WMzRWZ2FEemZ4X0VSTDF6VmxjUG5nbXFuSDVPcdIBb0FVX3lxTFBkbG9GRVhscGxKSDVWWGdIYS1uTGxSVHlXQWJoa1QwU0xybHFTQlJwam8welB4bFQ2djctQkZDejVwYmdCYmwyM1JWYXFpRXNyNVZTZExSNk5Jb3R5VDlwVFFCQ204U2dDZElzZHJKUQ?oc=5,2026-10-08 17:09,데일리인베스트,0,
267250,HD현대,"HD현대중공업 주가, 10월 8일 장중 384,500원 3.87% 하락",https://news.google.com/rss/articles/CBMickFVX3lxTE5Td0ZlRTBzSGFwaENrVXozTUp1bk10b0tHOFJRUlNMUUZjajlnTm5pUUx2TnpSX2ZuZEhZOC1NS0IxSENJeWNZRlRCWGF2dlFoQ2hIck1KS1lldzZKU3VFb3laWTFKSF9tdWJ0M1BYN05qdw?oc=5,2026-10-08 11:15,TopStarNews,-1,-하락
267250,HD현대,"NH투자 ""HD현대중공업 목표주가 하향, 임단협 결과 4분기 수익성에 변수""",https://news.google.com/rss/articles/CBMic0FVX3lxTFBabFlQV2psbUFWV0pCQy11UUZJUEQzVzZsUG8tOU9KRG5SRDFHNmRWN3FGbVJqVUt6czRuTldyemZxMVRUUF9tekRUaG9wLXVQY2tUNnBPUDZDMUZYd3pYYURJVjU2MFM2el9FRHZwS3ZJNk0?oc=5,2026-10-07 10:02,비즈니스포스트,-2,-목표주가 하향
267250,HD현대,"[모닝 리포트] ""HD현대일렉트릭, 3분기 부진 주가에 선반영""",https://news.google.com/rss/articles/CBMiXEFVX3lxTE9INnFKdk1DMG93ZUtaTXdtaVBoZlBIWTA5R1J5OU5GcmE3UEotRDFWRHlsU2U4WlA5ZHlTeDN3TF9xbkI5RW1FdVpwNno2UUdUN0NZTy1jYTRWNWto?oc=5,2026-10-07 08:59,뉴스핌,-1,-부진
267250,HD현대,"대신證 “HD현대일렉트릭, 환율 영향으로 3분기 실적 부진할 것…주가는 이미 악재 반영"" - 조선비즈",https://news.google.com/rss/articles/CBMiiAFBVV95cUxNXzhQblA1YU9kbThjZWZqcjJfblQxNzNOLW9wNFp3ajZiTUxBb0g3NUN3X0NrQWpHYVF0MVpjSFQ0M1RFdUxORFNEMXJzRDd6cVNqWkF2VjZlcm5HRk9GXzRPLXNYejlfZVAySkI4RGJZdnN2bDA5YXdFcnlKRmtveHk1VkJkbzNy0gGcAUFVX3lxTE5zUjdkYl9jY0k5WVR0bk1vczRiV0hqUTVwQUhSV1B0bnI0aFlEU0dBLUJQcm14RmNnb3ZQU0ttQlJhd0RNQUFLZnFZRHJQNGF3Y1hSbnFXaGRqdFlzbEY1WGx3aG1KMWg5U3lhbldhbnl2X1Z2SGtUUmtGUUF0SzdfUy10UXREQWJfZGhUSU8xMmJiZFlVSWpvdmR3aA?oc=5,2026-10-07 08:47,Chosunbiz,-1,-부진
267250,HD현대,"[코스피 현미경 분석] HD현대마린솔루션, 엔진 캐파 증설 수혜로 주가 우상향?",https://news.google.com/rss/articles/CBMib0FVX3lxTE93b2oxODFKWW04RV9CVGxVS1I5ZW02VUhVN2RkMVc1WmZTbE5SY3EzV21wQ1J1b2xsMmRDWVpYMXN2TTc1SjUwbGlnRHcyT0lYUFk5OERtX1QyZk1fWFcxQXFJM05rWVhLZEZWd1F2TdIBb0FVX3lxTE93b2oxODFKWW04RV9CVGxVS1I5ZW02VUhVN2RkMVc1WmZTbE5SY3EzV21wQ1J1b2xsMmRDWVpYMXN2TTc1SjUwbGlnRHcyT0lYUFk5OERtX1QyZk1fWFcxQXFJM05rWVhLZEZWd1F2TQ?oc=5,2026-10-06 09:13,데일리인베스트,2,+증설 +수혜
267250,HD현대,HD현대 주가 상승 중,https://news.google.com/rss/articles/CBMidEFVX3lxTE54WjNQaHlGTktrTkMxam03cUd2dFNsUXZuZVJJc0N0V256a0ppNTN3QlI2SkZyX3JvWUlvN1VCOEtuWGt6UWFxSWdmTXc4MHQzaEl2T2pRQVI2SkVtdHdOMHNPTXh4RG9SSU5qb3gzRGluZjhQ?oc=5,2026-10-06 09:05,아시아뉴스통신,1,+상승
267250,HD현대,"美서 수주 쏟아지는데 주가는 반토막…HD현대일렉트릭, 회복 가능성은?",https://news.google.com/rss/articles/CBMiWkFVX3lxTE9jNUdQRjZ3eXNyWFduS1JlWmlxRkVBSzRwNWxYTGVfaDFoOWV4ZjQtNlZ3WlE3dVc3WmlwdEVMTU8tVmNLM3c4TFVuRWRJalRHUm5ucWFpd0VsZw?oc=5,2026-10-02 08:56,hankyung.com,1,+회복 +수주 -반토막
267250,HD현대,"HD현대일렉트릭 주가, 10월 1일 673,000원 1.66% 상승",https://news.google.com/rss/articles/CBMickFVX3lxTE5OX3hpeWR5eHZ0WXRabTlpUERCeExsUWxRQUxmTUQyb2FVM2ktbE9hR0FhcVd3Tk42N1dpM1pvSnFmRVd6RF9Pa2l5Z0JtX3F4VU80NDkza0w0T2ZxQ3N1dm8tOUVEanhVNlRFSFozYjVaQQ?oc=5,2026-10-01 15:42,TopStarNews,1,+상승
267250,HD현대,"HD현대중공업 주가, 9월 30일 애프터마켓 433,500원 1.05% 상승",https://news.google.com/rss/articles/CBMickFVX3lxTE00LTRMQk1yT0daUDRCTDJIR19yN0V0dHVhSnJxRmJHZTVLTkdlZmJCa3FTcHdnUk9SVHdBRkx0T1hUaUp5dVB4LWdIWnN0d1puUndGOW5zYTdkU094Zy1zVExPX2xQdmpCc3EyamRPMU1rQQ?oc=5,2026-09-30 16:01,TopStarNews,1,+상승
267250,HD현대,"""주가 4개월새 반토막 났다""…개미 울상인데 '뜻밖의 전망' [종목+]",https://news.google.com/rss/articles/CBMiWkFVX3lxTE5XTi15am9KME51MHloRmczaHpjM09Sa25RQng1bVJ6ck1yRG1pNXpydGtNTDJsX1RMdUt3ajAtNnBlWUtEQ01OWVFsYVM2Z1BkVmJSb0FSMlI1QQ?oc=5,2026-09-30 13:32,한국경제,-1,-반토막
267250,HD현대,"[뉴스락 주식네비] HD현대, 오일뱅크 가치 재평가…정유 호황에 배당 확대 기대",https://news.google.com/rss/articles/CBMibEFVX3lxTFAwNDF4aTJBb21qeEc5c1FNNm9NbFhzcG1La3cwQkwzRnF3VVM0dzJ6aHJDdlZiSGdTVmh1S2lOSlRSSjZValp0UmdEUTdmWnBsTnd2Nk1SQmxqeDQybGhRR2FUZDl2bzNVVFM4YQ?oc=5,2026-09-30 09:53,뉴스락,2,+배당 확대
267250,HD현대,"현대차증권 ""HD현대일렉트릭 북미 고수익성 매출 확대, 증설 효과 내년부터""",https://news.google.com/rss/articles/CBMic0FVX3lxTE9ZWEVwTjNZTWFDM21nWmZ1ZkVHQVdkbHN0SzRYci1rTlVpUWQ0WHZZS1FZWkw5QmZ1Q0o3R3JyM0ktcXFuMUhtLUM2YjA3SWFROVJ6WTVIUVlZSGRJQVkxTGMtc2swcEdZYlhIc3p1SFJudUE?oc=5,2026-09-30 09:36,비즈니스포스트,1,+증설
267250,HD현대,"HD현대중공업 주가, 9월 29일 429,000원 2.94% 하락",https://news.google.com/rss/articles/CBMickFVX3lxTFBlUXlYNVFncmVLMWJjQmRGN0JrV0JsSDdfdnpjZkFXYkdvaVpDX2trV2RfM1VzelVWNjlLYnVpWmlIWTdwcGxGd095NlZGZFZGVFRPc1UxNnoyTElQbUNOQ3FtLVdUV3JydDRTZEItbXgxZw?oc=5,2026-09-29 15:42,톱스타뉴스,-1,-하락
267250,HD현대,"수주잔고 84억9000만달러 쌓은 HD현대일렉트릭, 주가는 3.03% 조정",https://news.google.com/rss/articles/CBMibkFVX3lxTE13azg1cjVHdlBaYzExdXlJZGJFejdhTDlUSFlWTFdLSFhuTFFOblB2d01TeFh0RVh0eFBQVDFadjRmeU1xRGRFdDdwVF9odWR0ZmI3NUUzTnJZaXRmLUxESWpDQkR3NW9NS0QyZThn0gFyQVVfeXFMTlFFYmt4VDFHZlllUlptdHVPUFQybFBQNWVWU29EQ05PV1lHYTN2eXgxVDRvbzdzUE10bHBJelBsX1BYemN3LUtiV1BzRXFaMlpXclM4NXo3LTJ6MWV1NGNWUGZCd3NOZ2RTT3NoVWlCRHln?oc=5,2026-09-29 14:52,잡포스트,1,+수주
267250,HD현대,HD현대중공업 44만1000원 보합…수주잔고 실적 전환 주목,https://news.google.com/rss/articles/CBMibkFVX3lxTE90Mk1MdVpBRWRsNUkyWC1pckZOdzVVd1FwVllDX3g2SUltQXN1WkIxZFp6aTdRNldld0s1d1hjVEotOVJKcU1GeVhJMXYwb1Axd3U0Y1hMaVFhYS1oX3pTYjJjTk4tbVR6VzEwRE1B0gFyQVVfeXFMTVdzVmVuSUU1SXlxSnVkSVpfQ20taXVLUVo0OGU1SFFYcGg3NmlmeVl1RkhaTEJvUm5sRzRCeFYtaWxfS3FzdWlHS28wanNtX0pzSmtpN3FtMnRlOWNGdnVzRmtObG1NQUl6bVoxMGR5RXdB?oc=5,2026-09-28 14:48,잡포스트,1,+수주
267250,HD현대,"“80만원→40만원, 주가 보고 화들짝” 차라리 삼전닉스를 샀어야…‘반토막’ 난 현대중 어쩌다",https://news.google.com/rss/articles/CBMiT0FVX3lxTE05Wlp1N1JOTVJhb2UwRTlKTmVXbVJYMEE4TjNUNktUN0tvbFcxczR6TUdRV0d6Q0d3R0NUeVhIZ2g3SVJZVVl6alRrbTl1akU?oc=5,2026-09-24 21:41,v.daum.net,-1,-반토막
267250,HD현대,노조 교섭 결렬…HD현대·중공업 주가엔 ‘먹구름’ [이런국장 저런주식],https://news.google.com/rss/articles/CBMiUkFVX3lxTE0xeUI1ejAta3Z0eVlwXzg4eW16VHlaRExqN0EtNHhNbHo1bEV2Z1YtdUpPQ2ZibEdWUGJlcjhGSzBaNk5CYTlmTmxOc2pHenQ3R0HSAVNBVV95cUxPcExDZGIzWElxVmdHdXlpUWJjMnpxeW56UGtrMEg2Uk5BRmdaNzhtcGF3eTBxWW1xLXh6RlhmM3g2eU9RY2t5cXBZVUc0emtUSGxSNA?oc=5,2026-09-19 16:00,서울경제,0,
267250,HD현대,"HD현대 주가, 9월 18일 애프터마켓 211,000원 5.17% 하락",https://news.google.com/rss/articles/CBMickFVX3lxTE9XbEtyTkVoYml0YkZTQmR4YlBaUGtoXzRUeWZDY0lld0NENzZWTGZaUFZlRXNqZFprcVlNV1VKQjVadWJkZGxaQ0had1owZmlCZWgyNmZkekN5VzlILXBIU2VHNlZFME52SHhMYnozVGpwdw?oc=5,2026-09-18 16:35,topstarnews.net,-1,-하락
267250,HD현대,1.8조→7~8조 몸값 뛴 HD현대로보틱스…‘4배 밸류’가 첫 관문,https://news.google.com/rss/articles/CBMifkFVX3lxTE15V1JiNE1hMk9JcjdsemVLd1hDb1JkcDJWdUp5R05KYWhyQzRGakEwR09ISmZwaWhOUGRESWtMYmpEM3dDaEN4RXhGTVB0MG50VldyUFoyU0tnZkZxcnRrOUhDT1FHb3hmMTNkVDR3Z2tta1ZoM1RDMDFOeTNIUQ?oc=5,2026-09-18 08:55,thepowernews.co.kr,0,
267250,HD현대,"[오늘의 주목주] '조선주 강세' HD현대중공업 주가 6%대 올라, 코스피 '미국 금리 인상'에 6710선 약보합 마감",https://news.google.com/rss/articles/CBMic0FVX3lxTE51LUFrNlB4NGVwN3U0eUl4alZUY1BMWG5Wa09jRGFhUS1EQVhYaFBkeDhZczJNeFVuLTdfdll2QjMwaWlsdkp1QVo1SE5VVGhJMTZmOV95cTRJNDZ5cjJQbS01QlZubkpEcGJ5OExwTWo0RTg?oc=5,2026-09-17 17:44,비즈니스포스트,1,+강세
267250,HD현대,"""안정적 펀더멘털 유지"" HD현대중공업 주가 상승",https://news.google.com/rss/articles/CBMibkFVX3lxTFBteXFVWWZZVjl1STN4UEQ2V3A4VENJWXc0MlFRRkZxMy0xNnRTcHhqS1hGNExXbTl4eER5NjRYbGtnUkQyM19OQ051UkJRZkF1c3F5VlpMTFJDOGppTXE0eHJ4M3RFMUhaSUNyRDlR?oc=5,2026-09-17 10:51,gukjenews.com,1,+상승
267250,HD현대,"HD현대중공업 주가, 9월 16일 애프터마켓 443,000원 2.32% 하락",https://news.google.com/rss/articles/CBMickFVX3lxTFBCV0wxVlJJb0ZhYkFhQjNydHN2emhNY1NqQWZRN1Mxbndna0VYaWN1SDJTV0Nwbi1LU2pmVFFoSGlKWWxQb3dDWWVRcktJWWJubC1vMENNMjFpcHJNNnlqcGJwOUtYNklLb1p3MjlVYmRLdw?oc=5,2026-09-16 16:21,톱스타뉴스,-1,-하락
267250,HD현대,"[특징주] HD현대중공업, 증권가 매수 추천에도 3%대 하락…목표주가 84만원",https://news.google.com/rss/articles/CBMibEFVX3lxTE5oT3NZYnY2YmFwZWhhTEVoVnhkck1RT2h0YzJ0cEFSUC0tbUxpaDNmOG1MQlNWMlFXUnRTTGRad24wMFNpMWhzOVltWEpNSjZZMG1RNDVqV2hOQ1JpUHZONkJQWXk3akUtTHNSUtIBcEFVX3lxTE9lNTcwM1h3cWtLS213QmJyVDByRk5VemhHWlYyOWl6Zm9PeWg3dnAwX0dYdHB1OFV5ekVPTllGT2VFR3loSW14eEFocU5IdDdKYnI4VkJ6OUpxcTI0eXJjR21XdGdpM3hwb1Uwc3ZxWFo?oc=5,2026-09-15 10:29,남도일보,-1,-하락
267250,HD현대,"HD현대중공업 주가 장중 4%대 약세, 임단협 난항에 노조 파업 장기화 가능성",https://news.google.com/rss/articles/CBMic0FVX3lxTE1KUjlaZ3R3Y0x3MnV4OXZiZWlteFAzYm5fRTA5NF9pbEt3MGVXcm9fbFlzMi1XVW9RZWN3N2RVNjVWVmYyYXlhZW9rdGFXTWh5VVFhOXR4V0dRUmZjQ0VRcUp1R1M3aUE2OGZvdHdKdi1lZjg?oc=5,2026-09-15 10:16,비즈니스포스트,-3,-파업 -약세
267250,HD현대,“압도적 수주량”…HD현대중공업 목표가 줄상향[줍줍리포트],https://news.google.com/rss/articles/CBMiUkFVX3lxTE1rc0pFSXM4WjlPSjdONHpwMUtZWVVrY1ZiN3k4a1VSQ21lOGRqUkpKMENQbVJBM1pYbjJyZTQyOGRoNXNYM1RQMXo4UXJ1cHNmRkHSAVNBVV95cUxPUWlqZERrNXJSS28wcnhLLWc2eVZQOUZsVm9lY2QtNGJNaDd1bElGUDU3QW9yTl9UcFFKa2lDdEt2ckpYdDVvMmNEVFJSaG9MM1JzQQ?oc=5,2026-09-15 09:13,서울경제,1,+수주
267250,HD현대,HD현대 주가 하락 중,https://news.google.com/rss/articles/CBMidEFVX3lxTE0yNXZMLXlxa1o0X090WmNHdG56SncxRktaUUNJaTNfX3BHTFMwckp1bnFnNWlBQUZDamw2c0VnRGZ1cHUyLXhXOEhkVzNjSFNvb3dsYktMZlJnLUZmTWV3a0VVSTloNlB2WXhaSWNFREhqUzFs?oc=5,2026-09-15 09:04,아시아뉴스통신,-1,-하락
267250,HD현대,"IBK투자證 HD현대중공업, 추가 수주 기대…목표가 84만원",https://news.google.com/rss/articles/CBMiWkFVX3lxTE05V1pCTkU4bjUwU3lucG9DNU9HOE9vbVNSa3prNDRSX2o5dDJ5dlZWQV84cjFnZHhhYmFkdGstamRNWnVXTTNEd1FMYldjc1lpVmQ3NF9LM01zQdIBWEFVX3lxTE13cjdYTXBMSnlhcHNGRWsxT095VFZMZ3ZXS1JZSGJKdnVHUkJXNmJMNGEwa2xLY0JIb3YzRWo2NVMxLWlRaHRKa3N6aDVBaVRDN2gwblkzQWk?oc=5,2026-09-15 08:29,아주경제,1,+수주
267250,HD현대,AI주식상승확률분석 : HD현대중공업 (329180) 주가 전망과 상승확률 분석,https://news.google.com/rss/articles/CBMiYEFVX3lxTFBTaTFCQURQOTdsaDZzZF9KY0NYREdGa0gwd2JHejlhanlJLWxveUZQaXp1X3h4ZWVtdWExbnh0MGdPay14azgzZU9mdDh4eHV0RjhWV1FCRDlOcE5Udy1KZQ?oc=5,2026-09-14 16:00,Investing.com 한국어,1,+상승
267250,HD현대,"유안타증권 ""HD현대마린솔루션 목표주가 상향, 발전엔진 애프터마켓 커져""",https://news.google.com/rss/articles/CBMib0FVX3lxTE9BMUhPbHo4RHFJd1V1NDl5b1FmalJLektfR2owWW1MSktwUGlMcmRPdlYya21pLTRRUXhhejJhc0hBT3BPNmF4VUFkX2o1T3UwWWdoNkNtMURmSW5fM0lGWXJ1Uk9ReS1WVERvVC1vYw?oc=5,2026-09-14 09:54,비즈니스포스트,3,+목표주가 상향 +목표주가 상향
267250,HD현대,"""HD현대마린솔루션, 그룹 발전엔진 증설 수혜… 목표가↑""-유안타 - 머니투데이",https://news.google.com/rss/articles/CBMiaEFVX3lxTE16N1N4WWVkX2hBOTBHdEpNbnU0dG1UYkhGakJfT2dCWWVvUmRKZ1pjTFg0VzRJclpoUk9mNHp2eGlRUHE1Q3g2eFdWd2ozUHVvN1Fkbjlvd090Wk5PVTR1NkVzOThuXy1k0gFuQVVfeXFMUHFBbjBLTWJ5dHFnTHRwMUd3UnQteWRyOUtBZ1dHd0J4SHoteVUyVk5wUmRxc1lLaTFFNEZRLVhSSHFXZmtsajQ4UHFKY0QzS1hZczF5NkNpblNCLXlWVDV5WGtCX1ZrNUsyS0ZQWnc?oc=5,2026-09-14 09:04,mt.co.kr,2,+수혜 +증설
267250,HD현대,"유안타증권 ""HD현대마린솔루션 생산능력 확충…목표가 상향""",https://news.google.com/rss/articles/CBMiYEFVX3lxTE5KMWhjSWNWb3RtV2p2cjBySHFIaFV1bExkUzRlWGhmT2hiX0haLUJlbVZWcDNZT3B1anRiWGpvU3VPcGp3Z2FXdm9KMDBMZnNrTWNPMDRtNFJXT2szZlBUctIBYEFVX3lxTE5KMWhjSWNWb3RtV2p2cjBySHFIaFV1bExkUzRlWGhmT2hiX0haLUJlbVZWcDNZT3B1anRiWGpvU3VPcGp3Z2FXdm9KMDBMZnNrTWNPMDRtNFJXT2szZlBUcg?oc=5,2026-09-14 08:42,연합뉴스,3,+목표가 상향 +목표가 상향
267250,HD현대,"[종목 포커스] HD현대중공업, 데이터센터용 발전엔진 증설로 주가 탄력 받나",https://news.google.com/rss/articles/CBMia0FVX3lxTFBNb0JJbk9DdS1RMUFIRzRhekg1aXM2V2FBa1hnMjBBZE5JMWVyNkhXM01XcUNWNnVGMUpaXzB2VTJ3UTdybU9GM191MFB1MEc4ZVBtaWIwendONWhIR3FWUWRRZzRGSGR4dU1B0gFvQVVfeXFMUDFfYjlCdjVKcmxsLVRxU2xsbzh1akxDZ3hrdkUtMlVKWF91Sk9qUEJJNTNmSmdsamtfaHowLWFldXl5OG5nRm9TRmRtX0hGMGpmR1E2NUUyMTZjMjdtM3hibmlqakE3ejB1UENSQVQw?oc=5,2026-09-14 08:25,데일리인베스트,1,+증설
267250,HD현대,"""HD현대마린솔루션, 그룹 발전엔진 확대 수혜 기대…목표가↑""-유안타",https://news.google.com/rss/articles/CBMiWkFVX3lxTFAwTlV4bHRqMmdIRnFRb1NoeUVrcWJ2SFBFSjM2QWcwalpZUWFFOXR6S2xmcUlvT3FDT0RrRFZMNDVIR0dIV3J0bl9TbWVoOWVVVkJwU3BwdWhEZw?oc=5,2026-09-14 08:08,한국경제,1,+수혜
267250,HD현대,"""주문 전에 일단 짓는다""...HD현대중공업 '1조 투자' 전말 [B급기자의 B급리포트]",https://news.google.com/rss/articles/CBMiT0FVX3lxTE80ME9rQ2haSWc4cGc0a1RoeU1GcTZXYUlHT1psNFhsbXFjd2luZ0pWQ2Vwdm1wdEJFMzJjZmdLMFVYdDM3eTNodjRzSU9sek0?oc=5,2026-09-13 06:01,v.daum.net,0,
267250,HD현대,"""명실상부한 AI주""…HD현대重 1조원대 투자에 '주가 들썩'한 종목은",https://news.google.com/rss/articles/CBMiWkFVX3lxTE9MTmF3a3BReUxyRS1EMXF1cUtCcExfMU1PUFVsSDdDVVA4MEhtbWR6eVRobk9ZdUxUVENWOGRjNnBWVWRTVVRLY1JtTlpPN3dyOU5MTHA5c1RLdw?oc=5,2026-09-11 16:00,한국경제,0,
267250,HD현대,"""엔진 하나로 1조 잭팟"" 주가 뒤늦게 '꿈틀'…목표가 '80만원' 뚫었다",https://news.google.com/rss/articles/CBMiT0FVX3lxTE0wbzd2TFhIY3FiU21neVlVeENPcTFYX1Nqdkk1RlQ2Y3BoN3pMa21GUTRBZi0xNkxLay1ESmgtSC1tVmhKM2VZZ3B1R2k3bjg?oc=5,2026-09-11 16:00,v.daum.net,0,
267250,HD현대,“엔진·SMR에 1조 쏟아붓는 HD현대중공업…주가 하락은 ‘명백한 저평가’”,https://news.google.com/rss/articles/CBMib0FVX3lxTE9za0xybzlXcHBZaC0yWExGcXc1Zl9ZNkdrZDNaZl9GODZIV2l6SUhadk9ySkttMzFjWk9IN3VMQ0xDU2NVUEc4OVlyRWYyUWFoUXNubzJXc0lZdE9hY0s0em9zZWc3bUsxNW5EdEFjTQ?oc=5,2026-09-11 14:43,뉴스퀘스트,0,+저평가 -하락
267250,HD현대,"“HD현대중공업, 2030년 엔진 매출 10조 전망”",https://news.google.com/rss/articles/CBMiaEFVX3lxTE9Lb3hjUWpPN05qeVhqdFIwWTJNUG1mUzlMcFN3cnU2Z2gtS3VWOUR2VXB3dF8ta3p0dTc4UEhoa3VFTHItTm9nM3l0dDVvVnhiZWRuU0J3aWVjVkF6WHBNaFEyNnd2R1hX?oc=5,2026-09-11 14:41,주간동아,0,
267250,HD현대,"HD현대중공업, 데이터센터 엔진 증설 효과 본격화… 목표가↑-NH",https://news.google.com/rss/articles/CBMidkFVX3lxTFBRMXJJa0MyLVJ0YTVmVmNoRGFvY0MyY2ZOQktEa3oxX01iblJvVTBZVGt1X2oxclFCRDVDSlpjaWRCanZ5cXhtSGl4QnVBUkFyQU5YNENIeklYekxwdU5CS3hwcndiSVBiMXk5UmVXVVZLNTUwaXc?oc=5,2026-09-11 10:12,인포스탁데일리,1,+증설
267250,HD현대,"[애널픽] HD현대중공업, 1조 투자에도 주가 하락…""현저한 저평가""",https://news.google.com/rss/articles/CBMiWEFVX3lxTE1CU0ZwdlJRR0RjWWJrTmxVU1JJYTdoVnNqRWVYRHpyOXE5Q1lPVF9mOWtaMlNCTC1HVlVrSU9Memc2c3c2UzlSZ1pQYi1GVHhuazRUbXliZy0?oc=5,2026-09-11 09:26,뷰어스,0,+저평가 -하락
267250,HD현대,"삼성증권 ""HD현대중, 엔진 증설 예상↑·SMR 진출 예상외""",https://news.google.com/rss/articles/CBMiYEFVX3lxTFBIaEpNcDhqZDJRNDMxMzRMVnZjSlNBUEJQNDdZcl9KYzV1bzRTcV9xQlZoQWZfWUZQSFBwSWpvU2VvQWZxOElvcV9yVmROc0ppeW1MLURvaHRFS0ZzTllHWtIBYEFVX3lxTFBIaEpNcDhqZDJRNDMxMzRMVnZjSlNBUEJQNDdZcl9KYzV1bzRTcV9xQlZoQWZfWUZQSFBwSWpvU2VvQWZxOElvcV9yVmROc0ppeW1MLURvaHRFS0ZzTllHWg?oc=5,2026-09-11 08:32,yna.co.kr,1,+증설
267250,HD현대,"HD현대중공업 주가, 9월 10일 453,500원 2.16% 하락 마감",https://news.google.com/rss/articles/CBMickFVX3lxTE9IQXk4OXlKY2phMTlpVGc3b1pMRlkwdE00Rm9HRm04cTBXdVBwX1pPQUg0SWhrUVdyVlBfbUxCd3lMLV9ONlIwYlg1aGJENERBUml4elBsUjc2YURCX3VlTHRrYzdRMGNSQ2tVcW05VzByQQ?oc=5,2026-09-10 16:09,톱스타뉴스,-1,-하락
267250,HD현대,"""견조한 실적 모멘텀 유지"" HD현대 주가 2% 상승",https://news.google.com/rss/articles/CBMibkFVX3lxTE1JQWxidC1Bd1Bkd0g4cHBONEtRbWNOS1BWVFUxS3Z4TXhKUGhWWlRWNFJySjJucE96OVpPWjdNQnhtd012OFhYTjdlNDhUOEZBWGRXMlVnWlhPcHFkNXNQRHZBd0V6a1ZGbW5GdkNB?oc=5,2026-09-09 12:12,gukjenews.com,1,+상승
267250,HD현대,"HD현대, 자회사 실적 호조에 지가치 상승… 목표가↑-흥국",https://news.google.com/rss/articles/CBMidkFVX3lxTE1LSlU4Z0w3Slp3aklUdWxSRVRRZUJRdDZ0Wlp0Y0xmVENWUEdqVmJmdTROcE1pUWxEcUd0SlpnbkNRV1N5YXR4bi01aFVKMTJzbTVrS0wyVUF0Z2JtTlc1ZWlYYkxkckNFbkI0UUFSVjkyZG5Db0E?oc=5,2026-09-09 10:24,인포스탁데일리,1,+상승
267250,HD현대,"“HD현대, 자회사 실적 개선 힘입어 3분기 영업이익 3조2000억 전망”",https://news.google.com/rss/articles/CBMiaEFVX3lxTE9RcE1GM2tlMTVxaF85YVpuNG9GN1Bta1F1U05OV0lfWHU5R1dmbU8yX1FpTUxkUlpGcmZ5Q2FYdmZRNE9DOWptSE5wTnB5SnEtV2lRT2tzMElBOFZwVURjaVZlRm85STJG?oc=5,2026-09-09 10:00,주간동아,1,+실적 개선
267250,HD현대,"HD현대, 자회사 가치 상승에 재평가 기대...목표주가↑",https://news.google.com/rss/articles/CBMibEFVX3lxTE5YV01JT2hKdGl3aDBiQ0duWGh1VnJhWjM1TEZCS1pGSmpiUktINEVMaTBwLTVwV0JUSnZNblpEYk1YOG9BRmo1eHFnZ0Q3NS1mRlhpdC12Z1dRbWh3RUpTbnRQRE1BcVc5czBtZw?oc=5,2026-09-09 08:30,ksdaily.co.kr,1,+상승
267250,HD현대,"흥국증권, HD현대 목표가 상향…""자회사 대부분 실적 견조""",https://news.google.com/rss/articles/CBMiUkFVX3lxTE5RRnBsZ2ZBbG4yeHJPeFZoWG53WlJnQUg0c3NHME8zTS01V2dRNTVqS0FEM2ZCaExXVnhuX2JhSWwyQmpCMngxcXVlZDhHX2xES2c?oc=5,2026-09-09 08:29,매일경제 마켓,3,+목표가 상향 +목표가 상향
267250,HD현대,"흥국證 ""HD현대, 자회사 실적 호조에 목표주가 상향""",https://news.google.com/rss/articles/CBMiVEFVX3lxTFBvUnBNRE0xRUpLeUduU1Z0V09LWmhqR09HV3lhck9aWGJwYzROWjNSY3YycF9TY1h6cENJZERtMHd4R0RMVUpNQVY2M1BXdkVVaWNYSQ?oc=5,2026-09-09 08:26,v.daum.net,3,+목표주가 상향 +목표주가 상향
267250,HD현대,"HD현대, 자회사의 양호한 실적과 지분가치 증가…목표가↑-흥국",https://news.google.com/rss/articles/CBMigAFBVV95cUxPRXBIeWdpeGFRM3NZdWc3Vno1V0tqYXNmdEJ2S0pGZlU0S21SZmRwUklIR2RuUWNNZDFlUWRUdlZtX0t4TFphZUpiU1NnUDlvTk5HdGJ4QV92elI5WC1uOXNnSWxlRGdmcUJFZWNmNnJTT0xIYnRxWUs0R1NkLWV1RA?oc=5,2026-09-09 08:06,edaily.co.kr,0,
267250,HD현대,주가 빠지는데 국민연금은 담았다…기관이 사들이는 이 종목,https://news.google.com/rss/articles/CBMiWkFVX3lxTE1qOG1ocVFLQlJaSnZxd0pKXzN3RVJVQUdPVnZoTWR3OWtGektRam5LMDlFRjlaODhxQkZRMS1VWVdEMU92d2JQMTRLRFFDN2RHVDlaeUFSaHVfQQ?oc=5,2026-09-09 07:00,한국경제,0,
375500,DL이앤씨,[공시] [기재정정]단일판매ㆍ공급계약체결,https://dart.fss.or.kr/dsaf001/main.do?rcpNo=20261002800597,20261002,DART,2,대규모 공급계약 체결
375500,DL이앤씨,[공시] 단일판매ㆍ공급계약체결,https://dart.fss.or.kr/dsaf001/main.do?rcpNo=20260824800113,20260824,DART,2,대규모 공급계약 체결
375500,DL이앤씨,[공시] 주요사항보고서(자기주식취득신탁계약체결결정),https://dart.fss.or.kr/dsaf001/main.do?rcpNo=20260730000315,20260730,DART,2,자사주 취득 — 유통 물량이 줄어든다
375500,DL이앤씨,"“DL이앤씨, 마진 살아났지만 외형이 숙제…4분기 수주가 반전 열쇠”",https://news.google.com/rss/articles/CBMib0FVX3lxTFBrSElLUTV0bEVzbWtiLWVPN1Qzc05lTzUyZXRrVUlUOFR1WFhKRUtQcERFV3MxZG5veWItck15aERYVVR4bU9yckFyNHE4Zkl6Rld1dDY3cmRGallGMWpueDJHcFVJU1B1WldTWVBlTQ?oc=5,2026-10-08 14:14,뉴스퀘스트,1,+수주
375500,DL이앤씨,"[리포트 브리핑]DL이앤씨, '좋았던 상반기, 쉬어가는 3분기' 목표가 120,000원 - 키움증권",https://news.google.com/rss/articles/CBMiXEFVX3lxTE1zdlJqVG9lRUt5U2c1Y1ptd2VEaTZfQnRkVnRqV0lOekstQlpGeU1pRm1hRnN5U1YzZGViTzRWMHJpQXNvWlZ3Sl91Q1E5bE5xVXVxV3Zwblpud0lf?oc=5,2026-10-08 11:33,뉴스핌,0,
375500,DL이앤씨,"DL이앤씨 3분기 실적 '쉬어가기'…증권가 ""투자 매력은 유효""",https://news.google.com/rss/articles/CBMidkFVX3lxTFAwZndhdHRHcEpqdzlZOThSb0JVaWhYUjJlaEYxdEszenBnTnpOVG1FbldpdjV1eG1LOW1tcVZTWU1XVklCSHNkVUZxcS0yTGU1Zzd3ZW1XZHFXbHIxc3I1MlVUc292LXM0SWxoR3VOSWZLTFBqbUE?oc=5,2026-10-08 10:38,인포스탁데일리,0,
375500,DL이앤씨,"[버핏 리포트] DL이앤씨, 내년 실적 개선 위해 탑라인 성장 가시성 확보 필요 – 한화",https://news.google.com/rss/articles/CBMiYkFVX3lxTE4tbXcxSjJ0ZDYxa1ZuTktxY2NqeDF4YmV4Z2hma3UzWUlvLUZjTVIyM2NqZTNuMklpZ0hxaWg5MzBZSjdFUE5IbEx2VmJRWFBmTHBzUmVXMVdiSkRITEprSjh3?oc=5,2026-10-08 08:21,버핏연구소,1,+실적 개선
375500,DL이앤씨,"""DL이앤씨 플랜트 부문·DL건설, 매출 20%↓ 전망""",https://news.google.com/rss/articles/CBMiakFVX3lxTE9nenZ5MnR5VVlSYWFVWjZjc0lCVHY4dG1kYVNvdmQwUkNOTkhiSkVJSUM1Qjl6dTZxZ0R5dkJtc0FHWF81eGNfUUd2NVJOTVdlcndOSHVSZ0ZDbjBYMVhBWmlKTk5oNEhYc2c?oc=5,2026-10-07 13:06,중기이코노미,0,
375500,DL이앤씨,"디엘이앤씨 10%이상주주 국민연금공단, 소유 주식 수량 66만7477주 증가…소유 지분율 1.55%p 상승",https://news.google.com/rss/articles/CBMie0FVX3lxTE0wWlloS0NocnJtN2RSNTNYYndXbGo4OGJtbUdyWUdDbnVkWjdZNzV2b1EtMnJyUkJ4TFdLamM0MGxhTFZJaEtnb29NUWxQN254QTZIeDdQZlV1V20yVi1rdE9MMWR3NEtqdTVqdDhZdTRZc3Z5ZzRZWUpVbw?oc=5,2026-10-06 14:53,디지털투데이,1,+상승
375500,DL이앤씨,"국민연금공단, DL이앤씨 주식 66만7477주 ↑…지분율 12.00%",https://news.google.com/rss/articles/CBMic0FVX3lxTFBCQjNVd2s1Y0JtVG0yUE1ndVVNa2VKWUdDc1g5TmttTEs0ZDZnbG9xd08tekgtX1lvRWhvcEgxV3VIemRMeXY5NTRNR18zbnhkb3VCTGo1WFZDSE4ycmVHSEw2WU5Zdk5HT043Q19OQlNKNU0?oc=5,2026-10-06 14:32,데이터투자,0,
375500,DL이앤씨,"국민연금공단 등, DL이앤씨 지분 12.27%로 확대",https://news.google.com/rss/articles/CBMickFVX3lxTE0yY3NfTzdTR19rSXU0YWs4UjlTM0ZjYUhJUWVBVWxhd0xScVlUYjlBZDFSVm9EUjBjbDVUeFdCRXNPejBxLWxuNDYwbVlQU1VPeDZ1UVVJYnNDcXFjekw4dmNqQVEtT3NpWXY1dzNfT0lEUQ?oc=5,2026-10-02 17:18,데이터투자,0,
375500,DL이앤씨,"디엘이앤씨, 주주 국민연금공단 측 주식등 보유 비율 1.07%p 증가",https://news.google.com/rss/articles/CBMie0FVX3lxTE45OHFyTjg5dmJZRTJ5bHlZb3drZE90UGN0dThVdG14dkJqOFBCcDFxLU95WHhzQVhEcG16RTVsTmJJTTJ4WkM2Njh4N0JzakkzYUNWZFZyYVNzbDZabUlDZTlfYkU5ZUtlNXFVWkp1dmk5bEJMbFRjbnFuMA?oc=5,2026-10-02 17:11,디지털투데이,0,
375500,DL이앤씨,"[리포트 브리핑]DL이앤씨, '3Q26 Preview: 준비된 자에게 오는 기회' 목표가 121,000원 - 유진투자증권",https://news.google.com/rss/articles/CBMiXEFVX3lxTE1GTEVPSm5qckRsOV9JcjhKRE9aZUNCcklvTEtQejR2MFVkNi02TTdpVlM0bGVKWUZhQmNEdWYwU29UUExSbm5KcEVhR1RhZzBiVXFsUzMwSFJ0RGIz?oc=5,2026-09-30 11:03,뉴스핌,0,
375500,DL이앤씨,"7일, 기관 보유 비중 확대... DL이앤씨, CJ제일제당, 신한제17호스팩 등",https://news.google.com/rss/articles/CBMiaEFVX3lxTFBiTk9KSHpsLWx3QkgwUmlRM3RJbHk0RDlXSjZuWHROOFkzOTlkS3dsVThWV1NiSnd4WmxJcExoRzM0VWtGYkZWcmdWdHAzNHNrMUppQ1dYR2tqUWp3Q0xUR2F4SEZ3SXJq?oc=5,2026-09-26 13:51,ThinkPool,0,
375500,DL이앤씨,"DL이앤씨, 1년 새 주가 두 배…주택 수익성 회복에 AI 인프라 기대",https://news.google.com/rss/articles/CBMiZ0FVX3lxTE5FejBFM2tDQkJJcWdwcHZXazlnOUFEeHFac3hUdHNmSGJqYUR1UXlEZXprdS1XY1FNbjY3alRPYjB5THR4MmJnc2lyOVVUU3p3S2ZlR1AwUFIyVlRoX1k2Tmd2QnVSaU0?oc=5,2026-09-23 12:38,토요경제,1,+회복
375500,DL이앤씨,"하반기 대형 수주만 4.5조 대기…DL이앤씨, 플랜트 공백 SMR·데이터센터로 메운다",https://news.google.com/rss/articles/CBMib0FVX3lxTE5TM2tJOVlFZ1RsZTNVZndxaURaZXBmMzBZV3R4T1dYZWJyODdjZkdMTmZTNnJEeGxyaW9MaXJXU0ozTjJMazhhSFBCZmhLYTZMZjVhZWlkb2x0MmV5UW4xQXpzUk0yVXhwTEx3RE04UQ?oc=5,2026-09-22 17:25,newsquest.co.kr,1,+수주
375500,DL이앤씨,"“하반기 대형 수주만 4.5조 대기…DL이앤씨, 플랜트 공백 SMR·데이터센터로 메운다”",https://news.google.com/rss/articles/CBMib0FVX3lxTE5TM2tJOVlFZ1RsZTNVZndxaURaZXBmMzBZV3R4T1dYZWJyODdjZkdMTmZTNnJEeGxyaW9MaXJXU0ozTjJMazhhSFBCZmhLYTZMZjVhZWlkb2x0MmV5UW4xQXpzUk0yVXhwTEx3RE04UQ?oc=5,2026-09-22 17:25,뉴스퀘스트,1,+수주
375500,DL이앤씨,GS건설·DL이앤씨 등 AI 데이터센터 사업 확대…건설업계 생태계 확장,https://news.google.com/rss/articles/CBMiaEFVX3lxTE9OOUlyNXZiN2hidV9lb2FJWmtMRk45Y0NURW02akFqVjhCX3hEMVpKWjZmbzAzU1ZEaFllcE5JajZSS3MyZXhOUFVZSFZLUWV6SFgya3JjZC1hSWNVVTNmTFpsaGFVZHdf?oc=5,2026-09-17 14:03,녹색경제신문,0,
375500,DL이앤씨,"금리·AI 부담, 코스피 '뚝'..삼성SDI·DL이앤씨·현대제철은 '활짝'",https://news.google.com/rss/articles/CBMib0FVX3lxTE5LSUYyMGI0LW9LYmtwSjQxUVhWUUxJY3dfQWh1UVNjMFREd3piN3hjZG5PRGx2ZTVNREdEMWhnWkpjQUdvaUhWLTBQVHB6czZMMmlnclduS2owR01lZWlxd1l1R3hPWWp3WnRSakxMNNIBc0FVX3lxTE1CRmxLcmluVFZWLUV1TTk1ckFNRm1GRXU1OFduSUVHUGs0ell0aDlPNk1fSWtkN3loRVpXanFKSGNrV0h1alI1dGViVnBrajQtTWFKNzljaTZjT0hXZDhQZVBIcUN3NWhWTW9VWEd2U3hod2M?oc=5,2026-09-15 16:20,초이스경제,0,
375500,DL이앤씨,"DL이앤씨 주가, 9월 15일 88,500원 기록하며 3.27% 상승",https://news.google.com/rss/articles/CBMickFVX3lxTE1VYktGeUJWX1p1MDdHUFRXc0dfWXliS2F0aE90R2xWZ3B0OVNsbUtRTUpxUkREQXptZnpDR0QtdVBuazI2aUtoVHVaZ1M0NGxERlByZm83OExYTGlrU2k0OVU4cDBxOTJLQUx1c09pRVNIQQ?oc=5,2026-09-15 16:00,TopStarNews,1,+상승
375500,DL이앤씨,"[클릭 e종목]""DL이앤씨, AI 인프라 수주 기대감…목표가↑""",https://news.google.com/rss/articles/CBMiYkFVX3lxTFBjTFdlYTl6eWpkZ1ZqZFFoQUZxeF9BNHBNcjhWVHFiTUpsQnlxVlFLYWV2MmN3VGxQMnNtaFdUTVJNU0hob0Z3Yi1wYmthcEEzOXdacTZtaHB1TXdoU0loYkJR?oc=5,2026-09-15 06:58,아시아경제,1,+수주
375500,DL이앤씨,"“DL이앤씨, 주가 8만원대에 갇혀있기엔 ‘AI 전력 인프라’ 모멘텀이 너무 묵직하다”",https://news.google.com/rss/articles/CBMib0FVX3lxTE9PTGxxdk5Bb0F2blJEVVZrQVd0djlmOTdTMDlIMjVZeHpDUlg0cXN0ajF1a0xsWkNZSERCNEtOdGlDeTNUbVg4R3hlbHR6UlloZEJuT24wT2hOWGFnQmQzOG5jZVExTFBfeXVRSHdUTQ?oc=5,2026-09-14 16:32,뉴스퀘스트,0,
375500,DL이앤씨,"""DL이앤씨, 발전소부터 데이터센터까지""…목표가 12만1000원 유지",https://news.google.com/rss/articles/CBMibkFVX3lxTE05RHRTQ3YwdzNLb09qWTAyRm4yUTFjelBXYko0MFpqMkZNd3cxMVJKaWdVT1FlY2FwWUI5OGZ0UFhmOFV1NGlQWm04aTVNaEFXQi1obXNsQmpYeG91WjFTWjV4M0xHOXpwMURaSjN3?oc=5,2026-09-14 15:54,S저널,0,
375500,DL이앤씨,"[리포트 브리핑]DL이앤씨, '발전에서 데이터센터까지, Top-Pick' 목표가 121,000원 - 유진투자증권",https://news.google.com/rss/articles/CBMiXEFVX3lxTE56eTdTNjh2MEJVU2F2dkE4MWI2UE9pS0JrTzVSM1p1d0RKMlR6Q1hMUWVrUDJjQWh6OXg0SVpkVWNzREx2cmJQLTJuZTJDdl80a0U5SzZiSV9xOEdP?oc=5,2026-09-14 12:50,뉴스핌,0,
375500,DL이앤씨,"[리포트 브리핑]DL이앤씨, 'AI 인프라 수혜: 데이터센터와 발전소' 목표가 100,000원 - 하나증권",https://news.google.com/rss/articles/CBMiXEFVX3lxTE5MTmRfSTZzM1hjcWREYmRtVkpzMjEyd3dsOHYwRlZuczNyRER2aFdWdlJSUzNtMEdUNWpPbF9FNWdWOFljd0poYnJxMzZUNHVqMlZCSUNIWG9pZjk0?oc=5,2026-09-14 10:58,뉴스핌,1,+수혜
375500,DL이앤씨,"하나證 DL이앤씨, 데이터센터·발전소 수주 기대…목표가 10만원",https://news.google.com/rss/articles/CBMiWkFVX3lxTE51RktnbkplYmFwX0R5RmI2UkctejJSRm15QUpoUkdFM1FyQ3dfcDdFdDRaZ2dKaUtwQVhJYkVfeFREZU5KX2phRHk2RTF4LXdHTEZTbXQ1NkdLZ9IBWEFVX3lxTE5YSzV5QjZSV3lIWm95d0hLZE9DcjVtNWNDb3JVdWZDSVJkWGFucjdoV3FSSzN3Y3plR20tUlVUVjFGRS1vaUdXcmU4eXdXNGZEampYbDVnTDE?oc=5,2026-09-14 08:48,아주경제,1,+수주
375500,DL이앤씨,"DL이앤씨 주가, 9월 11일 85,800원 2.26% 상승 마감",https://news.google.com/rss/articles/CBMickFVX3lxTE9PcEtUZzZXQVpfY05pS1lqbE8zcTViTHBieXd3V09ZNXRYT29pUDE2LU9wbjIxd2F6VXlOSUhUYXJ2dF9RMnViM1ZZZG9Uc2hfazZic0h6MU5NVVFTLUM4TjhCdXVqalJiQTVoRkhwb1VtUQ?oc=5,2026-09-11 15:48,톱스타뉴스,1,+상승
375500,DL이앤씨,'이번에는 다르다'…수주 임박에 주가 다시 뛰는 대우건설,https://news.google.com/rss/articles/CBMickFVX3lxTE9CS1VObzBteE8wV3JkS3M5ZHJ3R0tVa2M0Um5CVFdwa1lmU3hKd3RGN3k1WG9MUUFNVENEY291MVhlcWtocnpISFYyNWVZVkdfWXRHN0RjVXNVS2h6MHhOcE9zSElGTVViOHpJejIzS3RfZw?oc=5,2026-09-09 10:12,KB Think,1,+수주
402340,SK스퀘어,[공시] 주요사항보고서(자기주식취득결정)(자회사의 주요경영사항),https://dart.fss.or.kr/dsaf001/main.do?rcpNo=20260819800334,20260819,DART,2,자사주 취득 — 유통 물량이 줄어든다
402340,SK스퀘어,[공시] 현금ㆍ현물배당결정(자회사의 주요경영사항),https://dart.fss.or.kr/dsaf001/main.do?rcpNo=20260807800590,20260807,DART,1,배당 결정
402340,SK스퀘어,"[오늘의 주목주] '반도체주 투심 위축' SK스퀘어 주가 장중 7%대 내려, 코스피 외국인·기관 매도세에 6620선 하락",https://news.google.com/rss/articles/CBMic0FVX3lxTFA3NnBSM0o1Nk1BUGJDOEJSWnVyVnQ5SG5GTm1POWJnTEJub1NyOXYycmFsdEZTLVI2elA4MkpMV2RCYlU3LWp1YXNpMnZuOWVGczNfWmNuRDRvVzZmVHNrMTZ0d25vTW04ekM1RzRfQWNHazQ?oc=5,2026-10-08 17:58,비즈니스포스트,-1,-하락
402340,SK스퀘어,삼성전자 반나절 만에 매수 1위로…급락한 두산·SK스퀘어도 담았다[주식 초고수는 지금],https://news.google.com/rss/articles/CBMiUkFVX3lxTE5sVW13YTVsYzVFU0dQckd5NThOYk5qOGhoZ3R0OTM2NG80M29WTEU5S1JVdHpwX1I1anBXczFrU1A2aXo5cWQ0eHFST2xpTk9vb0E?oc=5,2026-10-08 15:22,매일경제,-2,-급락
402340,SK스퀘어,"SK스퀘어 주가, 10월 8일 장중 1,101,000원 3.59% 하락",https://news.google.com/rss/articles/CBMickFVX3lxTE53cTNiT2FTWlVvZDVpelRhR1F2SUl6QjVmNjRGTURZcnEtaTgyS2xNWDgtbDZQRUJaS2t5ODdadFRTWGh3WVR3TVp6Y2FJeFBEZ182ZU1EMXBwQnFNMkJxcGZ2eHppZ0xidS1UOWE4V25Jdw?oc=5,2026-10-08 10:28,TopStarNews,-1,-하락
402340,SK스퀘어,몬라 몬스터 슬롯 모바일에서 사운드가 안 들릴 때,https://news.google.com/rss/articles/CBMizAFBVV95cUxPb2VCS0JvSE5HU25PN01SZUp6TVJxYlZTN0FfRmRFbXpfX1MyWWVrdlhkOHF3UkgxbzhYMmNWZUhzUHE3eGVpTUpFMFQxLW9yYWQ5TklMNWdMUk12dFpFdkRyb193ODhqNF93akhvQ0pRTFVfOFJ0cWJNWGZwc3pRZWd0T2hnbTVBLUk3SGM5WlVGMV92WDdRME02cURJeU8wbTdBMm4yTTR3X056TTZvTEFkRnNzNG1IdVN3cDdhc2ZJMkh6bUVrYUJzZUc?oc=5,2026-10-08 07:57,Calgary Roughnecks,0,
402340,SK스퀘어,"""SK스퀘어, 주주환원 강화…목표주가 150만원으로 상향""[클릭e종목]",https://news.google.com/rss/articles/CBMiT0FVX3lxTFBnSGJHTlkwWnh0Q1U0WkdpUW5lZlBrWkJDZkxoZ2NBTUZyTkg5MjJnV25yRmltOFFMRG5RX2cwOTZnR0FNaVpGUmZWTmhqYW8?oc=5,2026-10-07 07:16,Daum,0,
402340,SK스퀘어,"하나카드, SK스퀘어가 키운 자본…주가 꺾이자 변동성 부담",https://news.google.com/rss/articles/CBMiakFVX3lxTFA0N2NYRnBXZTZVRGNWdGRpcVVONG9CSVJWWmtmWkVfU2JIRFY5WWluZEZZdjhwd2EzZ3ptMGRvZEFfUkdDcG50X1R2Tnd2b2N2dmhRY0lCNHI4Y2ZyNXpLWWdYdTRhRE5XbXc?oc=5,2026-10-07 06:00,IB토마토,0,
402340,SK스퀘어,"[리포트 브리핑]SK스퀘어, '주주환원 강화' 목표가 1,500,000원 - DB증권",https://news.google.com/rss/articles/CBMiXEFVX3lxTE5Jam9EQW1RMmY5VUlZRTVGcHZmc2F2ZTVZWjZlU1BzbHF1ODg5QUU1OURYU3dQRXl6SWZHMnJXWGZVd2swckR2dk10Qlh1S0JaMFJWTGRQdVRDY0xY?oc=5,2026-10-06 11:42,뉴스핌,0,
402340,SK스퀘어,SK스퀘어 주가 상승 중,https://news.google.com/rss/articles/CBMidEFVX3lxTE5RSkxSU1BWekRwLTBpWnNYRW9IN0Y2ZTNTWGlCem9oOXgxcVZ5ZUsxRUNkemxXSEl6cjNxTnJ0MVFSbEMwMWZxOEJTQnFqT1RYQmNCLWE4QnZucXhUSHpJVmdHdTQ2eURTZTZvNGhQSGNlYU5Y?oc=5,2026-10-06 09:04,아시아뉴스통신,1,+상승
402340,SK스퀘어,10월 중순 자사주 매입 마무리 전망…SK스퀘어 주주가치 재평가,https://news.google.com/rss/articles/CBMid0FVX3lxTFBRX004OXdMaU5tNWhWVEcxLW1UYWEzVWNuekRLVHoyYVJQb3pCdlc1aWh5SVFsempiNGM5bGhjcWstSUlMSG1lYjM2T0dNdXgwTUJKSTVramVZRi1Vb0VwQzNrejN4eGZ1VWQ0RGpUZ2M1VUcxRHlv0gF3QVVfeXFMUFFfTTg5d0xpTm01aFZURzEtbVRhYTNVY256REtUejJhUlBvekJ2VzVpaHlJUWx6amI0YzlsaGNxay1JSUxIbWViMzZPR011eDBNQkpJNWtqZVlGLVVvRXBDM2t6M3h4ZnVVZDREalRnYzVVRzFEeW8?oc=5,2026-10-04 16:27,핀포인트뉴스,2,+자사주 매입
402340,SK스퀘어,최근 5거래일 SK스퀘어 주가 상승 마감,https://news.google.com/rss/articles/CBMickFVX3lxTE43TDVDWTFLbTdlVFM0WDc5aVRWTXptbXk5NHFteTFXUGh1UVpOeVlLeENPc01SQWJSUjJnUnlTeDVXemJYbUduandVc1hlYUJ1QzVodTZ4VWJZLVJjbkZELWNaV2VidjE1bkdCQVpkNGFvZw?oc=5,2026-10-03 11:29,TopStarNews,1,+상승
402340,SK스퀘어,초보자가 이해하기 쉬운 주간 포커스 텍사스 판정 예시,https://news.google.com/rss/articles/CBMihwJBVV95cUxQSzZ6TFRYSDUwdktHWF9HbjZhbkZTcTc5WXBYLUs0Q0U1bm5XWjBBNUdTVlFlMzU3QjVkUU1OV2VXTF9GblZyRUl0LTRfb2hlUnJnMXdZUUZzMGFsMW1rV0traHNsYlpERGU5cU44OWdoUDFtcUVUTFRoYTZvVlMzZEVaeEdwUmFrZUhVRlY0bFBiZXc0ZGdGUjZOSTFkRWl6eG8tVzQyUnVIbmhyeGF4VTZjSkZRR3UzMFNzTWlXb0dGRFBVdzFVWElvOEZ0ZUI4WTFINm85Zi1oa0V0SWZ6UzBJcTF5TnJseFVXZTZqLW9BNzEzLVR0bVA5bnV4OXJoSUlWUFZiOA?oc=5,2026-10-03 04:55,Calgary Roughnecks,0,
402340,SK스퀘어,"SK스퀘어 주가, 10월 2일 장중 1,149,000원 0.52% 하락",https://news.google.com/rss/articles/CBMickFVX3lxTE9QV3djMU1XaG9zTjRYWXNMVmhONmFtSksxYTYwSVhBUVEwZDR3T3Z6Z3c1UGRNMzhadHpxQUw3Rm9yTXRacHBwc2t6ejlmR0JDeENvaS10cWZ5Sm91VTZLNEZZNVQwV211NHlFWlNaeXpTUQ?oc=5,2026-10-02 10:29,TopStarNews,-1,-하락
402340,SK스퀘어,SK스퀘어 주가 하락 중,https://news.google.com/rss/articles/CBMidEFVX3lxTFA3X18teWV5cktkYzdyejJ4TnZ0UXhvS0ExbUYyQkctMm5sclJUVEluMHdSZkhTaVBiMzJidnQtN0JRbDJUcjN6N2F3SHprQUZRdFlJSVI5SGh5XzdUcjc5ZVdKeVVkTld6dk9aR0hXWVphN3Z0?oc=5,2026-10-02 09:07,아시아뉴스통신,-1,-하락
402340,SK스퀘어,SK하이닉스 자사주 소각·실적 견조…SK스퀘어 주주환원 확대 기대감 고조,https://news.google.com/rss/articles/CBMiZ0FVX3lxTE01UWxseWU3eEpJcDMweTR2ZDZJaldzMjhDbklNRFV3dUN1eXViV2FxdF9jb05fUjhoVzQ3YW5IRGgxQ2J2VkpYbzVFZ3hjWEhyNTZrRC1Rcng5VG5fRHc1S2k3cXBMTmPSAWdBVV95cUxNNVFsbHllN3hKSXAzMHk0dmQ2SWpXczI4Q25JTURVd3VDdXl1YldhcXRfY29OX1I4aFc0N2FuSERoMUNidlZKWG81RWd4Y1hIcjU2a0QtUXJ4OVRuX0R3NUtpN3FwTE5j?oc=5,2026-09-30 17:14,리버티코리아포스트,2,+자사주 소각
402340,SK스퀘어,"SK스퀘어, 'SK하이닉스 자사주 소각' 주가 재평가",https://news.google.com/rss/articles/CBMiWEFVX3lxTE94UXhZRkQtM0JPcUV4U2Y2ZTJ3RHBjdmdLMWFzTlR6QkVRN1NuZHBvblUxdU5xSmJjeFFJWFN2M2w1OGlIM1d6QmU5VEpPZEFwdzhNTG16bnM?oc=5,2026-09-30 10:08,경제타임스,2,+자사주 소각
402340,SK스퀘어,"SK스퀘어 주가, 9월 30일 장중 1,147,000원 2.59% 상승",https://news.google.com/rss/articles/CBMickFVX3lxTE9iWW1GM3RNMDFzSVJrdDVfeHlGN0c5TldlMEw5Q2tBdGp6djhuYy1XUTd6MWdpRnBSNy10SlV4QTBVeklFbmFiN0syYVB6aXpuSC1XTEdIWGNGVHV3c2NnYmktX3QzTzRFam8wNmhhRkZmUQ?oc=5,2026-09-30 09:54,TopStarNews,1,+상승
402340,SK스퀘어,SK하이닉스 자사주 소각 후…SK스퀘어 '8조7000억 배당' 기대,https://news.google.com/rss/articles/CBMiaEFVX3lxTE9DSGh0VVNkMkRGTk53blJocERvRTdzMXk4ZG5KSjh4LWVOcEtmYjlyYmJTNGdqSWRDUVJNTmVVUW5OWXJacTdQV1pOZzZLTXNYUVZ6TjZUNkJYOUNZVVVBUWNkSFQxU09X?oc=5,2026-09-30 09:45,동행일보,2,+자사주 소각
402340,SK스퀘어,"“하이닉스 자사주 소각 이후가 더 기대”…SK證, SK스퀘어 목표가 185만원 유지 - 조선비즈",https://news.google.com/rss/articles/CBMiiAFBVV95cUxQSXdBVVB6cHVpUW1ULXR0a2ptS2N3OHlEZHV4VzhGZ2F2ZmNDY0JMS3JkdWU2cUxPbm9tb3lDVmZvNVFHMVJyLVMyeHBZV1FFbm9JLTQ4SHRVcFE0Tm1nTjZfeDRiRWhvd0VCaERTZ1pMY1JYOURmMDRVTDJBYUVjblBPSU5ZNnVz0gGcAUFVX3lxTFBGQjNEd0lOVjNDa3oyU0JXVVlyQlV6Z0ZMb1NuaEQ1aW9KRml5N0kteFF4ZVBCQUlEb29vS2R2TFhxQ0c3QWt0bWtMTjFiTEpfQWNqVEpWVkFUYjFkczVWVWtQVk1Ndm05UEluZHltNVlrMGtVel96TGpHb3psblNkVTFpY3N6UVZVeHNwcFlldWdYRFllVnNWaGgyZA?oc=5,2026-09-30 08:50,Chosunbiz,2,+자사주 소각
402340,SK스퀘어,"[모닝 리포트] ""덜 오른 SK스퀘어…소각 기대에 목표가 185만원""",https://news.google.com/rss/articles/CBMiXEFVX3lxTE9XZWFnX0lKSkZESlJ5N3ZabzdmcnVfdTJzSnJ1YXJkWlFhSkpBYnRfWEJUUFFDenlqazJkV0xNTmtLdjJhMFFjTUU2aGVsSzV1d3ZsU1FyazEtMjdF?oc=5,2026-09-30 08:47,뉴스핌,0,
402340,SK스퀘어,"SK스퀘어 주가, 9월 29일 장중 1,106,000원 0.55% 상승",https://news.google.com/rss/articles/CBMickFVX3lxTE5ILV9WZ1dCd1NrUW1Wc253N25TWWl3VE9CNDViNUFUS3JYMl92ckZlcVlxS3VpMVZucVJuQ3BEajN2SEloTGgwWDZwTmhyME93alFMblFWYy01dlc1VWtJdlVreHZtc3NSaUpCRmpPWXNXUQ?oc=5,2026-09-29 10:20,톱스타뉴스,1,+상승
402340,SK스퀘어,"[오늘의 주목주] '반도체 투심 위축' SK스퀘어 주가 7%대 내려, 코스피 외국인·기관 매도세에 6880선 하락 마감",https://news.google.com/rss/articles/CBMic0FVX3lxTE5FM0xISVkzN3E5UHdYZDZhMS1pUER3X0I0ODdsb0dEX0FOcGZxRTZYY1NvcFF4V2t0T21UNm9jN0hFR0Y4NWhnZ2xZR05oRlZWaEtkNVFzR2lpN20wNlFnenBYWEt4cU5vMUhWWjVXMzF6WUU?oc=5,2026-09-28 17:45,비즈니스포스트,-1,-하락
402340,SK스퀘어,"SK스퀘어 주가 장중 6%대 내려, 미국 채권금리 상승에 대형 반도체주 약세",https://news.google.com/rss/articles/CBMic0FVX3lxTE90TkZwNkFUN2JYUU1wRWJ0VGpGZlBoalE0aWhmN3lwZ2x4Szk3RXhpcXQ0cTlxRDc5LUNMTWwwTW0zVGN0MjhHd09jeXNCM2dPb0tZR29QaGRZa21KMmdCdTh2clRFV1BuaWFCTWhkSnhhQlE?oc=5,2026-09-28 10:39,비즈니스포스트,0,+상승 -약세
402340,SK스퀘어,"SK스퀘어 주가, 9월 28일 장중 1,126,000원 64,000원 5.38% 하락",https://news.google.com/rss/articles/CBMickFVX3lxTFBtTWVTcDRVNHpYQTh5VFpyaVpxbmk4Q1BiMVpwUHN1QXB4SW9yQmRXa2VEU2lYMG53M0FZc3FnRE5tU0VKMGh1WWZlMzkweGQyTWttUGJZLUJpLWc4QVZJUFRfdV9WM3pSVlFIdHJCeWdfdw?oc=5,2026-09-28 09:59,톱스타뉴스,-1,-하락
402340,SK스퀘어,"외국인, SK스퀘어·SK이노·대한항공에 1.3조 베팅",https://news.google.com/rss/articles/CBMiV0FVX3lxTE9OR0dzeHdocHpndlhHeXNCQk1SRVFFc3BtbXU4QUgtZ1ltc1dkSnRZeEthVGtMZS1wWlhiZlJsNFdWaF9CLTBIdC1mTmNxRTJScHpDUDl2UQ?oc=5,2026-09-27 17:38,서울경제,0,
402340,SK스퀘어,"SK스퀘어 주가, 9월 23일 장중 1,176,000원 3.80% 상승",https://news.google.com/rss/articles/CBMickFVX3lxTE13S0w1aE5adFVVa00zZjc1QlNwQ3RoN3V5RFhPc243dklkdlJEMEZKLVpiVVJMa0RNM25iZTgzbFduTmduc0haZ3RVNGFpX3NsZk9Lc01jb1lBNm1IcURXeWVMdW1Uamp1YTV0UDdtN1NiUQ?oc=5,2026-09-23 09:48,톱스타뉴스,1,+상승
402340,SK스퀘어,[MK 골든크로스 돌파종목 : 대성하이텍(129920) & SK스퀘어(402340)],https://news.google.com/rss/articles/CBMiUkFVX3lxTE11LTZaZm5nR1hxRzVPQVJYVUlzRFZhY1NfcTVaMmwxcjFjOUU0c2ZTcVQ0SEl1MGo1M09JVWZiWU5kMUpnZ0o3N3pwM0FWZy1mdWc?oc=5,2026-09-23 09:40,매일경제,0,
402340,SK스퀘어,"‘하이닉스 쏠림’ 심화하는 SK스퀘어, 자회사 줄매각 속 티맵만 남긴 이유",https://news.google.com/rss/articles/CBMib0FVX3lxTE9PMmZSUHU1eU4xdS1yOFcxZ1oyZzlHQ0ZNeWZFYmJGRlF2U3cwcHp6WVBaMlJaVWFLUlVBelhfcEpYZzF0S0JHT1JqWUhlU2taQURNQjlYWFY0UGFxUks3ejNDVkJmTnJFM2xKQTFmYw?oc=5,2026-09-22 10:42,리드경제,0,
402340,SK스퀘어,"SK스퀘어 주가, 9월 22일 장중 1,157,000원 2.66% 상승",https://news.google.com/rss/articles/CBMickFVX3lxTE5pSmJzYkJDUHRIal9BaWZpRC15NXVjN1FIZTNvVFpxVkVFSG9GajNkLTlSS0dNSHRqdUtKZmtqVk5yRTNOQ21wdVVUbFhSbGlJOFRoM1FNd1ZiS1ZRQWJ4Rk1yQTJnNjE2QTd3bDJmU2c1UQ?oc=5,2026-09-22 10:32,톱스타뉴스,1,+상승
402340,SK스퀘어,"SK스퀘어 주가, 9월 21일 장중 1,104,000원 2.32% 상승",https://news.google.com/rss/articles/CBMickFVX3lxTFBPemN2cmxFMHNQS2xzZ1dDdjB0YVlsQmt5dG00QmxIZm95aE5iemdvaWJQNmhaTTRZLUlJa0tUeEczcjJUQ2JCblVRclJaV0dobDZMMmhJQTl0d3oxX3FGc1dkSm14OXp5TzVjMkhoWmFsUQ?oc=5,2026-09-21 10:01,중앙이코노미뉴스,1,+상승
402340,SK스퀘어,"SK스퀘어 주가, 9월 21일 장중 1,106,000원 2.50% 상승",https://news.google.com/rss/articles/CBMickFVX3lxTE9VNDduVnUyXzJDRXphOUREVS1HTkJYek9nS003XzJ5X3NNTnhtVEFSZ3JXcTBaRGdBUHU5ZEZVMUo2TjkzUjNhYnNPVlFMMnh5eER5VU96NXlnYUZRX0pJcU9hanZySmMzNl9vV3E4U1NTdw?oc=5,2026-09-21 10:00,톱스타뉴스,1,+상승
402340,SK스퀘어,괴리 커진 대형주…최저 목표가도 못 미친다,https://news.google.com/rss/articles/CBMiUkFVX3lxTE0yOWhtRW5wUGFvTVRYV1ZQZ0VkYmVlYk9sMGk4dWFCOEY0bUVzZFN1RUk1cnpwQjUzdE5EOV9YNWdDR2dQTDhBUmRrMWZMYXpUTmfSAVNBVV95cUxNcDJaS2MwazBLb2YzNnZIc0ZnZ2xOTWxoTGdTVDhiVlI2VDZmWUFLSDFnaFM1c0tfVVR4QnhFQThXdmlSN1E1OU50dzlUTW1CT2VfTQ?oc=5,2026-09-18 18:01,서울경제,0,
402340,SK스퀘어,"[오늘의 주목주] '반도체 강세' SK스퀘어 주가 7%대 올라, 코스피 '미국 반도체 훈풍'에 6890선 상승 마감",https://news.google.com/rss/articles/CBMic0FVX3lxTE5sYkxPUGdMeFN0SW01YXNDWGZwMVZBTGhjd0pUWEpLZ0NkcE5wZUhyd19PMVJ3ZlVKTW5uRlZpRGlISFpNRkJ1UGFtMnNNM2pZZkZHbXFCaW42QlpQU1UzQW5NMmtuNWFURFNBcDhjdWR5M0U?oc=5,2026-09-18 17:18,비즈니스포스트,2,+강세 +상승
402340,SK스퀘어,"SK스퀘어 주가, 9월 18일 장중 1,038,000원 2.98% 상승",https://news.google.com/rss/articles/CBMickFVX3lxTFBKNmhHQ2t3Y21YbFpnT3VheUdycUFpcmRScGI2VFBaVGIyNWI4MUJPTXdnSTdUZ2ZZWVZvU0lzblJJMXVYNTFTOWR5YW1BWVVHUEQzbVNLM1oxTTlzcFlPVlZTaEwtSlE4WWJ6ODFJQlRfQQ?oc=5,2026-09-18 10:29,톱스타뉴스,1,+상승
402340,SK스퀘어,"SK스퀘어, SK 목표가 상향·하닉 호실적 전망에 주가↑",https://news.google.com/rss/articles/CBMibkFVX3lxTE52QmhUaWdoTUZCcVFBaS1abk9qQUlFNlBiVjhoUXJQQUFGX0twTnVXLXJvMUxHbURQMXBFUXpudHZqNE5JTGxWVl9DdGVObjFneWpRZ18wd0pjYkw4NjJHTm9td09IaUduZm9ZQ3Bn?oc=5,2026-09-18 09:43,gukjenews.com,4,+목표가 상향 +호실적 +목표가 상향
402340,SK스퀘어,"“SK 74만원 간다”...하이닉스 덕에 지주사도 ‘덩실’ [오늘, 이 종목]",https://news.google.com/rss/articles/CBMiVkFVX3lxTE1iUHpqU05EUzBKaEhaZy04Y3lZTTJyUjhQTGlwbGdyU2kyb0lfMVFBTkh2bVlReUo1WmtQMFBaLXpjLWZTMER2a2N1ajJGWWNzSG1NQkd3?oc=5,2026-09-17 14:38,매일경제,0,
402340,SK스퀘어,"SK스퀘어 주가, 9월 16일 애프터마켓 1,015,000원 1.50% 상승",https://news.google.com/rss/articles/CBMickFVX3lxTE9qeEc1TXVZUEF1b09SeWU1QjktWGxkLWEwR2J5aGtzeWE3NDd4a1VnZzd0QzJibnlJcTBkTHBKY0N6eVRSc3ZvQkNKYnRHQk12WjJuOThWWUFvb28tdWhlaVV1TXY2WXpPNkdvZlhod1l4QQ?oc=5,2026-09-16 16:50,중앙이코노미뉴스,1,+상승
402340,SK스퀘어,"SK스퀘어 100만7000원, 0.70% 상승…SK하이닉스 강세에 100만원선 지지",https://news.google.com/rss/articles/CBMibkFVX3lxTE1BRkJxM09oWDdnaWJ5R1FidklnWGVCY2tCdTc1VGtjbU1kZUQ3OWFpTTl2NkVQRllBaV9rUUt5NVhoMHl0TFZNVFBVRmhyNG83Snk0alNLR2c5RjNGQnVTTVZlWHpMOWpJUHJ6bDNR0gFyQVVfeXFMTUYzd0k2LUNRUnN5eUpIWFQ3VlVmejNPaENwZHMxQ3JSZUE5SmJJMzMtZVBiakhyX1ZYeFFIcXJ6T1I3RUs4d0JmRU1ad28wMVl1WnA1VFlwdlNxM3FpdXBZVS1JbHdZSUNWWmY5WHBkM3FB?oc=5,2026-09-16 14:44,잡포스트,2,+상승 +강세
402340,SK스퀘어,"SK스퀘어 주가, 9월 16일 장중 1,000,000원 보합세",https://news.google.com/rss/articles/CBMickFVX3lxTE1LYnJkTlMxUE9aUUtUYVp4TTdxOHdyRE9ZMnotU3B6ZW1VQzNYdlNhUkF6cm9BWTFaTk55LVlJbmdXZVdpSHFkTk93VmcxNVFmeTdGTkNMRHdzUDZXNjBrUUdPRVdSVGlqMTRUcXdXQjlYQQ?oc=5,2026-09-16 10:25,톱스타뉴스,0,
402340,SK스퀘어,"SK스퀘어 주가, 9월 15일 장중 1,008,000원 0.80% 상승",https://news.google.com/rss/articles/CBMickFVX3lxTFB2d2J4eGJ3MWNpNUlZeWZCMEwxZWZZSHAwT2ZfeVY5OE0wU0NTcm1fZXo2aEFxaVJZeXUxLThNZ2RHVlI0MkZxZl9TVnFpc1c0WS1EN1g1dVB0dk1pNlFsbVNMVzBvQ1dOQ1pwaDhReDkzdw?oc=5,2026-09-15 11:20,중앙이코노미뉴스,1,+상승
402340,SK스퀘어,"SK스퀘어 주가, 9월 15일 장중 1,007,000원 0.70% 상승",https://news.google.com/rss/articles/CBMickFVX3lxTE5acy1yRXFuZE0tLWlJaTRqRlIzd25tYlZKSFoxVC14Tkh5a2pLeUFWbWlXbDB3X1dLZnc0UGk5RlRBRjVoenF2TjhOZi01NGpkc1R2UklyMHJqSDJzVTg4MmdpVVdUSGdwWHlmeE1OS2UyUQ?oc=5,2026-09-15 09:57,톱스타뉴스,1,+상승
402340,SK스퀘어,"[오늘의 주목주] 'AI 속도조절론'에 SK스퀘어 주가 8%대 내려, 코스피 반도체 약세에 6680선 하락 마감",https://news.google.com/rss/articles/CBMic0FVX3lxTE8zeFpKN0tRcjIzUnJMaHlGR1NERWJfQ0NHNGlOcXpvR3pVRTQzaFowREMtTkRlNUZEcTdXZHBPN2VYRmNkb2NMbGFibmhNbkZrRXhsT1lZUDFmVGk2X0F1elRnR2IwdUFrczhQN0RiR19kTTg?oc=5,2026-09-14 18:03,비즈니스포스트,-2,-약세 -하락
402340,SK스퀘어,"SK스퀘어 주가, 9월 14일 장중 1,021,000원 6.24% 하락",https://news.google.com/rss/articles/CBMickFVX3lxTE15dkNldk9tUjEyMDNjWVBDVDVWMVlDb0VYc01nSXNXYXpCU2t0SUZHZnlGWWFrMzVIX18zT29Ual9SUVVfdUVlTHR0cWtrYlhVOUFGbVlEa0xYSVpPUnEwdlF6QzBqeWpieFVJdl9qU0lGdw?oc=5,2026-09-14 10:06,중앙이코노미뉴스,-1,-하락
402340,SK스퀘어,"SK스퀘어 주가, 9월 14일 장중 1,022,000원 6.15% 하락",https://news.google.com/rss/articles/CBMickFVX3lxTE1KYW8yU0ZJdVVVLVUyUERiWXB2Z2lSM2FZdTh6bW9pSEpIU2hNdDVvSEF1dGN1ODVnUnJzUDA2SHhwY2x6SDBPRGVCdEwydXZBaXpyU1J6ZG45S0xMVVM5TmJfTHA4bDN5VzBVRkZuSzRLQQ?oc=5,2026-09-14 09:48,톱스타뉴스,-1,-하락
402340,SK스퀘어,"SK스퀘어 주가, 9월 11일 장중 1,081,000원 4.76% 하락",https://news.google.com/rss/articles/CBMickFVX3lxTE0wNW1FM0E1dWJkbE9UcUVuTWhTbzJTSUFVYkJINUxIZHEtWV9vZEk2SzU0TVdJeEM2a0JYX1lmZVRGTEswbFJZOFVHLUhwaHJEZk5EMlNfMXpIbnBsRlRyM1pnUlFELUYwUFBZX3E2YVpUUQ?oc=5,2026-09-11 14:47,중앙이코노미뉴스,-1,-하락
402340,SK스퀘어,"SK스퀘어 주가, 9월 11일 장중 1,085,000원 4.41% 하락",https://news.google.com/rss/articles/CBMickFVX3lxTE5OMjY5dVhEblNfUEdueFhSRGxOekJMdlRTeEFsb01kUGdhNlRqQWNyNV9xSXZSbnp0YmluMjJWTVlJdlAzYUhfdFpLcTNxLUJBdUxwbWN1SGxMY2VCckFwZEFTVkNfejNodGJpU3VTNWJXQQ?oc=5,2026-09-11 13:49,topstarnews.net,-1,-하락
402340,SK스퀘어,"SK스퀘어 주가, 9월 10일 장중 1,132,000원 0.53% 하락",https://news.google.com/rss/articles/CBMickFVX3lxTE9sUUVxV3VhNGdZdE92ZE1mRDlDWGZyczIyZ1hGT1JfNzU5bE0xbnlNTkd6a29vYmVvOHFSWUEtczZGUXYycjA3cTJtSnl1VW9MZXFzNW1PUjJJRDZnSnZHYi1IMm9iYlpkcm1reXI4LV8yQQ?oc=5,2026-09-10 10:13,중앙이코노미뉴스,-1,-하락
402340,SK스퀘어,"SK스퀘어 주가, 9월 10일 장중 1,120,500원 1.54% 하락",https://news.google.com/rss/articles/CBMickFVX3lxTE5qYURWUnd2SnFEQ2FzX0lhclZmQWVVRU10a29IQmdpcHlHSEM4eThKVUM3b2R2NXRQYnBPMXBlckpjek9hQW1wYzFtT0xaLXk0bnp2VlVXb1ctQnlxMkM3cHVCSnlzTWVpOUx4ZHVKZHZLUQ?oc=5,2026-09-10 10:00,톱스타뉴스,-1,-하락
402340,SK스퀘어,[1% 초고수의 선택] 삼성전자 하이닉스 팔고 '삼성전자우·SK스퀘어' 샀다,https://news.google.com/rss/articles/CBMiaEFVX3lxTE1zREdJcXhNbWgxV0RDTHJWekdDYUh5UTRWeXk0aFJobHF0QmFHS1FOdHM2Y252X29ERFdHVkR4LVZmQTRQY2tIWHY2YXZ2eFhkY0VFZzFTd09UYXlfNjB3SmhJY25TamRv?oc=5,2026-09-09 15:03,ebn.co.kr,0,
402340,SK스퀘어,"SK스퀘어 주가, 9월 9일 장중 1,131,000원 지난 종가와 동일",https://news.google.com/rss/articles/CBMickFVX3lxTFBfUTNNWFRZVmtoN3p4bkdfd1JwSU1GM0FkNXBmanJJam1kSG9QYlNjd1VsbnlSNXdoVkJqOHBIODZuLUc3alctT1ZtR216Qkd6R2JWekdKVmFVazVPQ2xCX3ZuWXljd1dxeTRXbHBwU2ZrQQ?oc=5,2026-09-09 10:39,중앙이코노미뉴스,0,
402340,SK스퀘어,"SK스퀘어 주가, 9월 9일 장중 1,129,000원 약보합세",https://news.google.com/rss/articles/CBMickFVX3lxTFBYTTloYllDX2ZHMnlYTGNFemZqV2pLYkhZbGF6XzZ5N3d5c0FfMEhRZVU2LXZoWFBNd0haWVJjVmZVSzdGcjJzSnRpTGZRUG1fTHJHZkhEdVY2WjV0NDF1SF9kbUdMa01ZczRfWnV6WHdqZw?oc=5,2026-09-09 10:00,톱스타뉴스,0,
456040,OCI,[공시] 주요사항보고서(영업정지),https://dart.fss.or.kr/dsaf001/main.do?rcpNo=20260929000097,20260929,DART,-1,영업 관련 중대 변경
456040,OCI,[공시] 매매거래정지및정지해제(중요내용공시)              (영업정지),https://dart.fss.or.kr/dsaf001/main.do?rcpNo=20260929800185,20260929,DART,-1,영업 관련 중대 변경
456040,OCI,[공시] 주요사항보고서(자기주식취득신탁계약해지결정),https://dart.fss.or.kr/dsaf001/main.do?rcpNo=20260810000278,20260810,DART,-1,자사주 매입 신탁 해지 — 사들이던 것을 그만둔다는 뜻
456040,OCI,OCI 테마주 희비…OCI홀딩스 오르고 SGC에너지는 하락,https://news.google.com/rss/articles/CBMid0FVX3lxTE11bnV0aFh0OG9MODB2cGJxWjg1ZlREb0RYeGVEdkpXX3c3VVpEMWVZWTFwM1NSa2dETkF2bUxONHBDVGxiLUZhYXRuYUpXaksxTjlINHVnR0htS003SW1hYkQwNTF2dFNvM0tzWHNhOHRPZWd0RVFZ0gF3QVVfeXFMTXVudXRoWHQ4b0w4MHZwYnFaODVmVERvRFh4ZUR2SldfdzdVWkQxZVlZMXAzU1JrZ0ROQXZtTE40cENUbGItRmFhdG5hSldqSzFOOUg0dWdHSG1LTTdJbWFiRDA1MXZ0U28zS3NYc2E4dE9lZ3RFUVk?oc=5,2026-10-02 16:24,핀포인트뉴스,-1,-하락
456040,OCI,"[클릭 e종목]""OCI, 카본케미컬 수익성 예상보다 부진…목표가↓""",https://news.google.com/rss/articles/CBMiVEFVX3lxTFBFNDlWXzlsRnF6SU90U2dfWERnSHJkNXpCQjg5ZlMzUmV1Yk1VeGEzdndPcllUcFoxRmlZVWdpdHdlQ0duNzdUbFl4bGlneDExWUJRdg?oc=5,2026-09-30 17:58,Daum,-1,-부진
456040,OCI,"오라클 주가 전망: 넷앱과 OCI 스토리지 서비스 출시, 주가 140달러에서 반등할 수 있을까?",https://news.google.com/rss/articles/CBMizgFBVV95cUxONWdvVWtENUVfajFSbkFMb2JNZGlTemVNOXliSXlKOXBRNTk0X2ZhQjVQY2p3Y0lFVjdDVEI5MFlDamZQRGI2M090anhWaWFPUjlkOFdlRDhmQlpoOF9lRFZ5bjJsUTFKSXNtS01QV0RpZ1VvVFZCZ1BxcjFhby04LVo4QjN2UVJYcHJRN0xSUGZKYWt0ZFpaZXpoMVQ2aDRPcWs5blJKZF9jcWJsTEMxVXpWdkVUVnQ5M1dscE0tdUFfQzZJZTUxRWEzXzA0Zw?oc=5,2026-09-29 09:41,TradingKey,1,+반등
456040,OCI,한화솔루션 주가 전망 : 오늘 14% 급등한 이유는? 태양광 관련주 가격 동반 상승,https://news.google.com/rss/articles/CBMigwFBVV95cUxNVlBPQ01TNTFWazZaOUFqM0xVcklzZmlqWXJ3OWdoanFBUkJyX3ZJd1I2NG5wZW12REE3cnJWNVctSE1saDV5Zkw4eWplTGkteWl5eFRNNWNIVWRxTEV4VzBMbVpLeWZwYnBkSG5DNHhKYTV5VmUyYmFza2g3Y1V0MEx4MA?oc=5,2026-09-29 01:16,contents.premium.naver.com,3,+급등 +상승
456040,OCI,"""지금이 가장 싸다""…12월4일 이후 '가파른 상승' 전망 나온 종목 [주末머니]",https://news.google.com/rss/articles/CBMiYEFVX3lxTE9VZE5uWEt4a2ZiaE5oYWpwMHpGRlU1N09zSS1WNjZqZjhRYURPajMtTWtUUEVpc3diSTFHVUZpM19SZUo5UmVyRUhKLU5SUW03bjE4RGV0cnNEcHE5alpaTg?oc=5,2026-09-26 09:05,아시아경제,1,+상승
456040,OCI,"OCI홀딩스 9.84%↑, OCI 4.63%↑…관련주 일제히 움직였다",https://news.google.com/rss/articles/CBMic0FVX3lxTFB2dnVDbWRWYy1yS3NqNWtzOE5tZy1PV1k4VWlFRHVJeXJObHk4UUtfallJUmF1SWpQZ1dObmItX3NnT3ZpN01QN3FFWWwyRkNUbzJ2SE5IUndDak84S2JROVA1X3QwMmVsVFpncDZCTmZCSlXSAXdBVV95cUxQUXltRDV3TlplYV96Ty1BeUtyVXBsTTZaSGVzdTJtckhnN3pTdklVS2IzcFNFVlRXd2hoZDZLMDk0T1pRdlNNbzV1MFlZQkFsVjByNk55VFV6a0xsNVJETFlQbjFEcFNIZFBUMk0yYWxWNXFuVWU4SQ?oc=5,2026-09-24 16:27,핀포인트뉴스,0,
456040,OCI,"오라클, AI 수요에 OCI 매출 121% 급증...실적 예상치 상회",https://news.google.com/rss/articles/CBMiZEFVX3lxTE1xeXpMMGRtT3BadXhyTTVQZTk4Q3JrOVAxQ0RsYnRQSkdudUJiaEgwYk5yNmNkLXBQMW9VWkh4R2hyY3BjdHJKbnNsLTBsWUVQdHFKTk1DZTNjUWo3al9iSkQ2cng?oc=5,2026-09-11 10:14,ppss.kr,0,
MARKET,시장,[AI MY 증시전망] 코스피 7000선 재도전…외국인 돌아올까,https://news.google.com/rss/articles/CBMiXEFVX3lxTE1VdzFGMXRTNlA5ajNXcVNvX21sVUFMVll1cmhIdmlNa0dodU96dU9INDhqcHpFbmV2SXZ0Z2Ewek5uUnRGeWFZeS1jZVM1S2VUTzY5XzJvV3B0bXVL?oc=5,2026-10-07 08:03,뉴스핌,0,
MARKET,시장,"“코스피, 7100만 찍으면 7700까지 간다”…장밋빛 전망 근거는? [오늘 나온 보고서]",https://news.google.com/rss/articles/CBMiUkFVX3lxTFA5MEhwY05sbHJBNEtjSGlUNGI4REUwLXo3SmM5VmRqeXpOYmd6VGZpekd0dGpHRHNvS2gwMEp4Mk9jeEdlOFJXRURtTFY3M0tjUGc?oc=5,2026-10-06 08:46,매일경제 마켓,0,
MARKET,시장,[AI MY 증시전망]코스피 7100선 재도전…삼성전자 실적 '주목',https://news.google.com/rss/articles/CBMiXEFVX3lxTE5YNjV6Mzhka0VwN1NlX3NyLVNBQ1VIVXJ6cE4xYkU0NGpacW45dVBScWM0QXJPcEtiaEdpZF9TT0JoUXUxbTFFS1N4LUNKc3lkNmZDMlB3Zmc0RnQy?oc=5,2026-10-06 08:09,뉴스핌,0,
MARKET,시장,[주간증시전망] 코스피 7000선 안착 시도…삼성전자 실적이 분수령,https://news.google.com/rss/articles/CBMiZ0FVX3lxTE9lbElRWXRReHBLcHk2Y1hmN2twd2xPVndYNHRDUTNOQjNzYjU1NDRVeFRpVG5NaHkzMDUxSGdtOFlGZHBqd0RuSmhlZVlkenMyenBuMTIxQTFTcjhNOVZzbFFoMkVZaTA?oc=5,2026-10-06 07:30,자본시장뉴스,0,
MARKET,시장,"삼성전자 실적, 고금리 부담 뚫을까…코스피 7000선 안착 시험대[주간 증시 전망]",https://news.google.com/rss/articles/CBMiUkFVX3lxTFBwZDJPRlQwSjRjeEtTbVJHTGpkY1BvZ3hHVlN6SGZaYmF2b3FxZlpUVHI4Z0FoUHlmS3ZrM29IM09PQUZkTTZhRHZLekY5cXJCNkHSAVNBVV95cUxPbFRvYUtYZjJPZGNkZTBRc2xCQmJiMzV1OTREMGctZHRPQ0xlR3JHLVFXVkRtQjd4WnN3LWdmeEhjb2NkOFdrdnozNEppeTNzNDM3OA?oc=5,2026-10-06 07:00,서울경제,0,
MARKET,시장,[주간증시전망] '7천피' 안착 시도···글로벌 금리 흐름·삼성전자 실적 '변수',https://news.google.com/rss/articles/CBMiakFVX3lxTFBlak5WRE1RbkUyQmF5ZDNpVlRKTDhyZURYYi1KQkFLSVEtQnUwSDVjazIzWG9DQjhENjBQWXlHTmNnYlRJUUZiNTF0Rkh6bl9sWXFvSi1NeVpGa1pBTG9saVVNRWowRG9MZ2c?oc=5,2026-10-05 18:00,서울파이낸스,0,
MARKET,시장,"[주간증시전망] 방향성 탐색하는 코스피, '삼성전자 실적'에 쏠린 눈",https://news.google.com/rss/articles/CBMiiAFBVV95cUxNQmdSYUI4VWNhYUV5Q2Z3UTNJRnUtZnQ4MzE0anhKMTg2UEVqTWdmTHI5Vko3YmZ6cDI0QzZKRVNFbjVzZS1JUlJaeGd3ZGpIZFdfMkNmRjBldW9tV21ES1laSEpRSVVsSjYyNU1VRkhLbkhqTS00WWNKbkZJaEZuV212MnJhUjVj?oc=5,2026-10-05 09:00,글로벌이코노믹,0,
MARKET,시장,[주간증시전망] 다음주 코스피 6500~7500 전망⋯‘삼성전자 실적’이 분수령,https://news.google.com/rss/articles/CBMiVEFVX3lxTE01NWhueFFOdEx1T2RYLVpMcEVLMFA0OU84a01sQ19yaFpEMlZKeGphT3VscFMyR0VZVURYUG5xc0tQczYtbkJjUTZHaUhFTk45ZVhlUg?oc=5,2026-10-05 08:54,이투데이,0,
MARKET,시장,삼전 실적 기대감 커진 코스피… 금리·유가 상승폭 가른다 [주간증시전망],https://news.google.com/rss/articles/CBMicEFVX3lxTE5qWkZNeDA1X2ExOUc1VUItYm9NWHQ3SWxGR1dfRk1lTmhWVHRCWjJvT2dZRzMyc0lpaGdxUzhDREduMXQ3dzUyMGZKV01iMkdheV9FRm1vakE1ZUVfWXU4VU1GaTVWV3VvVm1xWTlMZ1PSAXRBVV95cUxOY2cwVlB2a29md1p2Zm83RDZyT0hzMTVLbV9SU1dOb1B6ZExGUmhvdXY2c3hzMDl1NW9CS2hfY2tNUWtBOWNra2Y4Q2E0cDRUdjBRcTgwemlxeDdCQ1djdHRRbGdYTUlYOENVcXotOWhWdnplVQ?oc=5,2026-10-05 06:10,IT조선,1,+상승
MARKET,시장,[주간증시전망] 코스피 7000선 안착 시험대…삼성전자 실적·美 금리 주목,https://news.google.com/rss/articles/CBMiaEFVX3lxTE1KTkMwdU1mMDkwY29QYXd5THRWTDVHUmtJc1BTODlNTGpaV1doSzhVVHhQSEhZU05jbExMQ1FFME1rbmVBTkZkRUNUY1AzMFlHUy1McmxPUndUSG84bV85cUc4Szk5X2h0?oc=5,2026-10-04 16:12,www.ebn.co.kr,0,
MARKET,시장,"[주간증시전망]코스피, 7000선 안착할까…삼성전자 실적·美 금리 '분수령'",https://news.google.com/rss/articles/CBMiYEFVX3lxTE5qUWh6ZW1LQ0FjRzh1T3NGb3NIQmVLV2EzN3ZFSDFKWmNsX3A3blpNZXZVVVlEWm9sbXd5NkthcG00cmRzeWRmdEd1ck1lQmlxeVlzSGgyQkEtWGhGc1pJb9IBeEFVX3lxTE05RUpnd1NFWktTOXVSNDMyS3lPX1JIMEhyM3FNUk9XU1h3N2hXdDVsQ2tLUWVyQVRna2ZPb1JPR2Y2V3R6VW5nTE1vRnpVVVpzRW5Xdl9QUy1sam9jTDlmcVJBa01aZXBwNHBMcDZYTHpKeE1iV3JhRw?oc=5,2026-10-04 07:00,뉴시스,0,
MARKET,시장,[주간증시전망] 7000선 회복한 코스피⋯다음주 삼성전자 잠정실적 발표,https://news.google.com/rss/articles/CBMickFVX3lxTE1NVkVwNHJMaXE2UU5yUDdpOEQyMWVuV2JTMWhQWlhoY0hLSlRLNUJCREM5Yy1MUXh6Yjk0Ynk2X2MyRmtnNDZGaVM2N3h2bWZCWFZCb0d1bFZWUVVNYmIzQU1qVzdFaXpoSXhHbncyRVFBZw?oc=5,2026-10-02 21:23,이투데이,1,+회복
MARKET,시장,"[AI MY 증시전망] 코스피, 금리 부담 완화에도 유가·고용 경계",https://news.google.com/rss/articles/CBMiXEFVX3lxTE1IQVRfYXBZaFhJUXNRM2RMMDFiellHY0ZVUU1KN3lQM2N2cGRZX053LXRFaHd5d2t2RUZhcVVxY3c0TTRmcllzZkJaNDJnRE9zNWJ4c0xqQ3l6RDBs?oc=5,2026-10-02 09:23,뉴스핌,0,
MARKET,시장,"NH투자 ""다음주 코스피 6500~7500 전망, 금리 부담 줄면 박스권 돌파 기대""",https://news.google.com/rss/articles/CBMic0FVX3lxTE1kQ0RpQmdvMmJ4TmpsNGw2WWlJQWJEMDBIRllJN1h1eEVrR1RaZDdqdllEZWI4R3Z0VUZzZEszU09QU21LV0tqbEFQWi1vZG1RQ1FzaERMTFZ1NzZmT3VIVG5aYmpmQkhSNlQzSW5lRFNGeGs?oc=5,2026-10-02 09:15,비즈니스포스트,0,
MARKET,시장,[마켓프리뷰] 금리 급등세 진정에 美 증시 안정세…코스피 숨고르기 전망,https://news.google.com/rss/articles/CBMiWkFVX3lxTE83bzRaM05NbV9sUEt3QmFzVlJfS0g0cEptdTdmbFlJMjN4Z29VZmtWaUo4NWlhQ3NXLTFwS0t6amdNbUFFeGpxTUxjTjI1WF9UTnIzeGViS3Z3d9IBWEFVX3lxTE1NOXpTNGhySFFhbHJVd1ZleEQwOTJFb1cwNzZtNFpfNXNXV1JSRkh2ODNKNWxtSVpydzB4eE54Q1hIN29pakRvajRBUnNTTm8tT1prQUpCSUk?oc=5,2026-10-02 08:26,아주경제,2,+급등
MARKET,시장,"[분석] 10월 증시 전망, 반등의 길목에 있는 코스피",https://news.google.com/rss/articles/CBMibkFVX3lxTE02UWZRNGhzUld2dW04V3JhQ25icW1MUndkSXg5eWp0TmpuN1o4a3NEQ0dwS242Z0VxM2F1REU1V00tLUxXb1MzNHZqS0JXNml0RFd5NWFLXzJOU2QtVTc4S2huTVhtaTJZMTlHcm1B?oc=5,2026-10-01 08:00,alphabiz.co.kr,1,+반등
MARKET,시장,"'7,000선 공방전' 지루한 박스권…코스피, 4분기 전망은",https://news.google.com/rss/articles/CBMiYEFVX3lxTE9fak1qaGRuRDRtY3JuWV9NZTNCdVppcHpoeVlmN2JDZTJ0RG4tTlNONFI4QzctTUh4QWVFWkd0LWFsaUpkSmhXTjQ2WkZTQVkzQ1B5MXUtX3pUWUotTVBpeNIBYEFVX3lxTE9fak1qaGRuRDRtY3JuWV9NZTNCdVppcHpoeVlmN2JDZTJ0RG4tTlNONFI4QzctTUh4QWVFWkd0LWFsaUpkSmhXTjQ2WkZTQVkzQ1B5MXUtX3pUWUotTVBpeA?oc=5,2026-10-01 05:00,연합뉴스,0,
MARKET,시장,"[AI MY 증시전망] 美 장기금리 5%대 고공 행진…코스피, PCE·외인 수급 주목",https://news.google.com/rss/articles/CBMiXEFVX3lxTFBZQTZZLU5NcTctOGt5R0UyaHBRWFBLWXlUNHlRZlp2WktMMjc0Sm8yd0F5UXFyS0RVbURORlhrazUwQ20wbkl4UExLS294bkNDc0JlSGp6TGZOTXRE?oc=5,2026-09-30 08:45,뉴스핌,0,
MARKET,시장,"코스피, 외국인 매도에 6840선 후퇴",https://news.google.com/rss/articles/CBMic0FVX3lxTE9iYzVrQ09JNk5lS2s1cDVITDBsVGU2aUtQaVRpN1ktTkE2ZGx4NEJZV0dfQnpyZWpJM0Q4dnF6VGdpem95bmZKY1JKdk5EcDBwUTZmOEFNSU9janBsYlg4YXo0bnF0djByRGFTb09vTEx3b3fSAXdBVV95cUxQUkVTMExCZkR6ZjQ2THJqQU9fLXFSZlk0ZzFLWjhPSGRfNVItMk5Da1NPdDNHME83RHBGazBVYnd6VHg1anVIaE95eTV4aFlucTFVTlZEVGxZeXJ4cEVxQkZoQUdEQkl6d1pRMUpOeXlVbnVkT01TWQ?oc=5,2026-09-29 09:49,스트레이트뉴스,0,
MARKET,시장,"[AI MY 증시전망] 코스피, 美 금리·유가에 부담…마이크론 실적 주목",https://news.google.com/rss/articles/CBMiXEFVX3lxTE81dlpyTE9VZnJ0Q0VXakxfaUFPS1Z5eF9aWDBOMERQSHh1MmZiWTliTGdqSy1WZ0d1aTN2UTNRTkZRSXh3TWg2OWV6dG5VYjNCODVScXROanFrd3ND?oc=5,2026-09-29 08:47,뉴스핌,0,
MARKET,시장,"골드만삭스 아태 대표 ""코스피 1만2천선 상회 전망""",https://news.google.com/rss/articles/CBMicEFVX3lxTFBPS2ZTMTQyRHdfcEdhTTN1QjRDUnhaM0pQUERhaUJFa2wwXzZuVW5qSlkzdWtCZ29mNEhGeGdrNlcxWGptT2RFbWtpOU5kSklzeDNNYlA5dXpaZWlLZEFubW9zOTdoem5xTmpEMDhPMTI?oc=5,2026-09-28 17:33,코리아리포트,0,
MARKET,시장,"골드만삭스 ""韓 증시 미래 밝다""…'코스피 1만2000' 전망 재확인 - 머니투데이",https://news.google.com/rss/articles/CBMiaEFVX3lxTE1KSjU5ZWRrWWR6UW9NcFNVTkJzbG5RWnRtQmY3eGV4RlNxWmprTHJPdi1xakg2OGV6eXZaVm5aeFpZb29mcnhpNEFwQzhxR1Vnbzd2VEMzLXNDMWpGNnJCX2xBUG1xWFVy0gFuQVVfeXFMUGpGczJncVdSQ0hlMG9JVEt4c3hOVnBwUW5jZmxQampRUzd6SDZqRmNSWHhBYmh2OThjUDRybkNQcjdrUGctRmVuTWs4S1drVXM4V2I3Wk1SYUo4a0dNekVNcENDYTZRV3lPdWNPMGc?oc=5,2026-09-28 16:26,머니투데이,0,
MARKET,시장,골드만 “코스피 1만2000 넘는다”…이억원 “한국 증시에 관심 이어지길”,https://news.google.com/rss/articles/CBMiZEFVX3lxTE9VZXpYNnJpLVJjc2txVjF1R2ZnSU53bm9UVkZjanZtRTg1U1d2a1FkZzdwaTNFM2wzTVp2Z2pydDdLTEpidXY0R2pKNk95QjhKZkxxYldnZld4ejhJeVdRenhsMG4?oc=5,2026-09-28 15:52,디지털데일리,0,
MARKET,시장,코스피 7050선 약보합·코스닥 상승세,https://news.google.com/rss/articles/CBMic0FVX3lxTE9PZlV0ZTV2bHgwQ3B4WENxN2RuLXRnb0dyeXlqUUhsQUZZdHRxMWp3MUhUbG5OQWpuVVpoNHhTT0E0Vjl5S3c4SFRGZ29FcDZzcDZNdWNfY1JOQ1c1OGg1dDlRVkhqcnZjdkF1a2NQVUZ1SW_SAXdBVV95cUxPeWljSWgtRnBrZjBWaGNTSFpXaDVzdHFQRFRNd1lRN1MwbFlRWktzRVRqNjBvd3hBeHE5d29EOFI0dWYtbWxtNk1BUEx1cU9kaU9iaFI1ajJzb2gzak1lRTFQMWlESUtaWHVZVmF6ZDFEdFo3ZFRkYw?oc=5,2026-09-28 09:32,스트레이트뉴스,1,+상승
MARKET,시장,"[AI MY 증시전망] 코스피, 美 기술주 훈풍에 7000선 공방…장기금리는 변수",https://news.google.com/rss/articles/CBMiXEFVX3lxTE13cENPejk3MHByZzVrVFNFeGplRlNXOFVBZkh0WkZmeHVSbmxqQ2ZYeVJlT3dWYXhwWjBxeGRVTGVJMzdZc2FabVRnbWdiNzBrUXIwZ2RYYVVrS19U?oc=5,2026-09-28 08:43,뉴스핌,0,
MARKET,시장,30일 마이크론 실적·美 물가 발표…“코스피 1차 목표 7600선” [이번주 증시 전망],https://news.google.com/rss/articles/CBMiUkFVX3lxTE9GbnpzMTVfNmJDR042MmRxd0V6ZXVLTjhsbG1mWFVEek0yTUI0VU1BdUJ1clk4VnVFV3g4RVlTNTlMcE9JdTFDcmk3LTN1cVVOU2fSAVNBVV95cUxQYnptNVBKUGNjdzA5eERzNUxIdG5ld3lSbjMtSGJVQ0s1RDJ2ZXc2ODFJRGV3QUVCcm9MZV9tLUFpdzROYkRoSEtldU1hODVFWkdwbw?oc=5,2026-09-28 06:00,서울경제,0,
MARKET,시장,"코스피 지수, 삼성전자 하이닉스 목표가와 상승 최대구간 ㅣ 증시전망",https://news.google.com/rss/articles/CBMiiwFBVV95cUxOVjBSQ25xcGE1VFVtbl9JQnVaTVlJUnBRdHloVG9TNTFEMXlUZ2NXMHl1dXk1a0lqR2l1SEpvdVEyVHVCaXRYZzFhMlZSd3dnUlJRbFVhWVc4eUlRU040Zy1IWDBxLTQ2Y3cyd0ZLQnZkdlJlZ2k2RDJsTFlDVmRwUkVDb0VVS2EzRUJ3?oc=5,2026-09-27 22:58,프리미엄콘텐츠,1,+상승
MARKET,시장,[주간 증시 전망] 코스피 7000선 안착 시도…마이크론 실적 '분수령',https://news.google.com/rss/articles/CBMib0FVX3lxTE5NbE9KNDZhcHBPVDhSampWaEw0RnhnU3ZGZDVQVlhVZGgxY1N0bTRNVHRtOUhJSER2U05PVGlhQnRfSl9TLWdacXNMYk5HSk41Wjc3azg2eVVyd2t5dklNNGR4MHdpSzQtQlhoMWhCNNIBc0FVX3lxTFBrVjNkWGdtdmpzNlhid216dlBYWmNHakRXMDhEYUxhT0FfTWV0dzVMclZxaVVRSy1ld2JjNDBkQmFJemZQVzFGZ1o2dWswR1F5ZG1QUUl3SS1BN2hkd3ZYcExSSFVrOWNlTVFUUjBUdjRySVU?oc=5,2026-09-27 14:00,뉴스웍스,0,
MARKET,시장,"[주간증시전망] 7천선 안착 노리는 코스피, 유가·금리 악재 뚫고 랠리 이어갈까",https://news.google.com/rss/articles/CBMiWkFVX3lxTE9YRXhXWmk1enVCTVNvcHJ1ZmdWdUdJUjc1elo2NWRhM2tESHVEeHFjcDBGTF83QjQtdWlQaTRlQ3R4VkNWODJ3Y05oZk5KX3oxMFBTWHc4ejhkZw?oc=5,2026-09-27 10:28,브릿지경제,0,
MARKET,시장,"[주간증시전망] 숨 고른 코스피, 7000선 상단 돌파 나선다",https://news.google.com/rss/articles/CBMiiAFBVV95cUxQV0VmeTFQYW1YaGJnQk1kTVNGSTA0OEZ2T2czLTl2MjFGclg2cS1CbVB1bVN5Tk9Ib21VSlAta09IT3dYa1BnQ1lJNG1kVXBsR2gtbU95eUxFSzktMENkc1VZUEh1dnhzeENIa1pBYXlWLWN2dEFPaldsWlVVRTVUZjZ6RE85MVk1?oc=5,2026-09-27 09:00,글로벌이코노믹,0,
MARKET,시장,[주간증시전망] 7000선 올라탄 코스피…유가·금리·반도체 실적 주목,https://news.google.com/rss/articles/CBMiT0FVX3lxTFBNbFdBM1d4bUtzUWNuWjZEbHhzVlJHcXZLV21WeHl6Vk1tbmxXQjZ1eGE4Mk55VVBJOFJ5aEJDUWtsQmxpblpIMGowTWwwakE?oc=5,2026-09-26 06:01,v.daum.net,0,
MARKET,시장,[주간증시전망] 코스피 7000선 안착 성공…연휴 이후 주도주도 역시 '반도체·AI'?,https://news.google.com/rss/articles/CBMiVEFVX3lxTE9YVTlMODhFNHkzOE1kOGYyR3kwSVg2U1JhVWhEVFdPckNrdUhFV3JyY3ZhSHlNR1dja3UtNHlFRkdMeUdRRXdRaGFHZlJmLS16VTFqeg?oc=5,2026-09-26 06:00,이투데이,0,
MARKET,시장,"추석 이후 코스피, 연말 랠리 이어질까…증권가가 본 4분기 전망은?",https://news.google.com/rss/articles/CBMibEFVX3lxTE1Fc25sanR4VmtmTHQ2QkQ3Wlp1M3FBNGt0NnVmSGI5TnZxLXpMeTNldWZrX193enRIcnd4aTdaXzJGSDNzQlY5Z2NEMVRLc2c4Mi1zLW12cGplZGZJMXN2eVh1djR1eEJNRFNPUw?oc=5,2026-09-25 14:19,ER 이코노믹리뷰,0,
MARKET,시장,"[추석 이후 증시] 장문수 센터장 ""10월까진 투심 부진, 코스피 연말 8400 목표""",https://news.google.com/rss/articles/CBMiaEFVX3lxTE53ZVNCMm52STUwVng0NC1vbTFGd25jLTJTcFZnWjFCZkZWSVhhckZINkppYWpzaDVaZzNjQTcxVWpXS0tfX0V5eTRLaW9hbnNfdUhiRjU1ZjFzNnhVci15VE93MTVYbmpH?oc=5,2026-09-25 09:10,팍스경제TV,-1,-부진
MARKET,시장,"코스피, 장중 7000선 턱걸이",https://news.google.com/rss/articles/CBMic0FVX3lxTE1FLTlUTUFTWm0wUW5NSlZMdHRkM1dFRkp4RlRtcUxwRE1TemJDSnJwNm9OOXZGcndyckdPbDc1dDNnM1pBTjNJMVlaeUJRNGNBWFpGSVF3TmRQQ1J0b1BBd1FsQVlZdjRVMkF4MXJtNmg5MDTSAXdBVV95cUxOMk9sSDJsSE12VzdibU5Ka09uZUtndTdaRHo2ZzV3a21zSDJYMHVDYkU3eXV3T2pjN19JWmtJVVVOYmpUWU1qMDdDaEhWTWtXTXZKanozNFVYeHRhYnJpa203VUdoNkV6U1V2a014REpaX0dVWGNtUQ?oc=5,2026-09-23 11:10,스트레이트뉴스,0,
MARKET,시장,"[AI MY 증시전망] 코스피, 추석 연휴 직전 상승 전망…반도체 강세 '주목'",https://news.google.com/rss/articles/CBMiXEFVX3lxTE1XdVpkY2NMY0t2OVJldG4xRDNPeHVZaUZ6ZUZQek1leWJ1VWZtN3lpSWpOZXdtQ3JZa2paZlJ4dFFuUUhOX0UzS2p6YWJrNUZlMlVtM2Ixb3RDM3NJ?oc=5,2026-09-23 08:21,뉴스핌,2,+강세 +상승
MARKET,시장,[굿모닝 증시]美 반도체주 강세…코스피 상승 출발 전망,https://news.google.com/rss/articles/CBMiYEFVX3lxTFAxODV3UHdJbG9faW1IbmVqb2lnTVFFZEFZVDdnQUIzSEE0OTdSNTF6ZVZfX1Z5YWQ5b2JxY0E2TkMwcjByN0lMR0lQSWhJUkZ3cXRMeU56STNfM2ZaSmV5Qg?oc=5,2026-09-23 08:10,아시아경제,2,+강세 +상승
MARKET,시장,"[AI MY 증시전망] 코스피, 美 반도체 훈풍에 상승 전망…7000선 안착 시도",https://news.google.com/rss/articles/CBMiXEFVX3lxTFBQYWI3WXdfa1hINkc4OHFuTjZQVDFfVTd0ejNxVVgwSXpHUG5pY0Q0SWdMejQ5bXlGNk10LWdVb2o4TExrYXZUNGI3WU9xSzQtXzlMTjVGS2hrRm9l?oc=5,2026-09-22 08:51,뉴스핌,1,+상승
MARKET,시장,[오늘의 증시]美 반도체 훈풍에 코스피 상승 전망…7000선 돌파 후 매물 소화 주목,https://news.google.com/rss/articles/CBMiYEFVX3lxTE4yX2FFb0IxNmp1TUZrZHZWeWxMRnpDdnFxWmJ3S0xBZFNCUFZMalVtOWl1SkdXSGp6SHloY2xENjAzaHJMV1ZxZEpEZkluejBHc2diM0N4Q1lxdms4TFgyetIBeEFVX3lxTE9Td0RQbVN1YkZ5akxyU0Zoa0hQMmRDRW5yd1A3YTFBc1YyYXFLMTZWLXpwZzJWRGh5em9ocDF3U2ZnZ2R4dEgxX3pGM3d5VGJFdGlrcHVCRV9pTG9IVFh4U2otMVNwVXN0SEtKdXJhTVZ4Mk0tVndOeg?oc=5,2026-09-22 07:57,뉴시스,1,+상승
MARKET,시장,"코스피, 미중 정상회담·추석 연휴 앞두고 '눈치보기' 전망",https://news.google.com/rss/articles/CBMiZEFVX3lxTE9GRTM5ODhTQW9Oc1k2WnRJM1JnT1Jtd2hkWU51WTcyQkdiQURqRkhyenZrSE82Nk1mbUVldmhKTkpPeGdNZHFfTl9BbkpXa0o3SlNDdG83c2UwZ1dmRTZsQ19Geko?oc=5,2026-09-21 10:17,서울경제TV,0,
MARKET,시장,"코스피, 미·중 정상회담·추석 앞두고 방향성 탐색 전망",https://news.google.com/rss/articles/CBMic0FVX3lxTE1yZjUxYzBxcWV4bGVxMTg0V1gzZDg5RFREVUU1dVN6eFpncTliZ1gzX21uQ2RMb3g3c3lHaGlFQnlaekJHOTN5UVlZUUM2S3FFWUlZN1dRSjJyVlVfWklIdno1M0thY2dZREE5TFJLbmFWQWfSAXdBVV95cUxQMUV2U0U5bjVobFNPNDMtcEVrVE0ycU1RV1JleUl1cGhwbWJHZEJuMG5NQUVvZVF5ZWxKMGNLMWJkWVFSSUFTTEJUZzRaMUZUSFIxSDh6U1ZpOHRULVJzT0dJcE9zdUg5S0wtTDRGRjFDNlVveFF4QQ?oc=5,2026-09-21 08:53,스트레이트뉴스,0,
MARKET,시장,"[AI MY 증시전망] 코스피, 반도체 강세에 상승 시도…7000선 재진입 '주목'",https://news.google.com/rss/articles/CBMiXEFVX3lxTE1uUzItYXc2TGdpU0tHcmNMcDVvWmVrVWtVdHRxaXRLckhtVG9oR0hVR21zLVVVWTRxU1VYOEhTMzRoMjJUT0ZxdWhMTFpGOHNvenhzckNUNTlIa0xD?oc=5,2026-09-21 08:18,뉴스핌,2,+강세 +상승
MARKET,시장,[주간증시전망] 코스피 이번 주 사흘만 열린다…미중회담은 휴장에,https://news.google.com/rss/articles/CBMiZ0FVX3lxTE5qdVhoNTB0UUlnaXdsRG5rZzZPUENmMi1uWjhLS0xYUUlpdElZaUlQLVJqeDUzS2NJbFo1bXg2T3ZOanpjaU1yWGhLYkhSRUVieXRfUmNWRUxBRnp6TU9uTXF0TDQ5ckU?oc=5,2026-09-21 07:30,자본시장뉴스,0,
MARKET,시장,[주간증시전망] 사흘만 열리는 코스피···휴장 중 미중회담·유엔총회가 변수,https://news.google.com/rss/articles/CBMiakFVX3lxTFBBOXBNMWc4RnJMeENvR0JDeU5sdGE2M3NmUWthNVhYeFhwejFDcDUtYnA3dnFKdWlvRVVZNFpyUnViSlJOT0ZfeHFqWmtKVFROTDNhN3RvSFhLUFo0dFk4S2VUdFBKamVXRlE?oc=5,2026-09-20 18:00,서울파이낸스,0,
MARKET,시장,"[주간증시전망] 추석 앞둔 코스피, 흔들리면 사라?…증권가 ""FOMC 악재 선반영""",https://news.google.com/rss/articles/CBMiaEFVX3lxTFBOc05ZZVhjNkpSQmg1Z1huU2toUW1ZYVh6cnVOaTNvSkdVTUE5bnRjR0JackFRb1pGNFJVNC0tUG1sZ0dRbzRzamdZNi15N3l1X3dtZHN3QVNmd2lmTHhzZmJlRDNQemVD?oc=5,2026-09-20 13:18,ebn.co.kr,0,
MARKET,시장,"[주간증시전망] 고금리·고유가 적응한 코스피, 저점 다지고 반등 나설까",https://news.google.com/rss/articles/CBMiiAFBVV95cUxNV0lKUDFtallGdURmUkthQXBzMjBsWE1VdWVfN18zTFQ3MzUwT2ZIdXFUdV9NcGtIVGlYYXBTelA4UFNhWHUxN1FUMUtFOXpYWGhTY0hxbnNfRFphbTNpSXBKdGdrZ2ljT1AxRVdyVURoNWdVSXd0RlJRWHdLaGlfSTFrMmY3OGZs?oc=5,2026-09-20 12:00,글로벌이코노믹,1,+반등
MARKET,시장,"[주간증시전망] 추석 앞둔 코스피, 고금리 뚫고 반등 모색…미중 정상회담 촉각",https://news.google.com/rss/articles/CBMiWkFVX3lxTE1VU1k5UDgxUW1vNkJjV0ZJOWhJZUdETnZsMkJSNmxIY1ZVcmdib2RxYU9kUW9Sc0tXaTc1MTVLeEZRYVlaVGgwdlBWY2xmWFdBRVJ3b3R3TmpWZw?oc=5,2026-09-20 10:47,브릿지경제,1,+반등
MARKET,시장,추석 앞둔 코스피 방향성 탐색… ‘고금리·미중 회담’ 변수 [주간증시전망],https://news.google.com/rss/articles/CBMicEFVX3lxTE1uQV9WRVljYmpxQWstTXRGRDY2VHdrYVpOWDEyV0FhYVRtTzJ1X0JMRjJEeVI2aGRVeFdlNkV6bXdzd3hxNzJpazBLUGZjeFpCMEdkZ2dqWWZvdl81QlRxX25VUmhWa05vVTVJR0psanDSAXRBVV95cUxPdFZqOVFZLUptb1N3TXVJTkc2czA3Vlk4SkJzOFg5dUUwWUhHN3JpT2dFa29kWl9hZTFsSGVnNDY0V0RCMkh2a3loVEhWRWJKeDRoLWJDY3FCVlFjVG4wWXV5bFNsSWxNOV82TDJDaFZ1NzNYNQ?oc=5,2026-09-20 06:10,IT조선,0,
MARKET,시장,(주간증시전망)FOMC 넘긴 코스피…다음 고비는 유가·연준,https://news.google.com/rss/articles/CBMiYEFVX3lxTE9iODJRMDRaT01valhfdGJDLTJJTFE2bzVUalM0cmlpbGJkbFBrdDJ5UlRvSjVfZVRseHVYQVIwbE5WUktLUU1PaVVyLVE1X2VhTld1T2RRZEUxbVVFYVU3UA?oc=5,2026-09-20 06:00,뉴스토마토,0,
MARKET,시장,"[주간증시전망] 코스피, FOMC·AI 우려 소화…추석 전 수급 변수",https://news.google.com/rss/articles/CBMiS0FVX3lxTE14bzJVS2Zaa2RDSk5zd0Nka0lqM2hmOHo5dTFrWGZhb0NQdWZpaTlzZmdhcm9jNG95OEZnZmlWZVp5MncyemUzVkF3Zw?oc=5,2026-09-19 08:00,v.daum.net,-1,-우려
MARKET,시장,[주간증시전망] 다음주 코스피 6400~7500⋯美中 정상회담에 쏠린 시선,https://news.google.com/rss/articles/CBMiT0FVX3lxTFBsVmNZemlwdXFaaGNvbVk5RGE0ay02TjVUTlFpMWx6c05yWHc0dnZFYTFybU9yZ2FhMmk5eGJDV19DNVcwRGxDb0p2YUE4cWs?oc=5,2026-09-19 06:01,v.daum.net,0,
MARKET,시장,[마켓 프리뷰] 美 증시 훈풍에 코스피 상승 출발 전망…반도체주 강세,https://news.google.com/rss/articles/CBMiWkFVX3lxTFBsMnM2YWx4eWlEX0VNc2Q2WXM1ZjlZdzNIRnd6SEVPejBVdWdfSHBpcFQ2bkNMSkpvcU42MDc2bG1aZHMxcUdFenNtcF9ldDZUX200RzZlZmRTUdIBWEFVX3lxTFA3WHIzbERPVkJpUGFta1prM3lwMEFVZk9laWx6ZW0wOHdxMDBXQmVJaDhmZloyMXlVSklrMnV2bGNtaUN5bGhtVmVoT242UWkzci1RSXFWcHk?oc=5,2026-09-18 08:46,아주경제,2,+상승 +강세
MARKET,시장,"[AI MY 증시전망] 美 반도체 훈풍…""코스피 상승 출발 전망""",https://news.google.com/rss/articles/CBMiXEFVX3lxTE9VY2ZTekVuSnVFV2UzR21kUjVtcmI2WUtCbU1nMXhOamNhNDQxUFdwbDFvN04yMmhJUVlqQV85Y0ZVcmlXaUlQOW1wMDVOMFRLelIwT2l1aHlIcXZC?oc=5,2026-09-18 08:03,뉴스핌,1,+상승
MARKET,시장,"코스피 전망 '1만2600→8400' 확 낮춘 삼성증권…""조정땐 매수""",https://news.google.com/rss/articles/CBMiWkFVX3lxTE9uQkZJMTZ4Y2RSVTFJbVpORzQyLU9qVDVKR05kT3pkSWJGLU51anF5ek9GTVRCdUJqdEtFelF0ZElOeFhZbDJPNllhTnd0WkdBYXlvZW53b254Zw?oc=5,2026-09-17 18:36,한국경제,0,
MARKET,시장,코스피·코스닥 오전 동반 상승세,https://news.google.com/rss/articles/CBMic0FVX3lxTFBNUUV1S2R0TFpUejlzM1lnR1JhcmdWQ1phNjBWSnVERFNLeW5Idy1xUVR3V2JUMGhReERjS3RmdlBHRF93SmVGbUpmMmZnT3lZeEdfdDZhQ1RRMVJYSDktLThPT2hETy1qbm5IYWRuSi1vd2fSAXdBVV95cUxPWWhaazhOQ3RkZWp1Y2o1N0IxeXhIMHdfVmM3aVBBSmFpYURjYjNtVkVrbXY2alpyNzk5bUJlMnF2WUxxNTRjUWZ1NzdSRTJxc3B1R3dNSjlaTk5HaGpqc05iVkZfSEZHNWhoVElSMGpoZEEtdmJ5QQ?oc=5,2026-09-17 09:48,스트레이트뉴스,1,+상승
MARKET,시장,"코스피, 장중 6630선 강보합 반등",https://news.google.com/rss/articles/CBMic0FVX3lxTE1seV9xVDBLNDNYc2tZeTJVazdUaGlqTWlBZFMwVUNlZmxRbks2ZnZEYjRhTjBpR0ppZ3ZvWG1QV0dncDdDSU9wRG1WWjVCbS1QRkl1dnZFTG5NYWp0TVpHMUJUYUNXNjVaWnlfeFE5ZFdLVTDSAXdBVV95cUxNZmlvWUdXUVE4RjY2UW1KcE1DZXlVM3YwbVlRZmdtbXN2V2RYSEdRa3dKSzJ5dkFuVFVXdDhJVHJGY25JYV9tcFBpNlZjdkR6dzRyb0ZTb0RiZmVhU0p2N1lLbXJGNEtuRl9EOVpWS2RBNlVqX3o4WQ?oc=5,2026-09-16 10:46,스트레이트뉴스,1,+반등
MARKET,시장,[AI MY 증시전망] 美 국채금리 5%…코스피 하락 출발 전망,https://news.google.com/rss/articles/CBMiXEFVX3lxTE9aRXczektJOWRLYUhRXzZCZDZIRXVIRDF0cm80RFlTS3hWTVFCNEVPWFNIYkxlRE0xLUFhUDZhZ2RPdHhrWHNoNVZKbXNYZFNSUzhyTzU4cDBxTi05?oc=5,2026-09-16 08:27,newspim.com,-1,-하락
MARKET,시장,"[AI MY 증시전망] 美 반도체 쇼크 덮친 코스피…""하락 출발 전망""",https://news.google.com/rss/articles/CBMiXEFVX3lxTE5uSkFGUTF0aTFnVkRjdGNSbmhTdzFNbmQ5Z3FtYTFCb3h6ajkxdEQ0aFJhOXFpREk4dkdlUHhabnNURTFxSWJobGZmRno3d1NiR2I1RjlRLWxHN2d5?oc=5,2026-09-15 08:47,뉴스핌,-1,-하락
MARKET,시장,"코스피 3% 급락...FOMC 금리인상 확률 86%, 이번주 증시 전망",https://news.google.com/rss/articles/CBMicEFVX3lxTFB5TWtSVTlUZ2NzcHowelBuOEVMMXJEbllNamNvYi0xY3NKMjJFc3R2dExFT09HcGRuWk5jU1l3cXVCZHRMNERGLTRzWUZ2STZxZFpyczR2d3ZlRjZfZDVFRDREdjFSUmR6S3JjUWllYzQ?oc=5,2026-09-14 17:32,Investing.com 한국어,-2,-급락
MARKET,시장,"코스피·코스닥, 한 달 새 시총 210조원 증발",https://news.google.com/rss/articles/CBMic0FVX3lxTFBKVnBXWVBOblZSSmNNeWpVcEFhemJRaXV6WUF5SVZBQnlhVnotQ205V1N4SWZ5SDdyMzhZQjN6Qm1ybHU0WkVFUHZyTEpiR0ZfWC1mZWlVdHBGSDhtZWZxQUlBV2xDejVNY3dFaGpGV0Y3THPSAXdBVV95cUxNRnlCREdDekFVTUNsLW9oaTRqNG1FUEFEZWlBVVhuaC1xTmd1UFlNMVRtaU94Y1R2N3FhNTFTRmNDc2VHYWprV25iaTlNYTg1YmF5aXJwNkNFVXhuVC1ZMjA3Vk50U3dreUdibGFFVi1GbTZoQThUQQ?oc=5,2026-09-14 14:33,스트레이트뉴스,0,
MARKET,시장,[AI MY 증시전망] 美 FOMC 앞둔 코스피…7000선 재탈환 시험대,https://news.google.com/rss/articles/CBMiXEFVX3lxTE5ENDk3Tkk3WUpZQ0ZUelBXQ3JjMmhZN0x0R2tJODc2SnM5WVhyNU5LT0h2UDZ0N2VRUWxpUXdCZ3VfS0V4SVU3cVdDcWpTTHBmYTl5RmtpSzAzM0lD?oc=5,2026-09-14 08:01,뉴스핌,0,
MARKET,시장,[주간증시전망] 코스피 7000 재탈환 기로…FOMC 인상 확률 86.3%,https://news.google.com/rss/articles/CBMiZ0FVX3lxTE5XNUluS0pxTGxXQXRGd0dnYjVQVk5xd2xyMnc5TFc4MFZiTkJsclB3UVR1TDlqU0YzaHlNeml4WUZ4dFcwM1psLVBQZFNSSW5uWnRkTnZLakpuOXZNWnF5RjFNbWk1cHM?oc=5,2026-09-14 07:30,자본시장뉴스,0,
MARKET,시장,7000선 다시 내준 코스피…이번주 ‘美 금리’에 쏠린 눈[주간 증시 전망],https://news.google.com/rss/articles/CBMiUkFVX3lxTE9VVEZIMktBeEl5ZzZzUlE2U2JHYm1QV2VSSFlCRGFZMm5BeENhNGpYcDJ1cGdTZE5HNjgxTFlCcTFnZTFpN3Zvbmo5bS1xZm5pZmfSAVNBVV95cUxNeW9yVmtiam94RDdqbzd3UXlSOE5hRjJ3d2NCZjQxQzN4NG44cUFHZmNUMUVTVEc2QmJXZlZOb1Q5OXg0U1BWS1RJMTRsVlpheGQ4dw?oc=5,2026-09-14 05:30,서울경제,0,
MARKET,시장,"[주간증시전망] 저점 높인 코스피, 美 금리 변동성 버텨낼까",https://news.google.com/rss/articles/CBMiiAFBVV95cUxPNWFva0hJbVloWU5PQnhaclNBYzBVcEgxNEdzMkhOcHJMVnhRNENKcHdSdHA1ZHotU1NMZENQWmZYZ0xNeUNhU2N0d2ZJc09mVFdJT25qamNvbHAxM25qdWFzNDRVSU1mRHRvM1R1N3hVZGtpdzFXZE9jOWoyeTY4R09faTduVGIy?oc=5,2026-09-13 12:00,g-enews.com,0,
MARKET,시장,[주간증시전망] 6900선 횡보 코스피…美·日 금리 결정이 7000선 분수령,https://news.google.com/rss/articles/CBMiWkFVX3lxTE5aY1A4VGtYdGRIbXpZMlZybDFTQ05XNWVmdGlKWlZQbkU5RFR1SV9kYy1WOU5EZk11QWVoZldBOEJLUG04Y08zSHUtc1A0eVd0aVo1ZjZBS01lZw?oc=5,2026-09-13 11:03,브릿지경제,0,
MARKET,시장,"9월 15~16일 FOMC 회의, 금리 인상할까? 다음주 국내증시, 미국증시 전망",https://news.google.com/rss/articles/CBMigwFBVV95cUxOdEk5NlM1VWMtOVljV052X0NuaDFGclExMzNCazUxd2FBcHQ1UHZtLWQ1Rm9GZjl0V0EzalllNTBNZ3l1SXNZSXdGdklNQy1jdUtBa0ZobHF2TG1waTVKWWRCUXg3bDZ3ZlpHNHh1b1NqVFM0R3NOTmJJZjB6dm4tMzlPNA?oc=5,2026-09-13 10:53,contents.premium.naver.com,0,
MARKET,시장,"FOMC 앞둔 코스피, 금리·유가 부담… AI 기대감 주목 [주간증시전망]",https://news.google.com/rss/articles/CBMicEFVX3lxTE9pbmFHdi1QXzBFMHN1c093S0N5NlVkeVVRXzR3VDhjN01rbUhjblQyVHRMVmJialhlSzU0dEM2aDEwVl9ZX3BEam9VbnY1ejZxS2plNWhWYjVaaUJqWGhUWDY4RGNrdzR5NVJGNkVSek7SAXRBVV95cUxPTWhZYVdMSnktYlFTVmx4ZU56MVpIX2w4elJyaUY5QWxyNzVOOEhTLWZmTDh6R2R2OVRTYmVVMHdwdXBzV05TMnZqSTVuQllWeXBFRmFXd1QwS1hQaFQ3RDkyTG84TUZOMTYxbjhnZE4wZklxaw?oc=5,2026-09-13 06:00,IT조선,0,
MARKET,시장,(주간증시전망)코스피 7000선 턱밑서 숨고르기…FOMC·중동 리스크 촉각,https://news.google.com/rss/articles/CBMiYEFVX3lxTFByWUlVLW00XzlrNEVWa1U2alMzS2ljNjZBaE80ZUExRWtaMDlBbEd0Y0VLOXZtX1U1R2hvNDdOOVVuT2ttekQxREVjME5MeDdPNlg1TnhfWHM2UFl4WTZEQw?oc=5,2026-09-13 06:00,뉴스토마토,0,
MARKET,시장,"[주간증시전망] 코스피 지수, 7000선 안착 시험대…“금리에 흔들려도 AI 성장 유효”",https://news.google.com/rss/articles/CBMiVEFVX3lxTE5SajJxN2tUNk1LaEJBR0VfLXhfaE9oZjVJN3BCeDJTRjBKNDlJck1SYWJvdno4MS0tQnkzYmZkTUF0S3lRa0JjeFFIWWZEVHp3S01fNQ?oc=5,2026-09-12 07:00,이투데이,0,
MARKET,시장,"[주간증시전망] 코스피, 7000선 안착할까…AI 훈풍 vs 고유가·고금리 '변수'",https://news.google.com/rss/articles/CBMiVEFVX3lxTE00VFNPbGhyWUdwYzFreUFNRlNFTEdDZjF2OFJhUGJqNi0tV1dvNkJXbmZqX1pZWEZJbW9zcjZ0TnloaF92TFJQb1FFemFMcWV1QmJKOQ?oc=5,2026-09-12 06:00,v.daum.net,0,
MARKET,시장,"코스피, 장중 3%대 급락...6800선 붕괴 위협",https://news.google.com/rss/articles/CBMic0FVX3lxTE9WX3pfMmNoVENDSklfRjNHeVd1bER5RHZTcVhmTTdhZWYzQ1VJam9Ra3ZhVmc2bnNlYWxBallTZURfMUtweVhMaHFMY1hseFUzS3pKUlFQeHBaX0pGQUxPVG1VdzVVeVl5dklXUXNHNEJoOXPSAXdBVV95cUxOdUZtdTJZMHFhdHlaSzRVd2NmVkJqZWZkWGwwQjJ2TVpXd0NreFpkeUJiaHdIODBfOUo2cElwVFk5QmYtbk41eDZnQzdUZkFtTmk1a3A5TXJSZ1NnQnJ5QjRjRDcxalY5a0RNZXdRM1FlTVlTZEJ0QQ?oc=5,2026-09-11 09:55,스트레이트뉴스,-2,-급락
MARKET,시장,"NH투자 ""다음주 코스피 6400~7400 전망, AI 기대감에 반도체 강세 지속""",https://news.google.com/rss/articles/CBMic0FVX3lxTE9WUlRUWXpmaGs3SmF5Q1Jnc3g2b1NLeVNWdzJTbEFxdF9ya3hRdzAxU1BubkY1VXVia2dGOXZ6WGtVZjR2OG9FSXZPUFh5RzFrQ05iQXlueXlkeGNKa3ViTlRfX3hORVNkRW9La1ZtczhsYXc?oc=5,2026-09-11 08:56,businesspost.co.kr,1,+강세
MARKET,시장,[AI MY 증시전망] 뉴욕증시 4거래일 연속 하락…외인 수급·유가·美 CPI 변수,https://news.google.com/rss/articles/CBMiXEFVX3lxTFBKcGpMMFZrUTZLYnNsLUR4OEl2OWpENnR1ak1VQl9jT0lTcFV0aFZzeHRZaGFhR3o2S1h3NExxZ0hxcElhQWNzRXBLYXh4d2ZaU3l0WEROY1l5dVY4?oc=5,2026-09-11 08:19,뉴스핌,-1,-하락
MARKET,시장,[AI MY 증시전망] AI 모멘텀 이어가는 코스피…유가 100달러 돌파 변수,https://news.google.com/rss/articles/CBMiXEFVX3lxTFBCU0ZjMkNNVTFYTmkzQ2hQX0wwdmFydHRpbThfeXg2RHd0bE96NTRWSVhyLUxlYmF6RFBxRk5PV3Z3UG0zcDRVYXpmSWZPVGtsWDhodEVrYjB1OHhW?oc=5,2026-09-10 08:17,뉴스핌,0,
MARKET,시장,7100만 가면 미끄러지는 코스피…증권가는 어디까지 보나,https://news.google.com/rss/articles/CBMiWkFVX3lxTE9hMUgtS1FydWFTdzFDZjlmWXRFY1lwTGdPZ3prU1gzVFZQTl8zczZPakpPOXNFSE9PcktuczRTRnFWTFkxeFh6dHJWZjZTOFQ1SFlYcHd4aTRQZ9IBVEFVX3lxTE4tWmhXcE45bnlQaV9lRTNxVXU1d05qQzNzdFpYQmNNRWttUzY1UHl2azNqcEdCbV82ZWRsajdDUkVkNVh1dFFYQ0ZnUngwaVdUeHRJdQ?oc=5,2026-09-09 18:09,더팩트,0,
MARKET,시장,코스피 1%대·코스닥 2% 가까이 상승 중,https://news.google.com/rss/articles/CBMic0FVX3lxTE84SWdvU05NeGY0elQ4RnQ0cWtWYV9wYVF4MUN1dDAtR1RYTEpiWUNzc0tRRmFRWlJwenRNQl8zY2MxOHAyUlVaQklzVFhTdjF2VGpORjQ0Ym1wTnlxT3FucUZhdk1pMHc2Q1JqWGE3MkpTQ2vSAXdBVV95cUxPb2cxRFp1Z3hoM2dfUG5FOU03WGxsa1hXMlZ3Zm83T0NwSW5ZQ2VqRE1kcUtqUXlJdjZnUWJfeWpBVWE2dk4yZkxqVHVJcVhYZUs2OC0wRTJOTTZpSmJNMEFkRnN0d3YwRVVmN3lHZGRpM3VkS2VIaw?oc=5,2026-09-09 09:59,스트레이트뉴스,1,+상승
MARKET,시장,"[AI MY 증시전망] 코스피, 유가·금리 부담에 약세 전망",https://news.google.com/rss/articles/CBMiU0FVX3lxTE1LcHJKZzcxT29zVzNCc1RWUzJjQmZUVXdpeDFZSmNhVldRU2Z2ci0yVWxnM3hycURHNFhIejlGS2RLVXZZTHpjWkNEalFYV1BoSjE0?oc=5,2026-09-09 09:06,Nate News,-1,-약세
MARKET,시장,"코스피 ""반도체발 하방 지지 VS 차익실현 압력"" 전망",https://news.google.com/rss/articles/CBMiaEFVX3lxTE1rYjltakFrQ3c5RmhvNTNMUDY1eUdlQmozUU1VbTFCa2M4blFTc2JrUEExTHQxUGtIYlJ1WHdsUTlTSmdPTk8zelNxVE8wTWRpdW1CLU12MHUtZEZfM09oTURjN2N5Y3p3?oc=5,2026-09-09 06:50,ebn.co.kr,-1,-차익실현
