날짜,종목코드,공매도거래비중,공매도잔고비중,공매도잔고수량
2026-06-22,000100,35.83000183105469,2.2699999809265137,
2026-06-22,000150,8.869999885559082,0.2199999988079071,
2026-06-22,000270,12.079999923706056,0.0299999993294477,
2026-06-22,000660,1.0299999713897705,0.0,
2026-06-22,000720,16.540000915527344,1.5399999618530271,
2026-06-22,000810,19.280000686645508,0.4900000095367431,
2026-06-22,000990,7.820000171661377,3.109999895095825,
2026-06-22,001450,13.869999885559082,0.0900000035762786,
2026-06-22,001570,0.0,0.1199999973177909,
2026-06-22,002380,8.979999542236328,0.0700000002980232,
2026-06-22,002790,21.100000381469727,0.2899999916553497,
2026-06-22,003550,8.6899995803833,1.2200000286102295,
2026-06-22,003670,16.780000686645508,3.0199999809265137,
2026-06-22,004020,9.260000228881836,0.3499999940395355,
2026-06-22,004170,6.590000152587891,0.2199999988079071,
2026-06-22,004990,9.640000343322754,0.3799999952316284,
2026-06-22,005380,14.0,2.430000066757202,
2026-06-22,005387,4.53000020980835,0.0,
2026-06-22,005490,4.480000019073486,0.1299999952316284,
2026-06-22,005830,27.799999237060547,0.0099999997764825,
2026-06-22,005930,2.25,0.0,
2026-06-22,005935,0.6499999761581421,0.0,
2026-06-22,006280,27.559999465942383,1.0,
2026-06-22,006400,3.910000085830689,0.0399999991059303,
2026-06-22,006800,8.760000228881836,2.4600000381469727,
2026-06-22,007070,17.06999969482422,0.1500000059604644,
2026-06-22,008770,15.31999969482422,0.3400000035762787,
2026-06-22,008930,17.1200008392334,0.5,
2026-06-22,009150,3.930000066757202,0.2800000011920929,
2026-06-22,009830,13.34000015258789,0.8999999761581421,
2026-06-22,010130,6.53000020980835,0.4099999964237213,
2026-06-22,010140,12.350000381469728,0.9399999976158142,
2026-06-22,010950,23.420000076293945,0.449999988079071,
2026-06-22,011070,2.869999885559082,0.25,
2026-06-22,011170,25.229999542236328,0.1000000014901161,
2026-06-22,011200,16.829999923706055,1.0800000429153442,
2026-06-22,012330,10.829999923706056,0.4099999964237213,
2026-06-22,012450,12.699999809265137,0.0199999995529651,
2026-06-22,015760,9.470000267028809,0.2899999916553497,
2026-06-22,017670,5.510000228881836,0.0700000002980232,
2026-06-22,018260,3.2300000190734863,1.659999966621399,
2026-06-22,021240,11.869999885559082,0.0099999997764825,
2026-06-22,024110,8.850000381469727,0.1199999973177909,
2026-06-22,028260,10.260000228881836,0.270000010728836,
2026-06-22,029780,9.239999771118164,0.1199999973177909,
2026-06-22,030200,26.61000061035156,0.5099999904632568,
2026-06-22,032830,5.480000019073486,0.1199999973177909,
2026-06-22,033780,15.850000381469728,0.1500000059604644,
2026-06-22,034730,5.590000152587891,0.0,
2026-06-22,035420,3.390000104904175,0.6000000238418579,
2026-06-22,035720,15.609999656677246,0.8600000143051147,
2026-06-22,036570,15.529999732971191,0.3600000143051147,
2026-06-22,042660,8.890000343322754,0.8700000047683716,
2026-06-22,047050,20.40999984741211,0.6000000238418579,
2026-06-22,047810,21.059999465942383,3.0199999809265137,
2026-06-22,051900,23.059999465942383,0.8500000238418579,
2026-06-22,051910,3.7799999713897705,0.0,
2026-06-22,052690,13.43000030517578,0.5199999809265137,
2026-06-22,055550,5.019999980926514,0.0199999995529651,
2026-06-22,058470,11.329999923706056,1.940000057220459,
2026-06-22,064350,19.21999931335449,0.050000000745058,
2026-06-22,066570,1.5399999618530271,1.0099999904632568,
2026-06-22,068270,9.25,0.1199999973177909,
2026-06-22,069960,16.68000030517578,0.699999988079071,
2026-06-22,071050,8.529999732971191,0.2800000011920929,
2026-06-22,078930,8.100000381469727,0.0,
2026-06-22,086790,4.170000076293945,0.0399999991059303,
2026-06-22,088350,3.309999942779541,0.5299999713897705,
2026-06-22,090430,24.799999237060547,2.2799999713897705,
2026-06-22,093370,1.0399999618530271,0.5600000023841858,
2026-06-22,096770,5.960000038146973,0.1400000005960464,
2026-06-22,097950,22.43000030517578,0.3199999928474426,
2026-06-22,105560,8.09000015258789,0.0,
2026-06-22,111770,11.369999885559082,0.2000000029802322,
2026-06-22,120110,2.200000047683716,0.2300000041723251,
2026-06-22,128940,3.180000066757202,0.6700000166893005,
2026-06-22,138040,12.3100004196167,0.9800000190734864,
2026-06-22,139480,4.880000114440918,1.0800000429153442,
2026-06-22,161390,19.81999969482422,0.3300000131130218,
2026-06-22,185750,17.8799991607666,1.3899999856948853,
2026-06-22,207940,9.140000343322754,0.2800000011920929,
2026-06-22,214370,7.480000019073486,1.2999999523162842,
2026-06-22,241560,14.100000381469728,0.0199999995529651,
2026-06-22,251270,18.549999237060547,0.1599999964237213,
2026-06-22,259960,23.799999237060547,0.7099999785423279,
2026-06-22,267250,8.710000038146973,0.0,
2026-06-22,267260,8.510000228881836,0.6100000143051147,
2026-06-22,271560,15.5600004196167,0.1500000059604644,
2026-06-22,272210,9.5,0.8799999952316284,
2026-06-22,316140,6.650000095367432,0.1099999994039535,
2026-06-22,323410,24.559999465942383,2.430000066757202,
2026-06-22,326030,6.71999979019165,0.2599999904632568,
2026-06-22,329180,4.880000114440918,2.6600000858306885,
2026-06-22,347860,0.6200000047683716,1.9600000381469729,
2026-06-22,357780,4.260000228881836,2.140000104904175,
2026-06-22,373220,10.84000015258789,1.350000023841858,
2026-06-22,375500,10.920000076293944,2.539999961853028,
2026-06-22,402340,2.3299999237060547,0.0199999995529651,
2026-06-22,450080,11.449999809265137,1.7699999809265137,
2026-06-22,456040,4.739999771118164,0.1099999994039535,
2026-06-23,000100,28.65999984741211,2.3299999237060547,
2026-06-23,000150,4.25,0.2300000041723251,
2026-06-23,000270,8.65999984741211,0.0199999995529651,
2026-06-23,000660,3.700000047683716,0.0,
2026-06-23,000720,12.369999885559082,1.440000057220459,
2026-06-23,000810,5.989999771118164,0.4900000095367431,
2026-06-23,000990,8.930000305175781,3.2699999809265137,
2026-06-23,001450,8.600000381469727,0.0900000035762786,
2026-06-23,001570,0.0,0.1199999973177909,
2026-06-23,002380,7.579999923706055,0.050000000745058,
2026-06-23,002790,12.979999542236328,0.2899999916553497,
2026-06-23,003550,8.300000190734863,1.1699999570846558,
2026-06-23,003670,8.3100004196167,3.009999990463257,
2026-06-23,004020,5.269999980926514,0.3300000131130218,
2026-06-23,004170,21.65999984741211,0.4799999892711639,
2026-06-23,004990,7.639999866485596,0.3600000143051147,
2026-06-23,005380,11.010000228881836,2.5299999713897705,
2026-06-23,005387,3.1600000858306885,0.0,
2026-06-23,005490,3.849999904632568,0.0799999982118606,
2026-06-23,005830,22.979999542236328,0.0099999997764825,
2026-06-23,005930,2.109999895095825,0.0,
2026-06-23,005935,0.0799999982118606,0.0,
2026-06-23,006280,15.380000114440918,0.949999988079071,
2026-06-23,006400,3.470000028610229,0.0299999993294477,
2026-06-23,006800,9.43000030517578,2.319999933242798,
2026-06-23,007070,18.440000534057617,0.1400000005960464,
2026-06-23,008770,10.760000228881836,0.3400000035762787,
2026-06-23,008930,8.199999809265137,0.5099999904632568,
2026-06-23,009150,0.9700000286102296,0.2800000011920929,
2026-06-23,009830,6.670000076293945,0.9100000262260436,
2026-06-23,010130,10.020000457763672,0.4199999868869781,
2026-06-23,010140,4.869999885559082,0.9300000071525574,
2026-06-23,010950,8.470000267028809,0.449999988079071,
2026-06-23,011070,5.480000019073486,0.2599999904632568,
2026-06-23,011170,15.270000457763672,0.1199999973177909,
2026-06-23,011200,9.390000343322754,1.1100000143051147,
2026-06-23,012330,9.979999542236328,0.4199999868869781,
2026-06-23,012450,7.610000133514404,0.0199999995529651,
2026-06-23,015760,6.570000171661377,0.2899999916553497,
2026-06-23,017670,1.1699999570846558,0.0599999986588954,
2026-06-23,018260,3.200000047683716,1.5700000524520874,
2026-06-23,021240,13.520000457763672,0.0099999997764825,
2026-06-23,024110,23.479999542236328,0.1299999952316284,
2026-06-23,028260,8.649999618530273,0.2899999916553497,
2026-06-23,029780,14.649999618530272,0.1299999952316284,
2026-06-23,030200,5.269999980926514,0.4799999892711639,
2026-06-23,032830,8.649999618530273,0.0900000035762786,
2026-06-23,033780,7.730000019073486,0.1500000059604644,
2026-06-23,034730,5.599999904632568,0.050000000745058,
2026-06-23,035420,1.659999966621399,0.5299999713897705,
2026-06-23,035720,6.769999980926514,0.8799999952316284,
2026-06-23,036570,9.56999969482422,0.3199999928474426,
2026-06-23,042660,10.770000457763672,0.9800000190734864,
2026-06-23,047050,22.309999465942383,0.6000000238418579,
2026-06-23,047810,26.11000061035156,3.069999933242798,
2026-06-23,051900,9.369999885559082,0.800000011920929,
2026-06-23,051910,5.599999904632568,0.0099999997764825,
2026-06-23,052690,11.380000114440918,0.4199999868869781,
2026-06-23,055550,16.530000686645508,0.0199999995529651,
2026-06-23,058470,4.050000190734863,1.809999942779541,
2026-06-23,064350,15.329999923706056,0.0399999991059303,
2026-06-23,066570,4.400000095367432,1.0499999523162842,
2026-06-23,068270,6.809999942779541,0.1199999973177909,
2026-06-23,069960,9.880000114440918,0.6299999952316284,
2026-06-23,071050,11.050000190734863,0.3400000035762787,
2026-06-23,078930,11.09000015258789,0.0,
2026-06-23,086790,15.9399995803833,0.050000000745058,
2026-06-23,088350,8.489999771118164,0.5400000214576721,
2026-06-23,090430,28.190000534057617,2.369999885559082,
2026-06-23,093370,3.220000028610229,0.5899999737739563,
2026-06-23,096770,3.450000047683716,0.1400000005960464,
2026-06-23,097950,12.829999923706056,0.2599999904632568,
2026-06-23,105560,10.1899995803833,0.0,
2026-06-23,111770,12.949999809265137,0.209999993443489,
2026-06-23,120110,6.320000171661377,0.2199999988079071,
2026-06-23,128940,3.5999999046325684,0.6200000047683716,
2026-06-23,138040,18.64999961853028,1.0199999809265137,
2026-06-23,139480,10.279999732971191,1.0700000524520874,
2026-06-23,161390,16.75,0.3300000131130218,
2026-06-23,185750,9.6899995803833,1.440000057220459,
2026-06-23,207940,5.139999866485596,0.270000010728836,
2026-06-23,214370,15.56999969482422,1.2999999523162842,
2026-06-23,241560,17.81999969482422,0.0199999995529651,
2026-06-23,251270,11.8100004196167,0.1500000059604644,
2026-06-23,259960,14.989999771118164,0.7599999904632568,
2026-06-23,267250,11.25,0.0,
2026-06-23,267260,4.710000038146973,0.6000000238418579,
2026-06-23,271560,10.0600004196167,0.1599999964237213,
2026-06-23,272210,7.630000114440918,0.8600000143051147,
2026-06-23,316140,12.479999542236328,0.1099999994039535,
2026-06-23,323410,27.440000534057617,2.450000047683716,
2026-06-23,326030,6.380000114440918,0.2599999904632568,
2026-06-23,329180,9.489999771118164,2.5799999237060547,
2026-06-23,347860,2.5,1.950000047683716,
2026-06-23,357780,6.579999923706055,2.0799999237060547,
2026-06-23,373220,10.199999809265137,1.3600000143051147,
2026-06-23,375500,5.389999866485596,2.400000095367432,
2026-06-23,402340,2.109999895095825,0.0199999995529651,
2026-06-23,450080,6.579999923706055,1.7300000190734863,
2026-06-23,456040,4.710000038146973,0.1099999994039535,
2026-06-24,000100,24.82999992370605,2.309999942779541,
2026-06-24,000150,5.730000019073486,0.2199999988079071,
2026-06-24,000270,8.25,0.0099999997764825,
2026-06-24,000660,5.389999866485596,0.0,
2026-06-24,000720,27.8700008392334,1.3799999952316284,
2026-06-24,000810,6.079999923706055,0.449999988079071,
2026-06-24,000990,13.220000267028809,3.470000028610229,
2026-06-24,001450,5.78000020980835,0.0900000035762786,
2026-06-24,001570,0.0,0.1199999973177909,
2026-06-24,002380,4.46999979019165,0.050000000745058,
2026-06-24,002790,9.170000076293944,0.2899999916553497,
2026-06-24,003550,6.650000095367432,1.090000033378601,
2026-06-24,003670,6.78000020980835,2.990000009536743,
2026-06-24,004020,8.289999961853027,0.3199999928474426,
2026-06-24,004170,8.710000038146973,0.5400000214576721,
2026-06-24,004990,16.209999084472656,0.3700000047683716,
2026-06-24,005380,15.9399995803833,2.630000114440918,
2026-06-24,005387,0.8999999761581421,0.0,
2026-06-24,005490,4.889999866485596,0.0799999982118606,
2026-06-24,005830,23.13999938964844,0.0099999997764825,
2026-06-24,005930,0.5199999809265137,0.0,
2026-06-24,005935,0.7300000190734863,0.0,
2026-06-24,006280,27.270000457763672,0.8999999761581421,
2026-06-24,006400,1.919999957084656,0.0199999995529651,
2026-06-24,006800,4.28000020980835,2.25,
2026-06-24,007070,9.449999809265137,0.1199999973177909,
2026-06-24,008770,9.18000030517578,0.3799999952316284,
2026-06-24,008930,6.539999961853027,0.5199999809265137,
2026-06-24,009150,1.1299999952316284,0.270000010728836,
2026-06-24,009830,7.159999847412109,0.8700000047683716,
2026-06-24,010130,3.5299999713897705,0.4199999868869781,
2026-06-24,010140,4.630000114440918,0.9300000071525574,
2026-06-24,010950,17.219999313354492,0.449999988079071,
2026-06-24,011070,7.210000038146973,0.25,
2026-06-24,011170,21.350000381469727,0.1000000014901161,
2026-06-24,011200,17.700000762939453,1.1299999952316284,
2026-06-24,012330,14.970000267028809,0.4699999988079071,
2026-06-24,012450,5.940000057220459,0.0099999997764825,
2026-06-24,015760,5.320000171661377,0.3000000119209289,
2026-06-24,017670,0.2199999988079071,0.050000000745058,
2026-06-24,018260,13.140000343322754,1.5299999713897705,
2026-06-24,021240,12.300000190734863,0.0099999997764825,
2026-06-24,024110,24.950000762939453,0.1800000071525573,
2026-06-24,028260,6.079999923706055,0.3000000119209289,
2026-06-24,029780,17.299999237060547,0.1400000005960464,
2026-06-24,030200,31.65999984741211,0.4900000095367431,
2026-06-24,032830,4.670000076293945,0.0799999982118606,
2026-06-24,033780,11.390000343322754,0.1199999973177909,
2026-06-24,034730,6.119999885559082,0.050000000745058,
2026-06-24,035420,10.65999984741211,0.6299999952316284,
2026-06-24,035720,10.329999923706056,0.8999999761581421,
2026-06-24,036570,17.309999465942383,0.3100000023841858,
2026-06-24,042660,12.529999732971191,1.0499999523162842,
2026-06-24,047050,25.200000762939453,0.5899999737739563,
2026-06-24,047810,16.6299991607666,3.0999999046325684,
2026-06-24,051900,9.489999771118164,0.8199999928474426,
2026-06-24,051910,6.860000133514404,0.0,
2026-06-24,052690,17.739999771118164,0.3600000143051147,
2026-06-24,055550,13.739999771118164,0.0299999993294477,
2026-06-24,058470,7.769999980926514,1.75,
2026-06-24,064350,14.56999969482422,0.0399999991059303,
2026-06-24,066570,6.840000152587891,1.0399999618530271,
2026-06-24,068270,3.7200000286102295,0.1099999994039535,
2026-06-24,069960,25.770000457763672,0.5699999928474426,
2026-06-24,071050,12.460000038146973,0.3199999928474426,
2026-06-24,078930,10.890000343322754,0.0,
2026-06-24,086790,6.840000152587891,0.050000000745058,
2026-06-24,088350,7.699999809265137,0.5400000214576721,
2026-06-24,090430,19.559999465942383,2.299999952316284,
2026-06-24,093370,2.819999933242798,0.6499999761581421,
2026-06-24,096770,4.349999904632568,0.1400000005960464,
2026-06-24,097950,18.540000915527344,0.2899999916553497,
2026-06-24,105560,9.25,0.0,
2026-06-24,111770,11.050000190734863,0.209999993443489,
2026-06-24,120110,6.510000228881836,0.2399999946355819,
2026-06-24,128940,2.150000095367432,0.5699999928474426,
2026-06-24,138040,17.649999618530273,1.0499999523162842,
2026-06-24,139480,10.670000076293944,1.1200000047683716,
2026-06-24,161390,23.89999961853028,0.3400000035762787,
2026-06-24,185750,26.15999984741211,1.4600000381469729,
2026-06-24,207940,8.609999656677246,0.2800000011920929,
2026-06-24,214370,9.5,1.2999999523162842,
2026-06-24,241560,14.789999961853027,0.0199999995529651,
2026-06-24,251270,11.979999542236328,0.1500000059604644,
2026-06-24,259960,14.359999656677246,0.7599999904632568,
2026-06-24,267250,9.640000343322754,0.0,
2026-06-24,267260,17.670000076293945,0.6399999856948853,
2026-06-24,271560,14.470000267028809,0.1800000071525573,
2026-06-24,272210,4.980000019073486,0.8500000238418579,
2026-06-24,316140,2.2799999713897705,0.1099999994039535,
2026-06-24,323410,27.71999931335449,2.380000114440918,
2026-06-24,326030,4.239999771118164,0.270000010728836,
2026-06-24,329180,10.59000015258789,2.549999952316284,
2026-06-24,347860,3.930000066757202,1.9800000190734863,
2026-06-24,357780,22.959999084472656,2.25,
2026-06-24,373220,18.959999084472656,1.3899999856948853,
2026-06-24,375500,10.449999809265137,2.200000047683716,
2026-06-24,402340,2.1700000762939453,0.0299999993294477,
2026-06-24,450080,8.9399995803833,1.7000000476837158,
2026-06-24,456040,4.429999828338623,0.1000000014901161,
2026-06-25,000100,21.1200008392334,2.2699999809265137,
2026-06-25,000150,10.760000228881836,0.25,
2026-06-25,000270,11.829999923706056,0.0199999995529651,
2026-06-25,000660,2.319999933242798,0.0,
2026-06-25,000720,21.920000076293945,1.350000023841858,
2026-06-25,000810,14.3100004196167,0.4600000083446502,
2026-06-25,000990,9.489999771118164,3.359999895095825,
2026-06-25,001450,17.040000915527344,0.1000000014901161,
2026-06-25,001570,0.0,0.1199999973177909,
2026-06-25,002380,2.450000047683716,0.050000000745058,
2026-06-25,002790,7.559999942779541,0.2899999916553497,
2026-06-25,003550,13.380000114440918,1.1100000143051147,
2026-06-25,003670,18.86000061035156,3.009999990463257,
2026-06-25,004020,5.550000190734863,0.3100000023841858,
2026-06-25,004170,13.420000076293944,0.6000000238418579,
2026-06-25,004990,23.1299991607666,0.4099999964237213,
2026-06-25,005380,17.979999542236328,2.690000057220459,
2026-06-25,005387,3.2799999713897705,0.0,
2026-06-25,005490,9.210000038146973,0.0900000035762786,
2026-06-25,005830,26.76000022888184,0.0099999997764825,
2026-06-25,005930,2.3299999237060547,0.0,
2026-06-25,005935,0.4199999868869781,0.0,
2026-06-25,006280,35.939998626708984,0.8899999856948853,
2026-06-25,006400,4.320000171661377,0.0399999991059303,
2026-06-25,006800,5.699999809265137,2.259999990463257,
2026-06-25,007070,16.959999084472656,0.1199999973177909,
2026-06-25,008770,19.450000762939453,0.4300000071525574,
2026-06-25,008930,4.730000019073486,0.5099999904632568,
2026-06-25,009150,2.3299999237060547,0.25,
2026-06-25,009830,12.890000343322754,0.8700000047683716,
2026-06-25,010130,7.53000020980835,0.4199999868869781,
2026-06-25,010140,6.659999847412109,0.9300000071525574,
2026-06-25,010950,13.520000457763672,0.4900000095367431,
2026-06-25,011070,4.260000228881836,0.2199999988079071,
2026-06-25,011170,20.940000534057617,0.1199999973177909,
2026-06-25,011200,21.549999237060547,1.1299999952316284,
2026-06-25,012330,14.170000076293944,0.4900000095367431,
2026-06-25,012450,3.940000057220459,0.0199999995529651,
2026-06-25,015760,3.380000114440918,0.3000000119209289,
2026-06-25,017670,1.1699999570846558,0.0599999986588954,
2026-06-25,018260,6.96999979019165,1.5,
2026-06-25,021240,19.01000022888184,0.050000000745058,
2026-06-25,024110,24.93000030517578,0.1899999976158142,
2026-06-25,028260,3.509999990463257,0.2800000011920929,
2026-06-25,029780,21.940000534057617,0.1299999952316284,
2026-06-25,030200,8.460000038146973,0.4799999892711639,
2026-06-25,032830,4.789999961853027,0.0599999986588954,
2026-06-25,033780,5.650000095367432,0.0799999982118606,
2026-06-25,034730,2.0999999046325684,0.0099999997764825,
2026-06-25,035420,5.340000152587891,0.6700000166893005,
2026-06-25,035720,10.4399995803833,0.8700000047683716,
2026-06-25,036570,7.269999980926514,0.3199999928474426,
2026-06-25,042660,9.220000267028809,1.1200000047683716,
2026-06-25,047050,19.71999931335449,0.6000000238418579,
2026-06-25,047810,30.670000076293945,3.190000057220459,
2026-06-25,051900,21.799999237060547,0.8399999737739563,
2026-06-25,051910,4.269999980926514,0.0099999997764825,
2026-06-25,052690,13.800000190734863,0.3300000131130218,
2026-06-25,055550,15.170000076293944,0.0299999993294477,
2026-06-25,058470,14.579999923706056,1.6200000047683716,
2026-06-25,064350,11.470000267028809,0.0399999991059303,
2026-06-25,066570,6.610000133514404,1.0299999713897705,
2026-06-25,068270,6.480000019073486,0.1199999973177909,
2026-06-25,069960,15.010000228881836,0.550000011920929,
2026-06-25,071050,12.970000267028809,0.3300000131130218,
2026-06-25,078930,8.319999694824219,0.0,
2026-06-25,086790,4.610000133514404,0.050000000745058,
2026-06-25,088350,8.289999961853027,0.5799999833106995,
2026-06-25,090430,32.7400016784668,2.309999942779541,
2026-06-25,093370,4.429999828338623,0.7200000286102295,
2026-06-25,096770,6.130000114440918,0.1400000005960464,
2026-06-25,097950,10.949999809265137,0.3000000119209289,
2026-06-25,105560,8.84000015258789,0.0,
2026-06-25,111770,15.609999656677246,0.2000000029802322,
2026-06-25,120110,3.2699999809265137,0.2399999946355819,
2026-06-25,128940,3.660000085830689,0.5799999833106995,
2026-06-25,138040,25.36000061035156,1.0800000429153442,
2026-06-25,139480,11.56999969482422,1.0700000524520874,
2026-06-25,161390,17.899999618530273,0.3000000119209289,
2026-06-25,185750,23.06999969482422,1.5700000524520874,
2026-06-25,207940,11.359999656677246,0.3000000119209289,
2026-06-25,214370,12.510000228881836,1.3200000524520874,
2026-06-25,241560,12.520000457763672,0.0399999991059303,
2026-06-25,251270,18.940000534057617,0.1599999964237213,
2026-06-25,259960,18.31999969482422,0.7400000095367432,
2026-06-25,267250,16.209999084472656,0.0,
2026-06-25,267260,15.09000015258789,0.6399999856948853,
2026-06-25,271560,12.31999969482422,0.1899999976158142,
2026-06-25,272210,7.679999828338623,0.8299999833106995,
2026-06-25,316140,6.0,0.1099999994039535,
2026-06-25,323410,15.270000457763672,2.4200000762939453,
2026-06-25,326030,7.260000228881836,0.270000010728836,
2026-06-25,329180,10.220000267028809,2.549999952316284,
2026-06-25,347860,2.970000028610229,1.9600000381469729,
2026-06-25,357780,16.559999465942383,2.25,
2026-06-25,373220,27.57999992370605,1.409999966621399,
2026-06-25,375500,8.34000015258789,2.109999895095825,
2026-06-25,402340,2.0899999141693115,0.0199999995529651,
2026-06-25,450080,6.840000152587891,1.6399999856948853,
2026-06-25,456040,6.159999847412109,0.1000000014901161,
2026-06-26,000100,22.34000015258789,2.3499999046325684,
2026-06-26,000150,7.489999771118164,0.270000010728836,
2026-06-26,000270,11.989999771118164,0.0299999993294477,
2026-06-26,000660,5.039999961853027,0.0,
2026-06-26,000720,26.530000686645508,1.2899999618530271,
2026-06-26,000810,14.81999969482422,0.4799999892711639,
2026-06-26,000990,8.199999809265137,3.5299999713897705,
2026-06-26,001450,12.15999984741211,0.1199999973177909,
2026-06-26,001570,0.0,0.1199999973177909,
2026-06-26,002380,13.56999969482422,0.050000000745058,
2026-06-26,002790,21.1200008392334,0.270000010728836,
2026-06-26,003550,5.309999942779541,1.100000023841858,
2026-06-26,003670,14.800000190734863,2.9600000381469727,
2026-06-26,004020,15.15999984741211,0.3700000047683716,
2026-06-26,004170,15.710000038146973,0.6399999856948853,
2026-06-26,004990,12.6899995803833,0.3799999952316284,
2026-06-26,005380,8.229999542236328,2.650000095367432,
2026-06-26,005387,3.390000104904175,0.0,
2026-06-26,005490,5.230000019073486,0.0900000035762786,
2026-06-26,005830,21.739999771118164,0.0099999997764825,
2026-06-26,005930,5.179999828338623,0.0,
2026-06-26,005935,0.3000000119209289,0.0,
2026-06-26,006280,21.559999465942383,0.9300000071525574,
2026-06-26,006400,7.320000171661377,0.0199999995529651,
2026-06-26,006800,9.329999923706056,2.2699999809265137,
2026-06-26,007070,20.76000022888184,0.1099999994039535,
2026-06-26,008770,5.53000020980835,0.4199999868869781,
2026-06-26,008930,17.469999313354492,0.5299999713897705,
2026-06-26,009150,1.7000000476837158,0.2399999946355819,
2026-06-26,009830,5.880000114440918,0.8500000238418579,
2026-06-26,010130,7.300000190734863,0.4199999868869781,
2026-06-26,010140,9.720000267028809,0.7400000095367432,
2026-06-26,010950,15.630000114440918,0.4799999892711639,
2026-06-26,011070,7.570000171661377,0.1299999952316284,
2026-06-26,011170,14.760000228881836,0.1199999973177909,
2026-06-26,011200,15.649999618530272,1.149999976158142,
2026-06-26,012330,8.199999809265137,0.4900000095367431,
2026-06-26,012450,19.13999938964844,0.0199999995529651,
2026-06-26,015760,10.239999771118164,0.270000010728836,
2026-06-26,017670,1.2300000190734863,0.0599999986588954,
2026-06-26,018260,9.329999923706056,1.5700000524520874,
2026-06-26,021240,10.880000114440918,0.050000000745058,
2026-06-26,024110,17.90999984741211,0.25,
2026-06-26,028260,8.390000343322754,0.3300000131130218,
2026-06-26,029780,26.790000915527344,0.1299999952316284,
2026-06-26,030200,7.650000095367432,0.4799999892711639,
2026-06-26,032830,9.890000343322754,0.0700000002980232,
2026-06-26,033780,14.899999618530272,0.0599999986588954,
2026-06-26,034730,6.519999980926514,0.0399999991059303,
2026-06-26,035420,6.900000095367432,0.699999988079071,
2026-06-26,035720,15.4399995803833,0.959999978542328,
2026-06-26,036570,20.14999961853028,0.3100000023841858,
2026-06-26,042660,9.550000190734863,1.100000023841858,
2026-06-26,047050,20.59000015258789,0.6100000143051147,
2026-06-26,047810,29.86000061035156,3.359999895095825,
2026-06-26,051900,11.649999618530272,0.8399999737739563,
2026-06-26,051910,10.3100004196167,0.0099999997764825,
2026-06-26,052690,11.170000076293944,0.270000010728836,
2026-06-26,055550,14.6899995803833,0.0399999991059303,
2026-06-26,058470,9.75,1.5199999809265137,
2026-06-26,064350,21.43000030517578,0.0399999991059303,
2026-06-26,066570,5.869999885559082,1.059999942779541,
2026-06-26,068270,10.510000228881836,0.1199999973177909,
2026-06-26,069960,13.510000228881836,0.5699999928474426,
2026-06-26,071050,17.079999923706055,0.4300000071525574,
2026-06-26,078930,16.149999618530273,0.0,
2026-06-26,086790,25.56999969482422,0.0700000002980232,
2026-06-26,088350,4.510000228881836,0.6000000238418579,
2026-06-26,090430,23.850000381469727,2.3399999141693115,
2026-06-26,093370,1.809999942779541,0.7200000286102295,
2026-06-26,096770,11.989999771118164,0.1400000005960464,
2026-06-26,097950,21.84000015258789,0.3199999928474426,
2026-06-26,105560,13.390000343322754,0.0099999997764825,
2026-06-26,111770,14.729999542236328,0.209999993443489,
2026-06-26,120110,2.9800000190734863,0.2399999946355819,
2026-06-26,128940,8.510000228881836,0.6000000238418579,
2026-06-26,138040,22.709999084472656,1.1100000143051147,
2026-06-26,139480,17.229999542236328,1.0299999713897705,
2026-06-26,161390,28.75,0.3000000119209289,
2026-06-26,185750,17.889999389648438,1.5800000429153442,
2026-06-26,207940,20.299999237060547,0.3300000131130218,
2026-06-26,214370,9.010000228881836,1.3200000524520874,
2026-06-26,241560,14.210000038146973,0.0399999991059303,
2026-06-26,251270,13.8100004196167,0.1700000017881393,
2026-06-26,259960,25.26000022888184,0.7400000095367432,
2026-06-26,267250,8.550000190734863,0.0,
2026-06-26,267260,14.369999885559082,0.6399999856948853,
2026-06-26,271560,17.389999389648438,0.1700000017881393,
2026-06-26,272210,20.229999542236328,0.8799999952316284,
2026-06-26,316140,16.610000610351562,0.1199999973177909,
2026-06-26,323410,26.959999084472656,2.4600000381469727,
2026-06-26,326030,8.970000267028809,0.2800000011920929,
2026-06-26,329180,4.010000228881836,2.4800000190734863,
2026-06-26,347860,6.690000057220459,1.9600000381469729,
2026-06-26,357780,12.989999771118164,2.3399999141693115,
2026-06-26,373220,34.2400016784668,1.440000057220459,
2026-06-26,375500,10.039999961853027,2.200000047683716,
2026-06-26,402340,2.390000104904175,0.0199999995529651,
2026-06-26,450080,6.900000095367432,1.5800000429153442,
2026-06-26,456040,9.40999984741211,0.1400000005960464,
2026-06-29,000100,11.34000015258789,2.240000009536743,
2026-06-29,000150,3.650000095367432,0.270000010728836,
2026-06-29,000270,12.75,0.0199999995529651,
2026-06-29,000660,4.579999923706055,0.0099999997764825,
2026-06-29,000720,6.119999885559082,1.100000023841858,
2026-06-29,000810,12.760000228881836,0.4699999988079071,
2026-06-29,000990,9.899999618530272,3.660000085830689,
2026-06-29,001450,8.359999656677246,0.1299999952316284,
2026-06-29,001570,0.0,0.1199999973177909,
2026-06-29,002380,3.2799999713897705,0.050000000745058,
2026-06-29,002790,24.709999084472656,0.3000000119209289,
2026-06-29,003550,11.0,1.100000023841858,
2026-06-29,003670,6.860000133514404,2.890000104904175,
2026-06-29,004020,11.979999542236328,0.3300000131130218,
2026-06-29,004170,15.9399995803833,0.6200000047683716,
2026-06-29,004990,16.06999969482422,0.3600000143051147,
2026-06-29,005380,9.43000030517578,2.609999895095825,
2026-06-29,005387,4.159999847412109,0.0,
2026-06-29,005490,7.849999904632568,0.1299999952316284,
2026-06-29,005830,10.609999656677246,0.0099999997764825,
2026-06-29,005930,5.179999828338623,0.0,
2026-06-29,005935,0.2000000029802322,0.0,
2026-06-29,006280,21.43000030517578,0.8700000047683716,
2026-06-29,006400,3.0199999809265137,0.0199999995529651,
2026-06-29,006800,4.619999885559082,2.259999990463257,
2026-06-29,007070,21.440000534057617,0.0900000035762786,
2026-06-29,008770,11.979999542236328,0.4199999868869781,
2026-06-29,008930,5.28000020980835,0.5299999713897705,
2026-06-29,009150,3.630000114440918,0.2599999904632568,
2026-06-29,009830,2.049999952316284,0.7099999785423279,
2026-06-29,010130,6.570000171661377,0.4199999868869781,
2026-06-29,010140,5.679999828338623,0.6600000262260437,
2026-06-29,010950,9.90999984741211,0.4399999976158142,
2026-06-29,011070,3.400000095367432,0.0799999982118606,
2026-06-29,011170,11.109999656677246,0.0900000035762786,
2026-06-29,011200,16.920000076293945,1.159999966621399,
2026-06-29,012330,4.519999980926514,0.4300000071525574,
2026-06-29,012450,6.150000095367432,0.0099999997764825,
2026-06-29,015760,10.539999961853027,0.270000010728836,
2026-06-29,017670,1.0499999523162842,0.0599999986588954,
2026-06-29,018260,9.300000190734863,1.6399999856948853,
2026-06-29,021240,16.559999465942383,0.0399999991059303,
2026-06-29,024110,23.440000534057617,0.2599999904632568,
2026-06-29,028260,9.260000228881836,0.3499999940395355,
2026-06-29,029780,28.8799991607666,0.1299999952316284,
2026-06-29,030200,14.279999732971191,0.4799999892711639,
2026-06-29,032830,4.840000152587891,0.050000000745058,
2026-06-29,033780,6.170000076293945,0.0299999993294477,
2026-06-29,034730,8.239999771118164,0.050000000745058,
2026-06-29,035420,6.03000020980835,0.7300000190734863,
2026-06-29,035720,10.81999969482422,0.8999999761581421,
2026-06-29,036570,18.93000030517578,0.3100000023841858,
2026-06-29,042660,10.59000015258789,1.1100000143051147,
2026-06-29,047050,23.11000061035156,0.6200000047683716,
2026-06-29,047810,28.63999938964844,3.5299999713897705,
2026-06-29,051900,5.829999923706055,0.7200000286102295,
2026-06-29,051910,6.210000038146973,0.0099999997764825,
2026-06-29,052690,15.65999984741211,0.2800000011920929,
2026-06-29,055550,16.329999923706055,0.050000000745058,
2026-06-29,058470,6.730000019073486,1.1699999570846558,
2026-06-29,064350,8.399999618530273,0.0399999991059303,
2026-06-29,066570,10.640000343322754,1.1299999952316284,
2026-06-29,068270,11.06999969482422,0.1400000005960464,
2026-06-29,069960,10.960000038146973,0.3799999952316284,
2026-06-29,071050,9.8100004196167,0.4300000071525574,
2026-06-29,078930,16.18000030517578,0.0,
2026-06-29,086790,16.540000915527344,0.0700000002980232,
2026-06-29,088350,10.649999618530272,0.6499999761581421,
2026-06-29,090430,12.1899995803833,2.25,
2026-06-29,093370,1.3799999952316284,0.6800000071525574,
2026-06-29,096770,11.920000076293944,0.1599999964237213,
2026-06-29,097950,9.3100004196167,0.3100000023841858,
2026-06-29,105560,18.61000061035156,0.0199999995529651,
2026-06-29,111770,12.380000114440918,0.1899999976158142,
2026-06-29,120110,4.829999923706055,0.2300000041723251,
2026-06-29,128940,1.840000033378601,0.5899999737739563,
2026-06-29,138040,15.06999969482422,1.1399999856948853,
2026-06-29,139480,6.960000038146973,0.9700000286102296,
2026-06-29,161390,38.83000183105469,0.3700000047683716,
2026-06-29,185750,17.68000030517578,1.5800000429153442,
2026-06-29,207940,10.18000030517578,0.3300000131130218,
2026-06-29,214370,11.510000228881836,1.2899999618530271,
2026-06-29,241560,17.030000686645508,0.0399999991059303,
2026-06-29,251270,13.619999885559082,0.1500000059604644,
2026-06-29,259960,24.6200008392334,0.7400000095367432,
2026-06-29,267250,4.900000095367432,0.0,
2026-06-29,267260,19.209999084472656,0.6399999856948853,
2026-06-29,271560,11.40999984741211,0.1400000005960464,
2026-06-29,272210,15.220000267028809,0.8700000047683716,
2026-06-29,316140,5.190000057220459,0.1199999973177909,
2026-06-29,323410,22.51000022888184,2.430000066757202,
2026-06-29,326030,6.46999979019165,0.270000010728836,
2026-06-29,329180,10.329999923706056,2.509999990463257,
2026-06-29,347860,0.8199999928474426,1.899999976158142,
2026-06-29,357780,4.71999979019165,2.069999933242798,
2026-06-29,373220,7.349999904632568,1.350000023841858,
2026-06-29,375500,10.050000190734863,2.2100000381469727,
2026-06-29,402340,4.650000095367432,0.0199999995529651,
2026-06-29,450080,8.40999984741211,1.590000033378601,
2026-06-29,456040,9.979999542236328,0.1299999952316284,
2026-06-30,000100,26.64999961853028,2.25,
2026-06-30,000150,8.510000228881836,0.2800000011920929,
2026-06-30,000270,8.84000015258789,0.0099999997764825,
2026-06-30,000660,2.0299999713897705,0.0399999991059303,
2026-06-30,000720,14.93000030517578,1.1200000047683716,
2026-06-30,000810,8.069999694824219,0.4600000083446502,
2026-06-30,000990,4.269999980926514,3.119999885559082,
2026-06-30,001450,5.099999904632568,0.1000000014901161,
2026-06-30,001570,0.0,0.1199999973177909,
2026-06-30,002380,2.0799999237060547,0.050000000745058,
2026-06-30,002790,12.5600004196167,0.3000000119209289,
2026-06-30,003550,10.239999771118164,1.0700000524520874,
2026-06-30,003670,20.100000381469727,2.9100000858306885,
2026-06-30,004020,6.349999904632568,0.3400000035762787,
2026-06-30,004170,14.170000076293944,0.550000011920929,
2026-06-30,004990,11.25,0.3700000047683716,
2026-06-30,005380,11.43000030517578,2.640000104904175,
2026-06-30,005387,4.340000152587891,0.0,
2026-06-30,005490,4.400000095367432,0.1400000005960464,
2026-06-30,005830,7.5,0.0099999997764825,
2026-06-30,005930,3.549999952316284,0.0,
2026-06-30,005935,0.270000010728836,0.0,
2026-06-30,006280,25.57999992370605,0.8299999833106995,
2026-06-30,006400,5.730000019073486,0.0700000002980232,
2026-06-30,006800,6.880000114440918,2.289999961853028,
2026-06-30,007070,16.139999389648438,0.1000000014901161,
2026-06-30,008770,21.63999938964844,0.4600000083446502,
2026-06-30,008930,18.489999771118164,0.5299999713897705,
2026-06-30,009150,2.809999942779541,0.2300000041723251,
2026-06-30,009830,10.729999542236328,0.6600000262260437,
2026-06-30,010130,9.989999771118164,0.4300000071525574,
2026-06-30,010140,8.460000038146973,0.6700000166893005,
2026-06-30,010950,18.770000457763672,0.449999988079071,
2026-06-30,011070,4.050000190734863,0.0799999982118606,
2026-06-30,011170,7.900000095367432,0.0700000002980232,
2026-06-30,011200,13.40999984741211,1.1699999570846558,
2026-06-30,012330,4.239999771118164,0.3799999952316284,
2026-06-30,012450,6.539999961853027,0.0099999997764825,
2026-06-30,015760,5.190000057220459,0.270000010728836,
2026-06-30,017670,5.590000152587891,0.0700000002980232,
2026-06-30,018260,5.539999961853027,1.649999976158142,
2026-06-30,021240,1.340000033378601,0.0299999993294477,
2026-06-30,024110,7.460000038146973,0.2599999904632568,
2026-06-30,028260,4.480000019073486,0.3300000131130218,
2026-06-30,029780,15.15999984741211,0.1299999952316284,
2026-06-30,030200,15.5,0.4799999892711639,
2026-06-30,032830,1.7999999523162842,0.0399999991059303,
2026-06-30,033780,4.940000057220459,0.0,
2026-06-30,034730,5.880000114440918,0.0399999991059303,
2026-06-30,035420,5.329999923706055,0.75,
2026-06-30,035720,8.970000267028809,0.949999988079071,
2026-06-30,036570,20.459999084472656,0.3199999928474426,
2026-06-30,042660,5.96999979019165,1.1200000047683716,
2026-06-30,047050,25.100000381469727,0.6399999856948853,
2026-06-30,047810,24.43000030517578,3.670000076293945,
2026-06-30,051900,23.729999542236328,0.7699999809265137,
2026-06-30,051910,5.25,0.0,
2026-06-30,052690,25.88999938964844,0.2899999916553497,
2026-06-30,055550,5.989999771118164,0.0599999986588954,
2026-06-30,058470,5.760000228881836,1.0399999618530271,
2026-06-30,064350,11.5600004196167,0.0399999991059303,
2026-06-30,066570,7.28000020980835,1.1799999475479126,
2026-06-30,068270,7.639999866485596,0.1500000059604644,
2026-06-30,069960,9.1899995803833,0.2300000041723251,
2026-06-30,071050,15.970000267028809,0.5099999904632568,
2026-06-30,078930,6.550000190734863,0.0,
2026-06-30,086790,6.170000076293945,0.0799999982118606,
2026-06-30,088350,12.75,0.6499999761581421,
2026-06-30,090430,23.1200008392334,2.319999933242798,
2026-06-30,093370,3.130000114440918,0.7699999809265137,
2026-06-30,096770,6.570000171661377,0.1599999964237213,
2026-06-30,097950,28.36000061035156,0.3700000047683716,
2026-06-30,105560,2.569999933242798,0.0299999993294477,
2026-06-30,111770,9.880000114440918,0.1800000071525573,
2026-06-30,120110,5.309999942779541,0.2300000041723251,
2026-06-30,128940,7.110000133514404,0.6000000238418579,
2026-06-30,138040,14.56999969482422,1.1299999952316284,
2026-06-30,139480,17.670000076293945,0.9700000286102296,
2026-06-30,161390,20.450000762939453,0.3899999856948852,
2026-06-30,185750,31.6299991607666,1.590000033378601,
2026-06-30,207940,13.68000030517578,0.3600000143051147,
2026-06-30,214370,15.020000457763672,1.2999999523162842,
2026-06-30,241560,7.800000190734863,0.0399999991059303,
2026-06-30,251270,40.16999816894531,0.2199999988079071,
2026-06-30,259960,13.520000457763672,0.7699999809265137,
2026-06-30,267250,4.019999980926514,0.0,
2026-06-30,267260,14.359999656677246,0.6700000166893005,
2026-06-30,271560,10.130000114440918,0.1500000059604644,
2026-06-30,272210,22.040000915527344,0.9300000071525574,
2026-06-30,316140,11.100000381469728,0.1199999973177909,
2026-06-30,323410,32.029998779296875,2.4200000762939453,
2026-06-30,326030,3.690000057220459,0.270000010728836,
2026-06-30,329180,11.920000076293944,2.569999933242798,
2026-06-30,347860,3.059999942779541,1.899999976158142,
2026-06-30,357780,8.119999885559082,1.840000033378601,
2026-06-30,373220,28.020000457763672,1.399999976158142,
2026-06-30,375500,10.369999885559082,2.259999990463257,
2026-06-30,402340,4.099999904632568,0.0399999991059303,
2026-06-30,450080,12.670000076293944,1.659999966621399,
2026-06-30,456040,13.5,0.1099999994039535,
2026-07-01,000100,22.56999969482422,2.2799999713897705,
2026-07-01,000150,5.210000038146973,0.270000010728836,
2026-07-01,000270,10.199999809265137,0.0199999995529651,
2026-07-01,000660,3.930000066757202,0.0299999993294477,
2026-07-01,000720,6.809999942779541,1.1299999952316284,
2026-07-01,000810,11.210000038146973,0.449999988079071,
2026-07-01,000990,2.369999885559082,1.3799999952316284,
2026-07-01,001450,16.43000030517578,0.1000000014901161,
2026-07-01,001570,0.0,0.1199999973177909,
2026-07-01,002380,1.5199999809265137,0.050000000745058,
2026-07-01,002790,19.34000015258789,0.3000000119209289,
2026-07-01,003550,12.300000190734863,1.0399999618530271,
2026-07-01,003670,11.510000228881836,2.900000095367432,
2026-07-01,004020,12.279999732971191,0.3400000035762787,
2026-07-01,004170,13.600000381469728,0.5899999737739563,
2026-07-01,004990,9.579999923706056,0.3499999940395355,
2026-07-01,005380,13.989999771118164,2.6700000762939453,
2026-07-01,005387,4.380000114440918,0.0,
2026-07-01,005490,8.710000038146973,0.1599999964237213,
2026-07-01,005830,20.3799991607666,0.0099999997764825,
2026-07-01,005930,3.490000009536743,0.0,
2026-07-01,005935,0.1099999994039535,0.0,
2026-07-01,006280,22.90999984741211,0.7699999809265137,
2026-07-01,006400,2.700000047683716,0.0700000002980232,
2026-07-01,006800,6.579999923706055,2.2799999713897705,
2026-07-01,007070,16.270000457763672,0.1099999994039535,
2026-07-01,008770,8.65999984741211,0.4300000071525574,
2026-07-01,008930,11.600000381469728,0.5299999713897705,
2026-07-01,009150,1.950000047683716,0.2899999916553497,
2026-07-01,009830,7.71999979019165,0.6899999976158142,
2026-07-01,010130,8.880000114440918,0.4399999976158142,
2026-07-01,010140,5.920000076293945,0.6200000047683716,
2026-07-01,010950,12.729999542236328,0.4300000071525574,
2026-07-01,011070,7.460000038146973,0.1099999994039535,
2026-07-01,011170,18.059999465942383,0.0700000002980232,
2026-07-01,011200,22.11000061035156,1.1799999475479126,
2026-07-01,012330,3.650000095367432,0.3600000143051147,
2026-07-01,012450,3.680000066757202,0.0099999997764825,
2026-07-01,015760,6.210000038146973,0.270000010728836,
2026-07-01,017670,4.489999771118164,0.0900000035762786,
2026-07-01,018260,3.3299999237060547,1.6399999856948853,
2026-07-01,021240,7.239999771118164,0.0199999995529651,
2026-07-01,024110,18.0,0.270000010728836,
2026-07-01,028260,5.349999904632568,0.2899999916553497,
2026-07-01,029780,25.65999984741211,0.1299999952316284,
2026-07-01,030200,7.769999980926514,0.4900000095367431,
2026-07-01,032830,8.609999656677246,0.0399999991059303,
2026-07-01,033780,3.180000066757202,0.0,
2026-07-01,034730,7.699999809265137,0.0700000002980232,
2026-07-01,035420,2.490000009536743,0.7300000190734863,
2026-07-01,035720,7.800000190734863,0.9399999976158142,
2026-07-01,036570,16.610000610351562,0.3199999928474426,
2026-07-01,042660,8.1899995803833,1.100000023841858,
2026-07-01,047050,24.799999237060547,0.6499999761581421,
2026-07-01,047810,15.960000038146973,3.740000009536743,
2026-07-01,051900,6.21999979019165,0.75,
2026-07-01,051910,7.239999771118164,0.0,
2026-07-01,052690,9.09000015258789,0.3000000119209289,
2026-07-01,055550,13.170000076293944,0.0700000002980232,
2026-07-01,058470,1.409999966621399,0.8700000047683716,
2026-07-01,064350,9.59000015258789,0.0399999991059303,
2026-07-01,066570,11.1899995803833,1.2699999809265137,
2026-07-01,068270,5.079999923706055,0.1599999964237213,
2026-07-01,069960,2.650000095367432,0.1000000014901161,
2026-07-01,071050,18.350000381469727,0.550000011920929,
2026-07-01,078930,12.5600004196167,0.0,
2026-07-01,086790,8.989999771118164,0.0799999982118606,
2026-07-01,088350,12.199999809265137,0.6399999856948853,
2026-07-01,090430,19.88999938964844,2.3499999046325684,
2026-07-01,093370,6.230000019073486,1.3200000524520874,
2026-07-01,096770,7.800000190734863,0.1599999964237213,
2026-07-01,097950,18.010000228881836,0.3600000143051147,
2026-07-01,105560,7.199999809265137,0.0399999991059303,
2026-07-01,111770,10.079999923706056,0.1599999964237213,
2026-07-01,120110,5.099999904632568,0.2399999946355819,
2026-07-01,128940,2.190000057220459,0.5699999928474426,
2026-07-01,138040,9.970000267028809,1.1299999952316284,
2026-07-01,139480,6.840000152587891,0.9399999976158142,
2026-07-01,161390,22.770000457763672,0.4000000059604645,
2026-07-01,185750,26.06999969482422,1.590000033378601,
2026-07-01,207940,16.3700008392334,0.3799999952316284,
2026-07-01,214370,5.920000076293945,1.3200000524520874,
2026-07-01,241560,9.369999885559082,0.0399999991059303,
2026-07-01,251270,28.64999961853028,0.2399999946355819,
2026-07-01,259960,21.14999961853028,0.8199999928474426,
2026-07-01,267250,7.489999771118164,0.0,
2026-07-01,267260,9.010000228881836,0.7099999785423279,
2026-07-01,271560,23.420000076293945,0.1800000071525573,
2026-07-01,272210,17.399999618530273,0.9300000071525574,
2026-07-01,316140,3.0799999237060547,0.1299999952316284,
2026-07-01,323410,16.040000915527344,2.400000095367432,
2026-07-01,326030,8.979999542236328,0.2800000011920929,
2026-07-01,329180,7.369999885559082,2.609999895095825,
2026-07-01,347860,2.400000095367432,2.0899999141693115,
2026-07-01,357780,1.6299999952316284,1.5700000524520874,
2026-07-01,373220,21.1299991607666,1.4199999570846558,
2026-07-01,375500,6.090000152587891,2.2699999809265137,
2026-07-01,402340,5.929999828338623,0.1000000014901161,
2026-07-01,450080,4.019999980926514,1.559999942779541,
2026-07-01,456040,10.0,0.0700000002980232,
2026-07-02,000100,14.619999885559082,2.2799999713897705,
2026-07-02,000150,9.029999732971191,0.2599999904632568,
2026-07-02,000270,13.779999732971191,0.0099999997764825,
2026-07-02,000660,1.8899999856948853,0.0700000002980232,
2026-07-02,000720,6.480000019073486,1.0700000524520874,
2026-07-02,000810,11.18000030517578,0.4399999976158142,
2026-07-02,000990,1.809999942779541,0.8899999856948853,
2026-07-02,001450,7.579999923706055,0.1599999964237213,
2026-07-02,001570,0.0,0.1199999973177909,
2026-07-02,002380,5.059999942779541,0.0399999991059303,
2026-07-02,002790,8.15999984741211,0.3000000119209289,
2026-07-02,003550,6.650000095367432,1.0,
2026-07-02,003670,21.5,2.940000057220459,
2026-07-02,004020,3.640000104904175,0.3300000131130218,
2026-07-02,004170,16.190000534057617,0.6000000238418579,
2026-07-02,004990,6.610000133514404,0.3499999940395355,
2026-07-02,005380,10.06999969482422,2.569999933242798,
2026-07-02,005387,4.070000171661377,0.0,
2026-07-02,005490,3.650000095367432,0.1000000014901161,
2026-07-02,005830,15.470000267028809,0.0099999997764825,
2026-07-02,005930,3.0199999809265137,0.0,
2026-07-02,005935,0.1500000059604644,0.0,
2026-07-02,006280,13.40999984741211,0.7400000095367432,
2026-07-02,006400,2.069999933242798,0.0700000002980232,
2026-07-02,006800,13.470000267028809,2.289999961853028,
2026-07-02,007070,14.729999542236328,0.1500000059604644,
2026-07-02,008770,4.25,0.3700000047683716,
2026-07-02,008930,10.359999656677246,0.5600000023841858,
2026-07-02,009150,2.640000104904175,0.2800000011920929,
2026-07-02,009830,8.800000190734863,0.6000000238418579,
2026-07-02,010130,7.53000020980835,0.4399999976158142,
2026-07-02,010140,2.430000066757202,0.6200000047683716,
2026-07-02,010950,8.380000114440918,0.4199999868869781,
2026-07-02,011070,6.820000171661377,0.0700000002980232,
2026-07-02,011170,8.430000305175781,0.050000000745058,
2026-07-02,011200,5.429999828338623,1.1699999570846558,
2026-07-02,012330,5.099999904632568,0.4000000059604645,
2026-07-02,012450,5.369999885559082,0.0099999997764825,
2026-07-02,015760,1.3799999952316284,0.25,
2026-07-02,017670,2.5199999809265137,0.0799999982118606,
2026-07-02,018260,7.539999961853027,1.7200000286102295,
2026-07-02,021240,13.199999809265137,0.0199999995529651,
2026-07-02,024110,9.9399995803833,0.2399999946355819,
2026-07-02,028260,1.1399999856948853,0.2199999988079071,
2026-07-02,029780,15.529999732971191,0.1199999973177909,
2026-07-02,030200,8.010000228881836,0.4900000095367431,
2026-07-02,032830,3.559999942779541,0.0399999991059303,
2026-07-02,033780,3.880000114440918,0.0,
2026-07-02,034730,2.130000114440918,0.0099999997764825,
2026-07-02,035420,1.850000023841858,0.6800000071525574,
2026-07-02,035720,4.71999979019165,0.8600000143051147,
2026-07-02,036570,11.0,0.3000000119209289,
2026-07-02,042660,13.989999771118164,1.309999942779541,
2026-07-02,047050,16.979999542236328,0.7099999785423279,
2026-07-02,047810,18.1200008392334,3.880000114440918,
2026-07-02,051900,6.21999979019165,0.6299999952316284,
2026-07-02,051910,5.380000114440918,0.0,
2026-07-02,052690,13.800000190734863,0.3499999940395355,
2026-07-02,055550,7.309999942779541,0.0799999982118606,
2026-07-02,058470,1.7400000095367432,0.8199999928474426,
2026-07-02,064350,10.079999923706056,0.0299999993294477,
2026-07-02,066570,2.6600000858306885,1.2200000286102295,
2026-07-02,068270,2.8499999046325684,0.1599999964237213,
2026-07-02,069960,4.78000020980835,0.1099999994039535,
2026-07-02,071050,10.81999969482422,0.5699999928474426,
2026-07-02,078930,10.520000457763672,0.0,
2026-07-02,086790,7.909999847412109,0.0900000035762786,
2026-07-02,088350,7.269999980926514,0.6499999761581421,
2026-07-02,090430,11.529999732971191,2.4200000762939453,
2026-07-02,093370,3.920000076293945,1.1399999856948853,
2026-07-02,096770,3.490000009536743,0.1500000059604644,
2026-07-02,097950,7.659999847412109,0.2399999946355819,
2026-07-02,105560,3.7100000381469727,0.0399999991059303,
2026-07-02,111770,3.839999914169312,0.1500000059604644,
2026-07-02,120110,3.829999923706055,0.2199999988079071,
2026-07-02,128940,2.470000028610229,0.6100000143051147,
2026-07-02,138040,6.590000152587891,1.1200000047683716,
2026-07-02,139480,9.5,0.9399999976158142,
2026-07-02,161390,15.539999961853027,0.449999988079071,
2026-07-02,185750,8.59000015258789,1.5800000429153442,
2026-07-02,207940,6.429999828338623,0.3700000047683716,
2026-07-02,214370,9.300000190734863,1.3300000429153442,
2026-07-02,241560,10.0600004196167,0.0399999991059303,
2026-07-02,251270,9.8100004196167,0.2199999988079071,
2026-07-02,259960,13.020000457763672,0.7900000214576721,
2026-07-02,267250,5.360000133514404,0.0,
2026-07-02,267260,9.270000457763672,0.7200000286102295,
2026-07-02,271560,9.600000381469728,0.1700000017881393,
2026-07-02,272210,12.279999732971191,0.9300000071525574,
2026-07-02,316140,4.900000095367432,0.1299999952316284,
2026-07-02,323410,10.359999656677246,2.400000095367432,
2026-07-02,326030,9.550000190734863,0.2800000011920929,
2026-07-02,329180,4.130000114440918,2.609999895095825,
2026-07-02,347860,0.4399999976158142,2.1600000858306885,
2026-07-02,357780,6.340000152587891,1.5399999618530271,
2026-07-02,373220,9.279999732971191,1.409999966621399,
2026-07-02,375500,5.53000020980835,2.2300000190734863,
2026-07-02,402340,4.260000228881836,0.1099999994039535,
2026-07-02,450080,4.599999904632568,1.4199999570846558,
2026-07-02,456040,12.890000343322754,0.0700000002980232,
2026-07-03,000100,28.459999084472656,2.3399999141693115,
2026-07-03,000150,8.09000015258789,0.2599999904632568,
2026-07-03,000270,14.710000038146973,0.0099999997764825,
2026-07-03,000660,0.5199999809265137,0.0700000002980232,
2026-07-03,000720,14.960000038146973,1.0299999713897705,
2026-07-03,000810,5.630000114440918,0.4199999868869781,
2026-07-03,000990,5.139999866485596,0.9800000190734864,
2026-07-03,001450,9.739999771118164,0.1899999976158142,
2026-07-03,001570,0.0,0.1199999973177909,
2026-07-03,002380,5.369999885559082,0.0,
2026-07-03,002790,9.40999984741211,0.3199999928474426,
2026-07-03,003550,7.480000019073486,1.0199999809265137,
2026-07-03,003670,17.149999618530273,2.970000028610229,
2026-07-03,004020,5.019999980926514,0.3400000035762787,
2026-07-03,004170,11.199999809265137,0.5299999713897705,
2026-07-03,004990,7.590000152587891,0.3199999928474426,
2026-07-03,005380,6.269999980926514,2.5,
2026-07-03,005387,2.180000066757202,0.0,
2026-07-03,005490,3.369999885559082,0.0799999982118606,
2026-07-03,005830,12.56999969482422,0.0099999997764825,
2026-07-03,005930,0.7799999713897705,0.0,
2026-07-03,005935,1.409999966621399,0.0,
2026-07-03,006280,19.479999542236328,0.7599999904632568,
2026-07-03,006400,2.039999961853028,0.0599999986588954,
2026-07-03,006800,4.710000038146973,2.220000028610229,
2026-07-03,007070,20.1200008392334,0.1599999964237213,
2026-07-03,008770,14.93000030517578,0.4000000059604645,
2026-07-03,008930,13.789999961853027,0.6100000143051147,
2026-07-03,009150,5.5,0.2800000011920929,
2026-07-03,009830,12.359999656677246,0.6200000047683716,
2026-07-03,010130,2.559999942779541,0.449999988079071,
2026-07-03,010140,7.400000095367432,0.6499999761581421,
2026-07-03,010950,12.100000381469728,0.449999988079071,
2026-07-03,011070,5.269999980926514,0.0599999986588954,
2026-07-03,011170,8.489999771118164,0.0700000002980232,
2026-07-03,011200,6.320000171661377,1.1799999475479126,
2026-07-03,012330,4.21999979019165,0.3199999928474426,
2026-07-03,012450,12.720000267028809,0.0099999997764825,
2026-07-03,015760,1.6399999856948853,0.25,
2026-07-03,017670,0.270000010728836,0.0700000002980232,
2026-07-03,018260,4.699999809265137,1.6699999570846558,
2026-07-03,021240,10.6899995803833,0.0099999997764825,
2026-07-03,024110,18.690000534057617,0.25,
2026-07-03,028260,1.3799999952316284,0.1899999976158142,
2026-07-03,029780,12.289999961853027,0.1199999973177909,
2026-07-03,030200,8.670000076293945,0.4900000095367431,
2026-07-03,032830,9.979999542236328,0.0399999991059303,
2026-07-03,033780,4.340000152587891,0.0,
2026-07-03,034730,1.4700000286102295,0.0199999995529651,
2026-07-03,035420,4.809999942779541,0.6600000262260437,
2026-07-03,035720,8.829999923706055,0.8399999737739563,
2026-07-03,036570,22.1200008392334,0.270000010728836,
2026-07-03,042660,6.559999942779541,1.2699999809265137,
2026-07-03,047050,19.200000762939453,0.7599999904632568,
2026-07-03,047810,15.800000190734863,3.9700000286102295,
2026-07-03,051900,7.059999942779541,0.5899999737739563,
2026-07-03,051910,7.269999980926514,0.0,
2026-07-03,052690,14.59000015258789,0.2899999916553497,
2026-07-03,055550,11.65999984741211,0.1000000014901161,
2026-07-03,058470,7.550000190734863,0.7599999904632568,
2026-07-03,064350,13.359999656677246,0.0299999993294477,
2026-07-03,066570,5.900000095367432,1.2300000190734863,
2026-07-03,068270,4.610000133514404,0.1599999964237213,
2026-07-03,069960,2.990000009536743,0.1199999973177909,
2026-07-03,071050,11.25,0.5600000023841858,
2026-07-03,078930,10.609999656677246,0.0,
2026-07-03,086790,14.260000228881836,0.0900000035762786,
2026-07-03,088350,16.690000534057617,0.6499999761581421,
2026-07-03,090430,15.8100004196167,2.319999933242798,
2026-07-03,093370,2.25,1.1100000143051147,
2026-07-03,096770,3.319999933242798,0.1500000059604644,
2026-07-03,097950,22.200000762939453,0.25,
2026-07-03,105560,11.520000457763672,0.0599999986588954,
2026-07-03,111770,17.209999084472656,0.1500000059604644,
2026-07-03,120110,2.690000057220459,0.2199999988079071,
2026-07-03,128940,3.799999952316284,0.7200000286102295,
2026-07-03,138040,4.989999771118164,1.1100000143051147,
2026-07-03,139480,11.369999885559082,0.949999988079071,
2026-07-03,161390,32.2400016784668,0.4699999988079071,
2026-07-03,185750,18.68000030517578,1.600000023841858,
2026-07-03,207940,9.25,0.3799999952316284,
2026-07-03,214370,11.029999732971191,1.350000023841858,
2026-07-03,241560,15.18000030517578,0.0299999993294477,
2026-07-03,251270,9.829999923706056,0.2199999988079071,
2026-07-03,259960,9.40999984741211,0.7799999713897705,
2026-07-03,267250,3.650000095367432,0.0,
2026-07-03,267260,10.1899995803833,0.7799999713897705,
2026-07-03,271560,8.710000038146973,0.1700000017881393,
2026-07-03,272210,15.420000076293944,0.9300000071525574,
2026-07-03,316140,6.570000171661377,0.1299999952316284,
2026-07-03,323410,24.34000015258789,2.369999885559082,
2026-07-03,326030,8.899999618530273,0.2899999916553497,
2026-07-03,329180,2.009999990463257,2.539999961853028,
2026-07-03,347860,1.1100000143051147,2.150000095367432,
2026-07-03,357780,8.359999656677246,1.3799999952316284,
2026-07-03,373220,14.539999961853027,1.4199999570846558,
2026-07-03,375500,16.389999389648438,2.309999942779541,
2026-07-03,402340,5.099999904632568,0.1000000014901161,
2026-07-03,450080,5.210000038146973,1.3799999952316284,
2026-07-03,456040,5.269999980926514,0.0700000002980232,
2026-07-06,000100,28.82999992370605,2.380000114440918,
2026-07-06,000150,15.729999542236328,0.3100000023841858,
2026-07-06,000270,10.270000457763672,0.0099999997764825,
2026-07-06,000660,1.940000057220459,0.0700000002980232,
2026-07-06,000720,5.0,0.9900000095367432,
2026-07-06,000810,17.760000228881836,0.4799999892711639,
2026-07-06,000990,3.7100000381469727,0.8799999952316284,
2026-07-06,001450,10.75,0.2000000029802322,
2026-07-06,001570,0.0,0.1199999973177909,
2026-07-06,002380,4.75,0.0,
2026-07-06,002790,16.219999313354492,0.3300000131130218,
2026-07-06,003550,9.0,1.059999942779541,
2026-07-06,003670,6.090000152587891,2.970000028610229,
2026-07-06,004020,5.53000020980835,0.3499999940395355,
2026-07-06,004170,9.149999618530272,0.4000000059604645,
2026-07-06,004990,5.679999828338623,0.3199999928474426,
2026-07-06,005380,4.150000095367432,2.5,
2026-07-06,005387,0.2599999904632568,0.0,
2026-07-06,005490,4.28000020980835,0.1000000014901161,
2026-07-06,005830,9.460000038146973,0.0099999997764825,
2026-07-06,005930,1.2300000190734863,0.0,
2026-07-06,005935,4.289999961853027,0.0,
2026-07-06,006280,28.170000076293945,0.7699999809265137,
2026-07-06,006400,1.1399999856948853,0.0299999993294477,
2026-07-06,006800,9.140000343322754,2.3299999237060547,
2026-07-06,007070,17.68000030517578,0.1700000017881393,
2026-07-06,008770,8.039999961853027,0.4099999964237213,
2026-07-06,008930,16.639999389648438,0.6200000047683716,
2026-07-06,009150,6.5,0.25,
2026-07-06,009830,22.90999984741211,0.75,
2026-07-06,010130,4.789999961853027,0.449999988079071,
2026-07-06,010140,7.230000019073486,0.6299999952316284,
2026-07-06,010950,12.3100004196167,0.449999988079071,
2026-07-06,011070,5.510000228881836,0.0900000035762786,
2026-07-06,011170,10.119999885559082,0.050000000745058,
2026-07-06,011200,12.84000015258789,1.1699999570846558,
2026-07-06,012330,5.940000057220459,0.3300000131130218,
2026-07-06,012450,8.350000381469727,0.0099999997764825,
2026-07-06,015760,0.7699999809265137,0.25,
2026-07-06,017670,0.6600000262260437,0.0700000002980232,
2026-07-06,018260,3.619999885559082,1.6100000143051147,
2026-07-06,021240,8.899999618530273,0.0099999997764825,
2026-07-06,024110,14.5,0.25,
2026-07-06,028260,4.130000114440918,0.1700000017881393,
2026-07-06,029780,13.420000076293944,0.1199999973177909,
2026-07-06,030200,6.440000057220459,0.4900000095367431,
2026-07-06,032830,8.199999809265137,0.0399999991059303,
2026-07-06,033780,4.670000076293945,0.0,
2026-07-06,034730,5.75,0.0099999997764825,
2026-07-06,035420,2.7699999809265137,0.6399999856948853,
2026-07-06,035720,4.739999771118164,0.8100000023841858,
2026-07-06,036570,11.979999542236328,0.2599999904632568,
2026-07-06,042660,6.659999847412109,1.3799999952316284,
2026-07-06,047050,16.670000076293945,0.7599999904632568,
2026-07-06,047810,16.200000762939453,4.059999942779541,
2026-07-06,051900,7.869999885559082,0.5400000214576721,
2026-07-06,051910,3.7899999618530273,0.0,
2026-07-06,052690,13.529999732971191,0.2899999916553497,
2026-07-06,055550,9.380000114440918,0.1000000014901161,
2026-07-06,058470,6.460000038146973,0.7599999904632568,
2026-07-06,064350,10.970000267028809,0.050000000745058,
2026-07-06,066570,9.34000015258789,1.2599999904632568,
2026-07-06,068270,3.9700000286102295,0.1599999964237213,
2026-07-06,069960,3.3299999237060547,0.1800000071525573,
2026-07-06,071050,11.279999732971191,0.6399999856948853,
2026-07-06,078930,9.81999969482422,0.0,
2026-07-06,086790,9.920000076293944,0.0900000035762786,
2026-07-06,088350,11.859999656677246,0.6700000166893005,
2026-07-06,090430,34.79999923706055,2.400000095367432,
2026-07-06,093370,3.069999933242798,1.100000023841858,
2026-07-06,096770,1.4800000190734863,0.1400000005960464,
2026-07-06,097950,10.539999961853027,0.25,
2026-07-06,105560,4.110000133514404,0.0599999986588954,
2026-07-06,111770,16.110000610351562,0.1400000005960464,
2026-07-06,120110,5.150000095367432,0.2300000041723251,
2026-07-06,128940,7.210000038146973,0.7799999713897705,
2026-07-06,138040,6.860000133514404,1.100000023841858,
2026-07-06,139480,8.260000228881836,0.959999978542328,
2026-07-06,161390,20.229999542236328,0.4600000083446502,
2026-07-06,185750,11.109999656677246,1.600000023841858,
2026-07-06,207940,8.550000190734863,0.3899999856948852,
2026-07-06,214370,13.170000076293944,1.340000033378601,
2026-07-06,241560,9.510000228881836,0.0299999993294477,
2026-07-06,251270,14.600000381469728,0.2199999988079071,
2026-07-06,259960,13.380000114440918,0.75,
2026-07-06,267250,10.130000114440918,0.0,
2026-07-06,267260,10.06999969482422,0.7599999904632568,
2026-07-06,271560,17.860000610351562,0.2000000029802322,
2026-07-06,272210,2.130000114440918,0.9200000166893004,
2026-07-06,316140,7.28000020980835,0.1299999952316284,
2026-07-06,323410,17.3700008392334,2.3499999046325684,
2026-07-06,326030,3.490000009536743,0.2800000011920929,
2026-07-06,329180,16.440000534057617,2.559999942779541,
2026-07-06,347860,0.5,2.109999895095825,
2026-07-06,357780,9.649999618530272,1.2799999713897705,
2026-07-06,373220,20.920000076293945,1.4500000476837158,
2026-07-06,375500,10.989999771118164,2.3499999046325684,
2026-07-06,402340,9.109999656677246,0.1000000014901161,
2026-07-06,450080,8.779999732971191,1.3799999952316284,
2026-07-06,456040,3.609999895095825,0.0700000002980232,
2026-07-07,000100,29.71999931335449,2.369999885559082,
2026-07-07,000150,7.570000171661377,0.3100000023841858,
2026-07-07,000270,13.960000038146973,0.0,
2026-07-07,000660,2.6600000858306885,0.0599999986588954,
2026-07-07,000720,18.59000015258789,0.949999988079071,
2026-07-07,000810,17.280000686645508,0.5299999713897705,
2026-07-07,000990,2.509999990463257,0.8600000143051147,
2026-07-07,001450,9.270000457763672,0.25,
2026-07-07,001570,0.0,0.1199999973177909,
2026-07-07,002380,4.360000133514404,0.0,
2026-07-07,002790,13.6899995803833,0.3499999940395355,
2026-07-07,003550,7.380000114440918,1.059999942779541,
2026-07-07,003670,7.059999942779541,2.8399999141693115,
2026-07-07,004020,4.050000190734863,0.3600000143051147,
2026-07-07,004170,17.90999984741211,0.4699999988079071,
2026-07-07,004990,5.510000228881836,0.2899999916553497,
2026-07-07,005380,11.850000381469728,2.509999990463257,
2026-07-07,005387,2.789999961853028,0.0,
2026-07-07,005490,4.019999980926514,0.1199999973177909,
2026-07-07,005830,8.029999732971191,0.0099999997764825,
2026-07-07,005930,2.799999952316284,0.0,
2026-07-07,005935,4.179999828338623,0.0399999991059303,
2026-07-07,006280,14.5,0.7599999904632568,
2026-07-07,006400,1.190000057220459,0.0199999995529651,
2026-07-07,006800,12.880000114440918,2.299999952316284,
2026-07-07,007070,14.15999984741211,0.1700000017881393,
2026-07-07,008770,7.78000020980835,0.3600000143051147,
2026-07-07,008930,18.68000030517578,0.6499999761581421,
2026-07-07,009150,6.159999847412109,0.1599999964237213,
2026-07-07,009830,18.6200008392334,0.8199999928474426,
2026-07-07,010130,5.480000019073486,0.449999988079071,
2026-07-07,010140,8.399999618530273,0.6200000047683716,
2026-07-07,010950,10.15999984741211,0.449999988079071,
2026-07-07,011070,2.7699999809265137,0.0799999982118606,
2026-07-07,011170,5.869999885559082,0.050000000745058,
2026-07-07,011200,6.760000228881836,1.159999966621399,
2026-07-07,012330,7.639999866485596,0.2899999916553497,
2026-07-07,012450,16.770000457763672,0.0099999997764825,
2026-07-07,015760,0.7099999785423279,0.2599999904632568,
2026-07-07,017670,1.899999976158142,0.0599999986588954,
2026-07-07,018260,7.050000190734863,1.600000023841858,
2026-07-07,021240,12.399999618530272,0.0099999997764825,
2026-07-07,024110,12.449999809265137,0.2300000041723251,
2026-07-07,028260,9.15999984741211,0.1500000059604644,
2026-07-07,029780,8.15999984741211,0.1099999994039535,
2026-07-07,030200,10.449999809265137,0.4900000095367431,
2026-07-07,032830,3.25,0.0399999991059303,
2026-07-07,033780,5.039999961853027,0.0,
2026-07-07,034730,2.450000047683716,0.0099999997764825,
2026-07-07,035420,3.4600000381469727,0.6499999761581421,
2026-07-07,035720,5.150000095367432,0.7900000214576721,
2026-07-07,036570,7.260000228881836,0.1800000071525573,
2026-07-07,042660,6.139999866485596,1.4500000476837158,
2026-07-07,047050,17.540000915527344,0.7599999904632568,
2026-07-07,047810,20.01000022888184,4.170000076293945,
2026-07-07,051900,4.170000076293945,0.4199999868869781,
2026-07-07,051910,3.990000009536743,0.0,
2026-07-07,052690,6.980000019073486,0.2599999904632568,
2026-07-07,055550,8.609999656677246,0.0900000035762786,
2026-07-07,058470,4.46999979019165,0.75,
2026-07-07,064350,10.260000228881836,0.050000000745058,
2026-07-07,066570,4.21999979019165,1.1399999856948853,
2026-07-07,068270,5.170000076293945,0.1500000059604644,
2026-07-07,069960,8.199999809265137,0.1099999994039535,
2026-07-07,071050,13.06999969482422,0.6399999856948853,
2026-07-07,078930,6.909999847412109,0.0,
2026-07-07,086790,10.15999984741211,0.0900000035762786,
2026-07-07,088350,12.0,0.6600000262260437,
2026-07-07,090430,17.56999969482422,2.4600000381469727,
2026-07-07,093370,2.6600000858306885,1.159999966621399,
2026-07-07,096770,4.559999942779541,0.1199999973177909,
2026-07-07,097950,5.349999904632568,0.2399999946355819,
2026-07-07,105560,6.340000152587891,0.050000000745058,
2026-07-07,111770,10.359999656677246,0.1400000005960464,
2026-07-07,120110,11.229999542236328,0.2199999988079071,
2026-07-07,128940,8.6899995803833,0.8100000023841858,
2026-07-07,138040,6.809999942779541,1.0800000429153442,
2026-07-07,139480,11.079999923706056,0.949999988079071,
2026-07-07,161390,15.130000114440918,0.4799999892711639,
2026-07-07,185750,6.510000228881836,1.5800000429153442,
2026-07-07,207940,7.650000095367432,0.3899999856948852,
2026-07-07,214370,4.75,1.2899999618530271,
2026-07-07,241560,7.460000038146973,0.0199999995529651,
2026-07-07,251270,6.659999847412109,0.2199999988079071,
2026-07-07,259960,20.46999931335449,0.7400000095367432,
2026-07-07,267250,3.009999990463257,0.0,
2026-07-07,267260,4.639999866485596,0.6399999856948853,
2026-07-07,271560,12.479999542236328,0.2000000029802322,
2026-07-07,272210,8.899999618530273,0.9399999976158142,
2026-07-07,316140,4.829999923706055,0.1299999952316284,
2026-07-07,323410,12.40999984741211,2.319999933242798,
2026-07-07,326030,4.679999828338623,0.25,
2026-07-07,329180,4.099999904632568,2.490000009536743,
2026-07-07,347860,0.2199999988079071,2.119999885559082,
2026-07-07,357780,5.050000190734863,1.159999966621399,
2026-07-07,373220,19.71999931335449,1.4500000476837158,
2026-07-07,375500,11.8100004196167,2.400000095367432,
2026-07-07,402340,3.7200000286102295,0.1000000014901161,
2026-07-07,450080,8.779999732971191,1.3600000143051147,
2026-07-07,456040,11.90999984741211,0.0700000002980232,
2026-07-08,000100,30.989999771118164,2.369999885559082,
2026-07-08,000150,8.039999961853027,0.2800000011920929,
2026-07-08,000270,9.56999969482422,0.0,
2026-07-08,000660,0.8399999737739563,0.0099999997764825,
2026-07-08,000720,14.0,0.75,
2026-07-08,000810,30.100000381469727,0.5899999737739563,
2026-07-08,000990,11.600000381469728,0.8799999952316284,
2026-07-08,001450,14.239999771118164,0.2899999916553497,
2026-07-08,001570,0.0,0.1199999973177909,
2026-07-08,002380,8.739999771118164,0.0,
2026-07-08,002790,21.450000762939453,0.3700000047683716,
2026-07-08,003550,10.84000015258789,1.0199999809265137,
2026-07-08,003670,19.34000015258789,2.859999895095825,
2026-07-08,004020,6.340000152587891,0.3100000023841858,
2026-07-08,004170,15.079999923706056,0.449999988079071,
2026-07-08,004990,16.059999465942383,0.2899999916553497,
2026-07-08,005380,5.989999771118164,2.400000095367432,
2026-07-08,005387,2.140000104904175,0.0,
2026-07-08,005490,5.78000020980835,0.1299999952316284,
2026-07-08,005830,16.780000686645508,0.0099999997764825,
2026-07-08,005930,1.2000000476837158,0.0099999997764825,
2026-07-08,005935,0.25,0.0399999991059303,
2026-07-08,006280,20.270000457763672,0.8100000023841858,
2026-07-08,006400,2.7699999809265137,0.0199999995529651,
2026-07-08,006800,9.199999809265137,2.240000009536743,
2026-07-08,007070,16.270000457763672,0.1800000071525573,
2026-07-08,008770,8.260000228881836,0.3600000143051147,
2026-07-08,008930,9.170000076293944,0.9100000262260436,
2026-07-08,009150,3.940000057220459,0.1299999952316284,
2026-07-08,009830,19.799999237060547,0.9399999976158142,
2026-07-08,010130,4.019999980926514,0.4399999976158142,
2026-07-08,010140,9.369999885559082,0.5199999809265137,
2026-07-08,010950,10.010000228881836,0.4600000083446502,
2026-07-08,011070,3.259999990463257,0.0799999982118606,
2026-07-08,011170,11.15999984741211,0.050000000745058,
2026-07-08,011200,8.010000228881836,1.159999966621399,
2026-07-08,012330,8.369999885559082,0.2300000041723251,
2026-07-08,012450,19.950000762939453,0.0099999997764825,
2026-07-08,015760,0.3600000143051147,0.2599999904632568,
2026-07-08,017670,2.819999933242798,0.0700000002980232,
2026-07-08,018260,16.6200008392334,1.649999976158142,
2026-07-08,021240,14.220000267028809,0.0099999997764825,
2026-07-08,024110,30.21999931335449,0.2199999988079071,
2026-07-08,028260,7.090000152587891,0.1400000005960464,
2026-07-08,029780,13.130000114440918,0.1099999994039535,
2026-07-08,030200,17.770000457763672,0.4900000095367431,
2026-07-08,032830,3.2699999809265137,0.0399999991059303,
2026-07-08,033780,8.470000267028809,0.0,
2026-07-08,034730,3.1600000858306885,0.0099999997764825,
2026-07-08,035420,7.78000020980835,0.6899999976158142,
2026-07-08,035720,11.420000076293944,0.7900000214576721,
2026-07-08,036570,16.93000030517578,0.2000000029802322,
2026-07-08,042660,7.670000076293945,1.4700000286102295,
2026-07-08,047050,15.729999542236328,0.7699999809265137,
2026-07-08,047810,18.18000030517578,4.210000038146973,
2026-07-08,051900,24.549999237060547,0.4399999976158142,
2026-07-08,051910,3.7799999713897705,0.0,
2026-07-08,052690,9.520000457763672,0.209999993443489,
2026-07-08,055550,13.579999923706056,0.0900000035762786,
2026-07-08,058470,10.039999961853027,0.6899999976158142,
2026-07-08,064350,18.270000457763672,0.0799999982118606,
2026-07-08,066570,3.309999942779541,1.0,
2026-07-08,068270,4.960000038146973,0.1299999952316284,
2026-07-08,069960,7.130000114440918,0.1099999994039535,
2026-07-08,071050,10.18000030517578,0.6499999761581421,
2026-07-08,078930,7.75,0.0,
2026-07-08,086790,21.43000030517578,0.0900000035762786,
2026-07-08,088350,15.100000381469728,0.6700000166893005,
2026-07-08,090430,25.01000022888184,2.740000009536743,
2026-07-08,093370,3.690000057220459,0.8899999856948853,
2026-07-08,096770,6.539999961853027,0.1199999973177909,
2026-07-08,097950,11.6899995803833,0.2399999946355819,
2026-07-08,105560,9.329999923706056,0.050000000745058,
2026-07-08,111770,24.68000030517578,0.1700000017881393,
2026-07-08,120110,6.889999866485596,0.2199999988079071,
2026-07-08,128940,3.2699999809265137,0.7599999904632568,
2026-07-08,138040,16.200000762939453,1.090000033378601,
2026-07-08,139480,7.909999847412109,0.9700000286102296,
2026-07-08,161390,10.06999969482422,0.5,
2026-07-08,185750,15.31999969482422,1.6100000143051147,
2026-07-08,207940,13.130000114440918,0.4000000059604645,
2026-07-08,214370,17.09000015258789,1.3600000143051147,
2026-07-08,241560,6.769999980926514,0.0199999995529651,
2026-07-08,251270,23.489999771118164,0.2399999946355819,
2026-07-08,259960,15.529999732971191,0.7300000190734863,
2026-07-08,267250,5.829999923706055,0.0,
2026-07-08,267260,5.239999771118164,0.550000011920929,
2026-07-08,271560,16.6299991607666,0.2000000029802322,
2026-07-08,272210,5.590000152587891,0.9100000262260436,
2026-07-08,316140,15.619999885559082,0.1299999952316284,
2026-07-08,323410,24.920000076293945,2.299999952316284,
2026-07-08,326030,8.729999542236328,0.25,
2026-07-08,329180,5.670000076293945,2.359999895095825,
2026-07-08,347860,0.3799999952316284,2.0799999237060547,
2026-07-08,357780,7.739999771118164,0.9900000095367432,
2026-07-08,373220,25.01000022888184,1.4700000286102295,
2026-07-08,375500,10.220000267028809,2.2699999809265137,
2026-07-08,402340,3.1600000858306885,0.1000000014901161,
2026-07-08,450080,5.869999885559082,1.2899999618530271,
2026-07-08,456040,4.03000020980835,0.0700000002980232,
2026-07-09,000100,25.489999771118164,2.380000114440918,
2026-07-09,000150,4.880000114440918,0.270000010728836,
2026-07-09,000270,13.220000267028809,0.0099999997764825,
2026-07-09,000660,0.75,0.0099999997764825,
2026-07-09,000720,20.030000686645508,0.7599999904632568,
2026-07-09,000810,12.56999969482422,0.6499999761581421,
2026-07-09,000990,7.519999980926514,0.8100000023841858,
2026-07-09,001450,14.420000076293944,0.3000000119209289,
2026-07-09,001570,0.0,0.1199999973177909,
2026-07-09,002380,3.7200000286102295,0.0,
2026-07-09,002790,18.100000381469727,0.3600000143051147,
2026-07-09,003550,12.130000114440918,1.1299999952316284,
2026-07-09,003670,7.360000133514404,2.7799999713897705,
2026-07-09,004020,8.819999694824219,0.25,
2026-07-09,004170,7.820000171661377,0.550000011920929,
2026-07-09,004990,7.409999847412109,0.2899999916553497,
2026-07-09,005380,6.28000020980835,2.299999952316284,
2026-07-09,005387,3.1600000858306885,0.0,
2026-07-09,005490,3.630000114440918,0.1099999994039535,
2026-07-09,005830,21.96999931335449,0.0099999997764825,
2026-07-09,005930,2.380000114440918,0.0,
2026-07-09,005935,0.9300000071525574,0.0299999993294477,
2026-07-09,006280,35.08000183105469,0.8600000143051147,
2026-07-09,006400,1.690000057220459,0.0199999995529651,
2026-07-09,006800,9.859999656677246,2.180000066757202,
2026-07-09,007070,15.989999771118164,0.2000000029802322,
2026-07-09,008770,9.420000076293944,0.3300000131130218,
2026-07-09,008930,14.529999732971191,0.9900000095367432,
2026-07-09,009150,4.880000114440918,0.1299999952316284,
2026-07-09,009830,25.57999992370605,1.2300000190734863,
2026-07-09,010130,12.470000267028809,0.449999988079071,
2026-07-09,010140,11.359999656677246,0.4900000095367431,
2026-07-09,010950,14.720000267028809,0.4699999988079071,
2026-07-09,011070,2.869999885559082,0.0799999982118606,
2026-07-09,011170,19.93000030517578,0.0299999993294477,
2026-07-09,011200,12.289999961853027,1.100000023841858,
2026-07-09,012330,6.440000057220459,0.1700000017881393,
2026-07-09,012450,8.989999771118164,0.0099999997764825,
2026-07-09,015760,0.949999988079071,0.2399999946355819,
2026-07-09,017670,2.720000028610229,0.0799999982118606,
2026-07-09,018260,7.690000057220459,1.6299999952316284,
2026-07-09,021240,7.21999979019165,0.0,
2026-07-09,024110,26.540000915527344,0.209999993443489,
2026-07-09,028260,4.340000152587891,0.1000000014901161,
2026-07-09,029780,14.43000030517578,0.0900000035762786,
2026-07-09,030200,14.960000038146973,0.4300000071525574,
2026-07-09,032830,3.109999895095825,0.0399999991059303,
2026-07-09,033780,8.119999885559082,0.0,
2026-07-09,034730,4.110000133514404,0.0199999995529651,
2026-07-09,035420,4.170000076293945,0.699999988079071,
2026-07-09,035720,10.5,0.7699999809265137,
2026-07-09,036570,12.710000038146973,0.209999993443489,
2026-07-09,042660,10.9399995803833,1.340000033378601,
2026-07-09,047050,20.63999938964844,0.7400000095367432,
2026-07-09,047810,23.690000534057617,4.210000038146973,
2026-07-09,051900,16.760000228881836,0.4799999892711639,
2026-07-09,051910,3.069999933242798,0.0,
2026-07-09,052690,15.609999656677246,0.2300000041723251,
2026-07-09,055550,10.9399995803833,0.050000000745058,
2026-07-09,058470,9.68000030517578,0.550000011920929,
2026-07-09,064350,18.030000686645508,0.1099999994039535,
2026-07-09,066570,11.149999618530272,1.1799999475479126,
2026-07-09,068270,6.21999979019165,0.1199999973177909,
2026-07-09,069960,7.389999866485596,0.1299999952316284,
2026-07-09,071050,19.63999938964844,0.5899999737739563,
2026-07-09,078930,5.130000114440918,0.0,
2026-07-09,086790,19.700000762939453,0.0900000035762786,
2026-07-09,088350,6.110000133514404,0.6399999856948853,
2026-07-09,090430,25.270000457763672,2.7699999809265137,
2026-07-09,093370,4.980000019073486,0.9300000071525574,
2026-07-09,096770,4.53000020980835,0.1199999973177909,
2026-07-09,097950,9.56999969482422,0.2300000041723251,
2026-07-09,105560,10.260000228881836,0.0099999997764825,
2026-07-09,111770,23.450000762939453,0.1899999976158142,
2026-07-09,120110,2.970000028610229,0.2000000029802322,
2026-07-09,128940,5.53000020980835,0.699999988079071,
2026-07-09,138040,23.14999961853028,1.100000023841858,
2026-07-09,139480,17.209999084472656,1.0399999618530271,
2026-07-09,161390,25.31999969482422,0.5099999904632568,
2026-07-09,185750,22.309999465942383,1.7300000190734863,
2026-07-09,207940,9.609999656677246,0.3899999856948852,
2026-07-09,214370,16.489999771118164,1.3799999952316284,
2026-07-09,241560,16.940000534057617,0.0099999997764825,
2026-07-09,251270,21.31999969482422,0.2399999946355819,
2026-07-09,259960,13.100000381469728,0.6899999976158142,
2026-07-09,267250,9.420000076293944,0.0,
2026-07-09,267260,3.5899999141693115,0.4300000071525574,
2026-07-09,271560,18.459999084472656,0.2199999988079071,
2026-07-09,272210,11.420000076293944,0.8500000238418579,
2026-07-09,316140,13.899999618530272,0.1299999952316284,
2026-07-09,323410,19.190000534057617,2.2699999809265137,
2026-07-09,326030,7.730000019073486,0.2399999946355819,
2026-07-09,329180,7.429999828338623,2.319999933242798,
2026-07-09,347860,0.25,2.109999895095825,
2026-07-09,357780,8.140000343322754,0.8799999952316284,
2026-07-09,373220,19.13999938964844,1.4700000286102295,
2026-07-09,375500,15.18000030517578,1.9700000286102293,
2026-07-09,402340,5.150000095367432,0.1000000014901161,
2026-07-09,450080,7.820000171661377,1.2300000190734863,
2026-07-09,456040,5.949999809265137,0.0700000002980232,
2026-07-10,000100,26.34000015258789,2.400000095367432,
2026-07-10,000150,6.570000171661377,0.2399999946355819,
2026-07-10,000270,5.539999961853027,0.0099999997764825,
2026-07-10,000660,3.819999933242798,0.0099999997764825,
2026-07-10,000720,14.140000343322754,0.7099999785423279,
2026-07-10,000810,26.709999084472656,0.6299999952316284,
2026-07-10,000990,4.769999980926514,0.8299999833106995,
2026-07-10,001450,7.539999961853027,0.2899999916553497,
2026-07-10,001570,0.0,0.1199999973177909,
2026-07-10,002380,3.1700000762939453,0.0,
2026-07-10,002790,13.9399995803833,0.3799999952316284,
2026-07-10,003550,8.289999961853027,1.1399999856948853,
2026-07-10,003670,23.670000076293945,2.8299999237060547,
2026-07-10,004020,2.630000114440918,0.1199999973177909,
2026-07-10,004170,7.309999942779541,0.5699999928474426,
2026-07-10,004990,7.53000020980835,0.2899999916553497,
2026-07-10,005380,7.400000095367432,2.25,
2026-07-10,005387,5.150000095367432,0.0,
2026-07-10,005490,6.119999885559082,0.1299999952316284,
2026-07-10,005830,14.199999809265137,0.0099999997764825,
2026-07-10,005930,0.7400000095367432,0.0199999995529651,
2026-07-10,005935,0.3000000119209289,0.050000000745058,
2026-07-10,006280,23.89999961853028,0.8399999737739563,
2026-07-10,006400,1.4800000190734863,0.0199999995529651,
2026-07-10,006800,8.270000457763672,2.140000104904175,
2026-07-10,007070,16.100000381469727,0.209999993443489,
2026-07-10,008770,5.329999923706055,0.3700000047683716,
2026-07-10,008930,11.960000038146973,1.0700000524520874,
2026-07-10,009150,4.590000152587891,0.1400000005960464,
2026-07-10,009830,30.14999961853028,1.399999976158142,
2026-07-10,010130,6.179999828338623,0.449999988079071,
2026-07-10,010140,11.760000228881836,0.550000011920929,
2026-07-10,010950,8.029999732971191,0.4600000083446502,
2026-07-10,011070,4.739999771118164,0.0700000002980232,
2026-07-10,011170,9.779999732971191,0.0399999991059303,
2026-07-10,011200,10.640000343322754,1.100000023841858,
2026-07-10,012330,5.190000057220459,0.1700000017881393,
2026-07-10,012450,2.9200000762939453,0.0099999997764825,
2026-07-10,015760,2.930000066757202,0.2399999946355819,
2026-07-10,017670,2.0199999809265137,0.0799999982118606,
2026-07-10,018260,7.699999809265137,1.559999942779541,
2026-07-10,021240,9.670000076293944,0.0,
2026-07-10,024110,15.960000038146973,0.1899999976158142,
2026-07-10,028260,5.429999828338623,0.0799999982118606,
2026-07-10,029780,27.450000762939453,0.0900000035762786,
2026-07-10,030200,45.02999877929688,0.4399999976158142,
2026-07-10,032830,2.7699999809265137,0.0399999991059303,
2026-07-10,033780,2.2100000381469727,0.0,
2026-07-10,034730,4.429999828338623,0.0099999997764825,
2026-07-10,035420,4.190000057220459,0.6899999976158142,
2026-07-10,035720,3.609999895095825,0.6899999976158142,
2026-07-10,036570,8.369999885559082,0.209999993443489,
2026-07-10,042660,5.329999923706055,1.340000033378601,
2026-07-10,047050,13.5600004196167,0.75,
2026-07-10,047810,16.110000610351562,4.260000228881836,
2026-07-10,051900,18.200000762939453,0.5099999904632568,
2026-07-10,051910,10.399999618530272,0.0,
2026-07-10,052690,9.979999542236328,0.2199999988079071,
2026-07-10,055550,6.539999961853027,0.050000000745058,
2026-07-10,058470,3.7100000381469727,0.5600000023841858,
2026-07-10,064350,6.360000133514404,0.1199999973177909,
2026-07-10,066570,7.400000095367432,1.100000023841858,
2026-07-10,068270,6.289999961853027,0.1099999994039535,
2026-07-10,069960,3.7699999809265137,0.1299999952316284,
2026-07-10,071050,10.5,0.550000011920929,
2026-07-10,078930,7.929999828338623,0.0,
2026-07-10,086790,4.929999828338623,0.0900000035762786,
2026-07-10,088350,2.440000057220459,0.6000000238418579,
2026-07-10,090430,24.1200008392334,2.7799999713897705,
2026-07-10,093370,6.190000057220459,0.959999978542328,
2026-07-10,096770,4.579999923706055,0.1199999973177909,
2026-07-10,097950,5.440000057220459,0.2399999946355819,
2026-07-10,105560,7.159999847412109,0.0099999997764825,
2026-07-10,111770,13.550000190734863,0.1899999976158142,
2026-07-10,120110,2.319999933242798,0.2000000029802322,
2026-07-10,128940,3.4200000762939453,0.5799999833106995,
2026-07-10,138040,12.890000343322754,1.0800000429153442,
2026-07-10,139480,7.789999961853027,1.0099999904632568,
2026-07-10,161390,10.1899995803833,0.4699999988079071,
2026-07-10,185750,24.06999969482422,1.7300000190734863,
2026-07-10,207940,7.619999885559082,0.3799999952316284,
2026-07-10,214370,4.409999847412109,1.3600000143051147,
2026-07-10,241560,11.550000190734863,0.0099999997764825,
2026-07-10,251270,12.40999984741211,0.2399999946355819,
2026-07-10,259960,5.340000152587891,0.6200000047683716,
2026-07-10,267250,4.489999771118164,0.0099999997764825,
2026-07-10,267260,8.470000267028809,0.4300000071525574,
2026-07-10,271560,8.6899995803833,0.270000010728836,
2026-07-10,272210,11.779999732971191,0.8899999856948853,
2026-07-10,316140,8.4399995803833,0.1299999952316284,
2026-07-10,323410,12.539999961853027,2.180000066757202,
2026-07-10,326030,3.440000057220459,0.2399999946355819,
2026-07-10,329180,3.1700000762939453,2.299999952316284,
2026-07-10,347860,0.0599999986588954,2.0799999237060547,
2026-07-10,357780,15.130000114440918,0.8700000047683716,
2026-07-10,373220,20.959999084472656,1.4800000190734863,
2026-07-10,375500,9.300000190734863,1.7999999523162842,
2026-07-10,402340,4.539999961853027,0.1000000014901161,
2026-07-10,450080,6.380000114440918,1.2200000286102295,
2026-07-10,456040,6.46999979019165,0.0700000002980232,
2026-07-13,000100,25.32999992370605,2.4100000858306885,
2026-07-13,000150,12.760000228881836,0.209999993443489,
2026-07-13,000270,3.289999961853028,0.0099999997764825,
2026-07-13,000660,2.799999952316284,0.0,
2026-07-13,000720,11.380000114440918,0.6800000071525574,
2026-07-13,000810,23.57999992370605,0.6600000262260437,
2026-07-13,000990,7.429999828338623,0.8100000023841858,
2026-07-13,001450,6.519999980926514,0.3100000023841858,
2026-07-13,001570,0.0,0.1199999973177909,
2026-07-13,002380,2.140000104904175,0.0,
2026-07-13,002790,7.0,0.3700000047683716,
2026-07-13,003550,8.3100004196167,1.1399999856948853,
2026-07-13,003670,12.15999984741211,2.799999952316284,
2026-07-13,004020,3.609999895095825,0.0799999982118606,
2026-07-13,004170,8.970000267028809,0.6100000143051147,
2026-07-13,004990,7.550000190734863,0.2899999916553497,
2026-07-13,005380,9.850000381469728,2.240000009536743,
2026-07-13,005387,0.7400000095367432,0.0,
2026-07-13,005490,4.440000057220459,0.1400000005960464,
2026-07-13,005830,10.770000457763672,0.0099999997764825,
2026-07-13,005930,0.6800000071525574,0.0,
2026-07-13,005935,0.8600000143051147,0.0700000002980232,
2026-07-13,006280,25.209999084472656,0.8999999761581421,
2026-07-13,006400,4.070000171661377,0.0099999997764825,
2026-07-13,006800,4.159999847412109,2.0899999141693115,
2026-07-13,007070,16.06999969482422,0.2300000041723251,
2026-07-13,008770,8.9399995803833,0.3499999940395355,
2026-07-13,008930,7.860000133514404,1.1100000143051147,
2026-07-13,009150,1.7200000286102295,0.1299999952316284,
2026-07-13,009830,9.31999969482422,1.3300000429153442,
2026-07-13,010130,11.350000381469728,0.4600000083446502,
2026-07-13,010140,13.130000114440918,0.5899999737739563,
2026-07-13,010950,5.78000020980835,0.4799999892711639,
2026-07-13,011070,2.319999933242798,0.0599999986588954,
2026-07-13,011170,12.539999961853027,0.0299999993294477,
2026-07-13,011200,5.46999979019165,1.100000023841858,
2026-07-13,012330,5.039999961853027,0.1599999964237213,
2026-07-13,012450,4.639999866485596,0.0199999995529651,
2026-07-13,015760,1.0199999809265137,0.2399999946355819,
2026-07-13,017670,3.039999961853028,0.0900000035762786,
2026-07-13,018260,8.100000381469727,1.590000033378601,
2026-07-13,021240,11.6899995803833,0.0,
2026-07-13,024110,17.290000915527344,0.2000000029802322,
2026-07-13,028260,3.5899999141693115,0.0700000002980232,
2026-07-13,029780,22.200000762939453,0.0900000035762786,
2026-07-13,030200,4.369999885559082,0.4399999976158142,
2026-07-13,032830,7.130000114440918,0.0399999991059303,
2026-07-13,033780,2.7100000381469727,0.0,
2026-07-13,034730,10.079999923706056,0.0099999997764825,
2026-07-13,035420,2.0199999809265137,0.6800000071525574,
2026-07-13,035720,5.010000228881836,0.6800000071525574,
2026-07-13,036570,11.850000381469728,0.209999993443489,
2026-07-13,042660,6.53000020980835,1.3700000047683716,
2026-07-13,047050,9.529999732971191,0.75,
2026-07-13,047810,22.07999992370605,4.340000152587891,
2026-07-13,051900,6.440000057220459,0.4699999988079071,
2026-07-13,051910,6.46999979019165,0.0,
2026-07-13,052690,8.630000114440918,0.209999993443489,
2026-07-13,055550,8.390000343322754,0.050000000745058,
2026-07-13,058470,3.9600000381469727,0.5299999713897705,
2026-07-13,064350,17.979999542236328,0.1000000014901161,
2026-07-13,066570,3.7300000190734863,1.100000023841858,
2026-07-13,068270,5.940000057220459,0.1199999973177909,
2026-07-13,069960,10.329999923706056,0.1599999964237213,
2026-07-13,071050,11.270000457763672,0.5799999833106995,
2026-07-13,078930,2.75,0.0,
2026-07-13,086790,7.289999961853027,0.0900000035762786,
2026-07-13,088350,11.239999771118164,0.6299999952316284,
2026-07-13,090430,25.88999938964844,2.9200000762939453,
2026-07-13,093370,12.699999809265137,0.959999978542328,
2026-07-13,096770,3.650000095367432,0.1500000059604644,
2026-07-13,097950,8.619999885559082,0.2399999946355819,
2026-07-13,105560,13.829999923706056,0.0199999995529651,
2026-07-13,111770,9.890000343322754,0.1899999976158142,
2026-07-13,120110,6.550000190734863,0.2000000029802322,
2026-07-13,128940,4.190000057220459,0.5400000214576721,
2026-07-13,138040,11.079999923706056,1.090000033378601,
2026-07-13,139480,9.899999618530272,0.9900000095367432,
2026-07-13,161390,13.6899995803833,0.4300000071525574,
2026-07-13,185750,18.56999969482422,1.7200000286102295,
2026-07-13,207940,10.0600004196167,0.3799999952316284,
2026-07-13,214370,3.5199999809265137,1.3300000429153442,
2026-07-13,241560,9.369999885559082,0.0,
2026-07-13,251270,10.390000343322754,0.2399999946355819,
2026-07-13,259960,20.46999931335449,0.6200000047683716,
2026-07-13,267250,6.329999923706055,0.0099999997764825,
2026-07-13,267260,6.309999942779541,0.3899999856948852,
2026-07-13,271560,14.09000015258789,0.2800000011920929,
2026-07-13,272210,14.729999542236328,0.9100000262260436,
2026-07-13,316140,7.659999847412109,0.1299999952316284,
2026-07-13,323410,14.75,2.0999999046325684,
2026-07-13,326030,3.140000104904175,0.25,
2026-07-13,329180,2.1700000762939453,2.240000009536743,
2026-07-13,347860,0.6800000071525574,2.119999885559082,
2026-07-13,357780,8.579999923706055,0.7599999904632568,
2026-07-13,373220,12.020000457763672,1.4700000286102295,
2026-07-13,375500,5.929999828338623,1.7400000095367432,
2026-07-13,402340,3.430000066757202,0.1000000014901161,
2026-07-13,450080,6.960000038146973,1.2300000190734863,
2026-07-13,456040,9.3100004196167,0.0700000002980232,
2026-07-14,000100,21.030000686645508,2.450000047683716,
2026-07-14,000150,2.299999952316284,0.20000000298023224,
2026-07-14,000270,10.670000076293945,0.009999999776482582,
2026-07-14,000660,1.0800000429153442,0.0,
2026-07-14,000720,15.130000114440918,0.7599999904632568,
2026-07-14,000810,17.309999465942383,0.7099999785423279,
2026-07-14,000990,11.479999542236328,0.7599999904632568,
2026-07-14,001450,9.630000114440918,0.3100000023841858,
2026-07-14,001570,0.0,0.11999999731779099,
2026-07-14,002380,2.880000114440918,0.0,
2026-07-14,002790,15.449999809265137,0.3700000047683716,
2026-07-14,003550,8.25,1.159999966621399,
2026-07-14,003670,15.729999542236328,2.819999933242798,
2026-07-14,004020,4.480000019073486,0.07000000029802322,
2026-07-14,004170,11.4399995803833,0.6899999976158142,
2026-07-14,004990,4.840000152587891,0.27000001072883606,
2026-07-14,005380,6.659999847412109,2.200000047683716,
2026-07-14,005387,1.2400000095367432,0.0,
2026-07-14,005490,9.510000228881836,0.15000000596046448,
2026-07-14,005830,11.649999618530273,0.009999999776482582,
2026-07-14,005930,0.5600000023841858,0.0,
2026-07-14,005935,0.3700000047683716,0.03999999910593033,
2026-07-14,006280,20.600000381469727,0.9700000286102295,
2026-07-14,006400,4.090000152587891,0.019999999552965164,
2026-07-14,006800,8.710000038146973,2.049999952316284,
2026-07-14,007070,12.569999694824219,0.23999999463558197,
2026-07-14,008770,4.329999923706055,0.3400000035762787,
2026-07-14,008930,17.309999465942383,1.2200000286102295,
2026-07-14,009150,6.369999885559082,0.14000000059604645,
2026-07-14,009830,14.430000305175781,1.3600000143051147,
2026-07-14,010130,6.190000057220459,0.44999998807907104,
2026-07-14,010140,12.279999732971191,0.6200000047683716,
2026-07-14,010950,4.809999942779541,0.47999998927116394,
2026-07-14,011070,3.119999885559082,0.05000000074505806,
2026-07-14,011170,14.579999923706055,0.019999999552965164,
2026-07-14,011200,7.519999980926514,1.090000033378601,
2026-07-14,012330,9.6899995803833,0.2199999988079071,
2026-07-14,012450,5.300000190734863,0.019999999552965164,
2026-07-14,015760,1.1100000143051147,0.23000000417232513,
2026-07-14,017670,1.309999942779541,0.09000000357627869,
2026-07-14,018260,8.3100004196167,1.6100000143051147,
2026-07-14,021240,8.430000305175781,0.0,
2026-07-14,024110,12.100000381469727,0.20999999344348907,
2026-07-14,028260,3.809999942779541,0.05999999865889549,
2026-07-14,029780,18.469999313354492,0.07999999821186066,
2026-07-14,030200,17.6200008392334,0.4399999976158142,
2026-07-14,032830,3.259999990463257,0.03999999910593033,
2026-07-14,033780,5.25,0.0,
2026-07-14,034730,1.3799999952316284,0.009999999776482582,
2026-07-14,035420,3.3299999237060547,0.7099999785423279,
2026-07-14,035720,4.679999828338623,0.7099999785423279,
2026-07-14,036570,9.069999694824219,0.20999999344348907,
2026-07-14,042660,8.739999771118164,1.3700000047683716,
2026-07-14,047050,12.279999732971191,0.7900000214576721,
2026-07-14,047810,29.670000076293945,4.5,
2026-07-14,051900,3.440000057220459,0.44999998807907104,
2026-07-14,051910,5.119999885559082,0.0,
2026-07-14,052690,7.130000114440918,0.2199999988079071,
2026-07-14,055550,9.829999923706055,0.05000000074505806,
2026-07-14,058470,6.980000019073486,0.4699999988079071,
2026-07-14,064350,14.630000114440918,0.10000000149011612,
2026-07-14,066570,7.760000228881836,1.159999966621399,
2026-07-14,068270,8.8100004196167,0.12999999523162842,
2026-07-14,069960,6.980000019073486,0.15000000596046448,
2026-07-14,071050,8.390000343322754,0.6399999856948853,
2026-07-14,078930,9.430000305175781,0.0,
2026-07-14,086790,6.5,0.1599999964237213,
2026-07-14,088350,11.970000267028809,0.6800000071525574,
2026-07-14,090430,12.020000457763672,2.869999885559082,
2026-07-14,093370,6.090000152587891,0.9599999785423279,
2026-07-14,096770,6.920000076293945,0.14000000059604645,
2026-07-14,097950,15.989999771118164,0.28999999165534973,
2026-07-14,105560,6.539999961853027,0.019999999552965164,
2026-07-14,111770,12.729999542236328,0.1899999976158142,
2026-07-14,120110,1.649999976158142,0.20000000298023224,
2026-07-14,128940,2.2899999618530273,0.4399999976158142,
2026-07-14,138040,17.579999923706055,1.1100000143051147,
2026-07-14,139480,9.90999984741211,0.9900000095367432,
2026-07-14,161390,13.65999984741211,0.4099999964237213,
2026-07-14,185750,9.15999984741211,1.7400000095367432,
2026-07-14,207940,13.84000015258789,0.38999998569488525,
2026-07-14,214370,19.719999313354492,1.3300000429153442,
2026-07-14,241560,18.530000686645508,0.0,
2026-07-14,251270,14.510000228881836,0.25,
2026-07-14,259960,17.670000076293945,0.6499999761581421,
2026-07-14,267250,5.130000114440918,0.009999999776482582,
2026-07-14,267260,3.9100000858306885,0.36000001430511475,
2026-07-14,271560,6.820000171661377,0.2800000011920929,
2026-07-14,272210,3.2899999618530273,0.9200000166893005,
2026-07-14,316140,5.480000019073486,0.12999999523162842,
2026-07-14,323410,17.709999084472656,2.049999952316284,
2026-07-14,326030,1.3799999952316284,0.25,
2026-07-14,329180,3.5199999809265137,2.119999885559082,
2026-07-14,347860,1.340000033378601,2.0899999141693115,
2026-07-14,357780,11.4399995803833,0.38999998569488525,
2026-07-14,373220,16.1200008392334,1.4800000190734863,
2026-07-14,375500,8.520000457763672,1.7999999523162842,
2026-07-14,402340,5.119999885559082,0.09000000357627869,
2026-07-14,450080,5.489999771118164,1.2899999618530273,
2026-07-14,456040,12.470000267028809,0.05999999865889549,
2026-07-15,000100,18.530000686645508,2.4200000762939453,
2026-07-15,000150,10.5600004196167,0.20000000298023224,
2026-07-15,000270,10.399999618530273,0.009999999776482582,
2026-07-15,000660,1.2899999618530273,0.009999999776482582,
2026-07-15,000720,14.770000457763672,0.7699999809265137,
2026-07-15,000810,16.850000381469727,0.699999988079071,
2026-07-15,000990,4.150000095367432,0.7900000214576721,
2026-07-15,001450,6.460000038146973,0.25999999046325684,
2026-07-15,001570,0.0,0.11999999731779099,
2026-07-15,002380,4.090000152587891,0.0,
2026-07-15,002790,27.270000457763672,0.38999998569488525,
2026-07-15,003550,15.630000114440918,1.2400000095367432,
2026-07-15,003670,12.050000190734863,2.8399999141693115,
2026-07-15,004020,11.779999732971191,0.07000000029802322,
2026-07-15,004170,20.360000610351562,0.6100000143051147,
2026-07-15,004990,17.209999084472656,0.3100000023841858,
2026-07-15,005380,7.360000133514404,2.0899999141693115,
2026-07-15,005387,3.2200000286102295,0.0,
2026-07-15,005490,11.050000190734863,0.12999999523162842,
2026-07-15,005830,19.309999465942383,0.009999999776482582,
2026-07-15,005930,2.5799999237060547,0.0,
2026-07-15,005935,1.399999976158142,0.009999999776482582,
2026-07-15,006280,30.549999237060547,0.949999988079071,
2026-07-15,006400,7.71999979019165,0.03999999910593033,
2026-07-15,006800,6.619999885559082,2.0299999713897705,
2026-07-15,007070,10.140000343322754,0.23999999463558197,
2026-07-15,008770,6.800000190734863,0.4000000059604645,
2026-07-15,008930,16.770000457763672,1.2400000095367432,
2026-07-15,009150,6.21999979019165,0.14000000059604645,
2026-07-15,009830,22.989999771118164,1.4900000095367432,
2026-07-15,010130,14.9399995803833,0.44999998807907104,
2026-07-15,010140,8.59000015258789,0.6299999952316284,
2026-07-15,010950,4.130000114440918,0.47999998927116394,
2026-07-15,011070,8.550000190734863,0.05000000074505806,
2026-07-15,011170,14.869999885559082,0.019999999552965164,
2026-07-15,011200,5.329999923706055,1.0800000429153442,
2026-07-15,012330,7.739999771118164,0.20999999344348907,
2026-07-15,012450,3.6500000953674316,0.019999999552965164,
2026-07-15,015760,1.5299999713897705,0.23000000417232513,
2026-07-15,017670,3.5899999141693115,0.09000000357627869,
2026-07-15,018260,7.099999904632568,1.6399999856948853,
2026-07-15,021240,10.479999542236328,0.0,
2026-07-15,024110,12.579999923706055,0.20000000298023224,
2026-07-15,028260,4.289999961853027,0.05000000074505806,
2026-07-15,029780,27.100000381469727,0.09000000357627869,
2026-07-15,030200,15.770000457763672,0.46000000834465027,
2026-07-15,032830,3.9600000381469727,0.03999999910593033,
2026-07-15,033780,4.900000095367432,0.0,
2026-07-15,034730,6.489999771118164,0.0,
2026-07-15,035420,5.559999942779541,0.7099999785423279,
2026-07-15,035720,14.140000343322754,0.7400000095367432,
2026-07-15,036570,5.389999866485596,0.1899999976158142,
2026-07-15,042660,8.010000228881836,1.3300000429153442,
2026-07-15,047050,12.890000343322754,0.8100000023841858,
2026-07-15,047810,35.66999816894531,4.610000133514404,
2026-07-15,051900,18.969999313354492,0.4699999988079071,
2026-07-15,051910,7.429999828338623,0.0,
2026-07-15,052690,15.510000228881836,0.23999999463558197,
2026-07-15,055550,8.960000038146973,0.07999999821186066,
2026-07-15,058470,8.170000076293945,0.5400000214576721,
2026-07-15,064350,16.540000915527344,0.10999999940395355,
2026-07-15,066570,8.050000190734863,1.1799999475479126,
2026-07-15,068270,7.480000019073486,0.12999999523162842,
2026-07-15,069960,8.970000267028809,0.1599999964237213,
2026-07-15,071050,10.029999732971191,0.6100000143051147,
2026-07-15,078930,4.820000171661377,0.0,
2026-07-15,086790,10.5,0.1599999964237213,
2026-07-15,088350,7.539999961853027,0.6700000166893005,
2026-07-15,090430,16.1299991607666,2.8499999046325684,
2026-07-15,093370,6.550000190734863,1.0299999713897705,
2026-07-15,096770,5.289999961853027,0.10999999940395355,
2026-07-15,097950,22.34000015258789,0.38999998569488525,
2026-07-15,105560,4.909999847412109,0.019999999552965164,
2026-07-15,111770,12.039999961853027,0.20000000298023224,
2026-07-15,120110,3.8299999237060547,0.1899999976158142,
2026-07-15,128940,3.559999942779541,0.3700000047683716,
2026-07-15,138040,13.9399995803833,1.1399999856948853,
2026-07-15,139480,10.65999984741211,0.9800000190734863,
2026-07-15,161390,14.40999984741211,0.4399999976158142,
2026-07-15,185750,25.780000686645508,1.75,
2026-07-15,207940,12.600000381469727,0.38999998569488525,
2026-07-15,214370,4.829999923706055,1.3200000524520874,
2026-07-15,241560,16.1299991607666,0.0,
2026-07-15,251270,27.139999389648438,0.27000001072883606,
2026-07-15,259960,13.859999656677246,0.6399999856948853,
2026-07-15,267250,5.21999979019165,0.009999999776482582,
2026-07-15,267260,4.980000019073486,0.36000001430511475,
2026-07-15,271560,11.34000015258789,0.27000001072883606,
2026-07-15,272210,23.739999771118164,0.9399999976158142,
2026-07-15,316140,5.699999809265137,0.12999999523162842,
2026-07-15,323410,29.360000610351562,2.0899999141693115,
2026-07-15,326030,8.09000015258789,0.25,
2026-07-15,329180,3.5199999809265137,2.0399999618530273,
2026-07-15,347860,0.12999999523162842,2.0799999237060547,
2026-07-15,357780,10.800000190734863,0.3799999952316284,
2026-07-15,373220,30.579999923706055,1.5,
2026-07-15,375500,10.449999809265137,1.75,
2026-07-15,402340,6.570000171661377,0.10000000149011612,
2026-07-15,450080,3.880000114440918,1.2599999904632568,
2026-07-15,456040,10.300000190734863,0.05999999865889549,
2026-07-16,000100,19.68000030517578,2.4200000762939453,
2026-07-16,000150,6.5,0.1899999976158142,
2026-07-16,000270,9.789999961853027,0.009999999776482582,
2026-07-16,000660,2.259999990463257,0.009999999776482582,
2026-07-16,000720,13.649999618530273,0.7699999809265137,
2026-07-16,000810,17.690000534057617,0.800000011920929,
2026-07-16,000990,2.3499999046325684,0.7699999809265137,
2026-07-16,001450,3.990000009536743,0.25999999046325684,
2026-07-16,001570,0.0,0.11999999731779099,
2026-07-16,002380,2.490000009536743,0.0,
2026-07-16,002790,12.899999618530273,0.4000000059604645,
2026-07-16,003550,11.029999732971191,1.2300000190734863,
2026-07-16,003670,24.030000686645508,2.880000114440918,
2026-07-16,004020,5.519999980926514,0.05999999865889549,
2026-07-16,004170,15.050000190734863,0.6399999856948853,
2026-07-16,004990,5.480000019073486,0.27000001072883606,
2026-07-16,005380,6.869999885559082,1.9900000095367432,
2026-07-16,005387,1.850000023841858,0.0,
2026-07-16,005490,4.550000190734863,0.09000000357627869,
2026-07-16,005830,7.320000171661377,0.009999999776482582,
2026-07-16,005930,3.4600000381469727,0.009999999776482582,
2026-07-16,005935,0.30000001192092896,0.009999999776482582,
2026-07-16,006280,15.100000381469727,0.949999988079071,
2026-07-16,006400,4.360000133514404,0.07000000029802322,
2026-07-16,006800,13.470000267028809,2.009999990463257,
2026-07-16,007070,17.520000457763672,0.25999999046325684,
2026-07-16,008770,3.5799999237060547,0.4099999964237213,
2026-07-16,008930,11.649999618530273,1.25,
2026-07-16,009150,1.5700000524520874,0.10999999940395355,
2026-07-16,009830,16.489999771118164,1.7999999523162842,
2026-07-16,010130,10.25,0.4300000071525574,
2026-07-16,010140,4.239999771118164,0.6000000238418579,
2026-07-16,010950,3.9800000190734863,0.49000000953674316,
2026-07-16,011070,6.659999847412109,0.05000000074505806,
2026-07-16,011170,14.65999984741211,0.019999999552965164,
2026-07-16,011200,2.190000057220459,1.0499999523162842,
2026-07-16,012330,11.1899995803833,0.23999999463558197,
2026-07-16,012450,5.869999885559082,0.019999999552965164,
2026-07-16,015760,0.3499999940395355,0.23000000417232513,
2026-07-16,017670,0.6299999952316284,0.07000000029802322,
2026-07-16,018260,8.630000114440918,1.6299999952316284,
2026-07-16,021240,5.199999809265137,0.0,
2026-07-16,024110,9.729999542236328,0.20999999344348907,
2026-07-16,028260,0.6399999856948853,0.05000000074505806,
2026-07-16,029780,27.670000076293945,0.07999999821186066,
2026-07-16,030200,6.860000133514404,0.46000000834465027,
2026-07-16,032830,8.529999732971191,0.03999999910593033,
2026-07-16,033780,7.050000190734863,0.0,
2026-07-16,034730,5.320000171661377,0.0,
2026-07-16,035420,6.010000228881836,0.6800000071525574,
2026-07-16,035720,8.869999885559082,0.6399999856948853,
2026-07-16,036570,14.920000076293945,0.20999999344348907,
2026-07-16,042660,7.860000133514404,1.440000057220459,
2026-07-16,047050,29.260000228881836,0.8799999952316284,
2026-07-16,047810,26.610000610351562,4.730000019073486,
2026-07-16,051900,7.429999828338623,0.46000000834465027,
2026-07-16,051910,5.570000171661377,0.0,
2026-07-16,052690,8.09000015258789,0.2199999988079071,
2026-07-16,055550,8.960000038146973,0.09000000357627869,
2026-07-16,058470,4.710000038146973,0.5400000214576721,
2026-07-16,064350,7.78000020980835,0.10999999940395355,
2026-07-16,066570,7.710000038146973,1.2300000190734863,
2026-07-16,068270,8.520000457763672,0.14000000059604645,
2026-07-16,069960,11.140000343322754,0.15000000596046448,
2026-07-16,071050,11.670000076293945,0.6200000047683716,
2026-07-16,078930,11.229999542236328,0.019999999552965164,
2026-07-16,086790,12.199999809265137,0.18000000715255737,
2026-07-16,088350,5.099999904632568,0.6800000071525574,
2026-07-16,090430,18.829999923706055,2.7899999618530273,
2026-07-16,093370,6.550000190734863,1.0800000429153442,
2026-07-16,096770,4.71999979019165,0.12999999523162842,
2026-07-16,097950,7.880000114440918,0.3799999952316284,
2026-07-16,105560,5.679999828338623,0.009999999776482582,
2026-07-16,111770,5.079999923706055,0.1899999976158142,
2026-07-16,120110,1.809999942779541,0.18000000715255737,
2026-07-16,128940,4.639999866485596,0.3400000035762787,
2026-07-16,138040,17.739999771118164,1.149999976158142,
2026-07-16,139480,6.25,0.8799999952316284,
2026-07-16,161390,20.760000228881836,0.4699999988079071,
2026-07-16,185750,16.81999969482422,1.7200000286102295,
2026-07-16,207940,8.75,0.4000000059604645,
2026-07-16,214370,42.970001220703125,1.340000033378601,
2026-07-16,241560,15.949999809265137,0.0,
2026-07-16,251270,6.139999866485596,0.27000001072883606,
2026-07-16,259960,14.579999923706055,0.6499999761581421,
2026-07-16,267250,3.2200000286102295,0.009999999776482582,
2026-07-16,267260,32.779998779296875,0.3199999928474426,
2026-07-16,271560,12.109999656677246,0.25,
2026-07-16,272210,2.700000047683716,0.9599999785423279,
2026-07-16,316140,5.920000076293945,0.12999999523162842,
2026-07-16,323410,19.940000534057617,2.0999999046325684,
2026-07-16,326030,9.479999542236328,0.25,
2026-07-16,329180,3.690000057220459,2.0299999713897705,
2026-07-16,347860,0.05999999865889549,2.0799999237060547,
2026-07-16,357780,11.359999656677246,0.3400000035762787,
2026-07-16,373220,17.530000686645508,1.5099999904632568,
2026-07-16,375500,7.400000095367432,1.7300000190734863,
2026-07-16,402340,3.8499999046325684,0.10000000149011612,
2026-07-16,450080,12.720000267028809,1.25,
2026-07-16,456040,15.970000267028809,0.05999999865889549,
2026-07-20,000100,25.889999389648438,,
2026-07-20,000150,13.529999732971191,,
2026-07-20,000270,13.399999618530273,,
2026-07-20,000660,1.7400000095367432,,
2026-07-20,000720,37.400001525878906,,
2026-07-20,000810,19.979999542236328,,
2026-07-20,000990,7.409999847412109,,
2026-07-20,001450,6.380000114440918,,
2026-07-20,001570,0.0,,
2026-07-20,002380,5.070000171661377,,
2026-07-20,002790,28.959999084472656,,
2026-07-20,003550,21.68000030517578,,
2026-07-20,003670,22.459999084472656,,
2026-07-20,004020,7.699999809265137,,
2026-07-20,004170,9.300000190734863,,
2026-07-20,004990,8.5,,
2026-07-20,005380,6.880000114440918,,
2026-07-20,005387,5.199999809265137,,
2026-07-20,005490,13.819999694824219,,
2026-07-20,005830,7.739999771118164,,
2026-07-20,005930,1.899999976158142,,
2026-07-20,005935,2.75,,
2026-07-20,006280,20.8700008392334,,
2026-07-20,006400,4.809999942779541,,
2026-07-20,006800,13.15999984741211,,
2026-07-20,007070,21.260000228881836,,
2026-07-20,008770,34.439998626708984,,
2026-07-20,008930,23.549999237060547,,
2026-07-20,009150,2.200000047683716,,
2026-07-20,009830,16.530000686645508,,
2026-07-20,010130,7.420000076293945,,
2026-07-20,010140,14.270000457763672,,
2026-07-20,010950,8.079999923706055,,
2026-07-20,011070,14.010000228881836,,
2026-07-20,011170,13.75,,
2026-07-20,011200,5.199999809265137,,
2026-07-20,012330,14.149999618530273,,
2026-07-20,012450,3.359999895095825,,
2026-07-20,015760,4.75,,
2026-07-20,017670,1.3899999856948853,,
2026-07-20,018260,18.93000030517578,,
2026-07-20,021240,15.300000190734863,,
2026-07-20,024110,16.90999984741211,,
2026-07-20,028260,1.7699999809265137,,
2026-07-20,029780,21.790000915527344,,
2026-07-20,030200,0.3700000047683716,,
2026-07-20,032830,2.930000066757202,,
2026-07-20,033780,21.799999237060547,,
2026-07-20,034730,7.460000038146973,,
2026-07-20,035420,13.619999885559082,,
2026-07-20,035720,13.520000457763672,,
2026-07-20,036570,6.349999904632568,,
2026-07-20,042660,16.149999618530273,,
2026-07-20,047050,38.86000061035156,,
2026-07-20,047810,30.899999618530273,,
2026-07-20,051900,11.399999618530273,,
2026-07-20,051910,12.399999618530273,,
2026-07-20,052690,9.680000305175781,,
2026-07-20,055550,11.890000343322754,,
2026-07-20,058470,6.71999979019165,,
2026-07-20,064350,15.569999694824219,,
2026-07-20,066570,12.920000076293945,,
2026-07-20,068270,5.230000019073486,,
2026-07-20,069960,12.850000381469727,,
2026-07-20,071050,12.84000015258789,,
2026-07-20,078930,5.449999809265137,,
2026-07-20,086790,13.020000457763672,,
2026-07-20,088350,12.800000190734863,,
2026-07-20,090430,23.5,,
2026-07-20,093370,10.479999542236328,,
2026-07-20,096770,4.75,,
2026-07-20,097950,12.90999984741211,,
2026-07-20,105560,9.520000457763672,,
2026-07-20,111770,17.1299991607666,,
2026-07-20,120110,6.03000020980835,,
2026-07-20,128940,6.489999771118164,,
2026-07-20,138040,36.779998779296875,,
2026-07-20,139480,11.800000190734863,,
2026-07-20,161390,25.959999084472656,,
2026-07-20,185750,24.639999389648438,,
2026-07-20,207940,13.649999618530273,,
2026-07-20,214370,1.3300000429153442,,
2026-07-20,241560,16.639999389648438,,
2026-07-20,251270,7.5,,
2026-07-20,259960,19.40999984741211,,
2026-07-20,267250,6.710000038146973,,
2026-07-20,267260,2.609999895095825,,
2026-07-20,271560,11.75,,
2026-07-20,272210,25.1299991607666,,
2026-07-20,316140,11.130000114440918,,
2026-07-20,323410,26.979999542236328,,
2026-07-20,326030,10.829999923706055,,
2026-07-20,329180,7.900000095367432,,
2026-07-20,347860,0.4300000071525574,,
2026-07-20,357780,11.5600004196167,,
2026-07-20,373220,26.020000457763672,,
2026-07-20,375500,11.5,,
2026-07-20,402340,3.9000000953674316,,
2026-07-20,450080,12.75,,
2026-07-20,456040,7.349999904632568,,
2026-07-21,000100,20.479999542236328,,
2026-07-21,000150,10.520000457763672,,
2026-07-21,000270,9.75,,
2026-07-21,000660,1.0700000524520874,,
2026-07-21,000720,15.479999542236328,,
2026-07-21,000810,17.469999313354492,,
2026-07-21,000990,4.53000020980835,,
2026-07-21,001450,8.260000228881836,,
2026-07-21,001570,0.0,,
2026-07-21,002380,2.5,,
2026-07-21,002790,26.489999771118164,,
2026-07-21,003550,17.479999542236328,,
2026-07-21,003670,12.029999732971191,,
2026-07-21,004020,4.21999979019165,,
2026-07-21,004170,13.25,,
2026-07-21,004990,5.389999866485596,,
2026-07-21,005380,3.9700000286102295,,
2026-07-21,005387,4.21999979019165,,
2026-07-21,005490,12.0600004196167,,
2026-07-21,005830,5.210000038146973,,
2026-07-21,005930,1.5099999904632568,,
2026-07-21,005935,1.7400000095367432,,
2026-07-21,006280,35.25,,
2026-07-21,006400,5.75,,
2026-07-21,006800,7.159999847412109,,
2026-07-21,007070,8.9399995803833,,
2026-07-21,008770,0.3199999928474426,,
2026-07-21,008930,16.579999923706055,,
2026-07-21,009150,4.449999809265137,,
2026-07-21,009830,10.140000343322754,,
2026-07-21,010130,10.25,,
2026-07-21,010140,17.600000381469727,,
2026-07-21,010950,4.909999847412109,,
2026-07-21,011070,4.679999828338623,,
2026-07-21,011170,11.119999885559082,,
2026-07-21,011200,5.820000171661377,,
2026-07-21,012330,10.109999656677246,,
2026-07-21,012450,5.090000152587891,,
2026-07-21,015760,0.8199999928474426,,
2026-07-21,017670,0.30000001192092896,,
2026-07-21,018260,11.279999732971191,,
2026-07-21,021240,15.170000076293945,,
2026-07-21,024110,14.319999694824219,,
2026-07-21,028260,2.5899999141693115,,
2026-07-21,029780,12.859999656677246,,
2026-07-21,030200,9.350000381469727,,
2026-07-21,032830,3.380000114440918,,
2026-07-21,033780,8.779999732971191,,
2026-07-21,034730,5.369999885559082,,
2026-07-21,035420,9.960000038146973,,
2026-07-21,035720,11.9399995803833,,
2026-07-21,036570,18.610000610351562,,
2026-07-21,042660,5.989999771118164,,
2026-07-21,047050,21.8799991607666,,
2026-07-21,047810,28.34000015258789,,
2026-07-21,051900,25.110000610351562,,
2026-07-21,051910,10.0,,
2026-07-21,052690,23.09000015258789,,
2026-07-21,055550,6.369999885559082,,
2026-07-21,058470,11.979999542236328,,
2026-07-21,064350,12.470000267028809,,
2026-07-21,066570,7.670000076293945,,
2026-07-21,068270,10.270000457763672,,
2026-07-21,069960,21.81999969482422,,
2026-07-21,071050,13.420000076293945,,
2026-07-21,078930,11.09000015258789,,
2026-07-21,086790,3.7200000286102295,,
2026-07-21,088350,4.070000171661377,,
2026-07-21,090430,16.100000381469727,,
2026-07-21,093370,9.770000457763672,,
2026-07-21,096770,3.1600000858306885,,
2026-07-21,097950,4.75,,
2026-07-21,105560,7.860000133514404,,
2026-07-21,111770,11.039999961853027,,
2026-07-21,120110,14.789999961853027,,
2026-07-21,128940,10.420000076293945,,
2026-07-21,138040,14.170000076293945,,
2026-07-21,139480,6.349999904632568,,
2026-07-21,161390,12.130000114440918,,
2026-07-21,185750,15.520000457763672,,
2026-07-21,207940,10.0600004196167,,
2026-07-21,214370,6.710000038146973,,
2026-07-21,241560,11.640000343322754,,
2026-07-21,251270,7.690000057220459,,
2026-07-21,259960,16.540000915527344,,
2026-07-21,267250,3.430000066757202,,
2026-07-21,267260,1.6699999570846558,,
2026-07-21,271560,7.690000057220459,,
2026-07-21,272210,18.299999237060547,,
2026-07-21,316140,2.2699999809265137,,
2026-07-21,323410,30.18000030517578,,
2026-07-21,326030,6.550000190734863,,
2026-07-21,329180,3.950000047683716,,
2026-07-21,347860,0.6299999952316284,,
2026-07-21,357780,15.239999771118164,,
2026-07-21,373220,11.890000343322754,,
2026-07-21,375500,13.319999694824219,,
2026-07-21,402340,4.820000171661377,,
2026-07-21,450080,5.849999904632568,,
2026-07-21,456040,5.510000228881836,,
